date,BF B,div_BF B,div_cumsum_BF B,div_adj_BF B,BF B*,BF A,div_BF A,div_cumsum_BF A,div_adj_BF A,BF A*,ratio*,ratio*_ma
2026-01-02,26.14,0.0,0.0,0.0,26.14,26.22,0.0,0.0,0.0,26.22,1.0030604437643458,
2026-01-05,25.81,0.0,0.0,0.0,25.81,26.0,0.0,0.0,0.0,26.0,1.0073614877954282,
2026-01-06,26.1,0.0,0.0,0.0,26.1,26.25,0.0,0.0,0.0,26.25,1.0057471264367817,
2026-01-07,25.35,0.0,0.0,0.0,25.35,25.53,0.0,0.0,0.0,25.53,1.0071005917159763,
2026-01-08,25.69,0.0,0.0,0.0,25.69,25.86,0.0,0.0,0.0,25.86,1.006617360840794,
2026-01-09,25.96,0.0,0.0,0.0,25.96,26.13,0.0,0.0,0.0,26.13,1.006548536209553,
2026-01-12,26.62,0.0,0.0,0.0,26.62,26.85,0.0,0.0,0.0,26.85,1.008640120210368,
2026-01-13,26.35,0.0,0.0,0.0,26.35,26.69,0.0,0.0,0.0,26.69,1.0129032258064516,
2026-01-14,27.2,0.0,0.0,0.0,27.2,27.37,0.0,0.0,0.0,27.37,1.00625,
2026-01-15,27.42,0.0,0.0,0.0,27.42,27.65,0.0,0.0,0.0,27.65,1.0083880379285193,
2026-01-16,26.4,0.0,0.0,0.0,26.4,26.62,0.0,0.0,0.0,26.62,1.0083333333333335,
2026-01-20,27.19,0.0,0.0,0.0,27.19,27.47,0.0,0.0,0.0,27.47,1.0102979036410444,
2026-01-21,28.01,0.0,0.0,0.0,28.01,28.16,0.0,0.0,0.0,28.16,1.0053552302749018,
2026-01-22,27.93,0.0,0.0,0.0,27.93,28.23,0.0,0.0,0.0,28.23,1.0107411385606875,
2026-01-23,27.57,0.0,0.0,0.0,27.57,27.86,0.0,0.0,0.0,27.86,1.010518679724338,
2026-01-26,27.41,0.0,0.0,0.0,27.41,27.69,0.0,0.0,0.0,27.69,1.0102152499087924,
2026-01-27,26.77,0.0,0.0,0.0,26.77,27.13,0.0,0.0,0.0,27.13,1.0134478894284646,
2026-01-28,26.31,0.0,0.0,0.0,26.31,26.75,0.0,0.0,0.0,26.75,1.016723679209426,
2026-01-29,26.9,0.0,0.0,0.0,26.9,27.32,0.0,0.0,0.0,27.32,1.0156133828996283,
2026-01-30,27.37,0.0,0.0,0.0,27.37,27.83,0.0,0.0,0.0,27.83,1.0168067226890756,1.0095335070188955
2026-02-02,27.12,0.0,0.0,0.0,27.12,27.58,0.0,0.0,0.0,27.58,1.016961651917404,1.0102285674265483
2026-02-03,28.15,0.0,0.0,0.0,28.15,28.61,0.0,0.0,0.0,28.61,1.016341030195382,1.0106775445465463
2026-02-04,29.29,0.0,0.0,0.0,29.29,29.73,0.0,0.0,0.0,29.73,1.0150221918743598,1.0111412978184249
2026-02-05,28.97,0.0,0.0,0.0,28.97,29.42,0.0,0.0,0.0,29.42,1.0155333103210218,1.0115629337486773
2026-02-06,29.45,0.0,0.0,0.0,29.45,29.83,0.0,0.0,0.0,29.83,1.0129032258064516,1.01187722699696
2026-02-09,29.48,0.0,0.0,0.0,29.48,29.97,0.0,0.0,0.0,29.97,1.0166214382632293,1.012380872099644
2026-02-10,29.91,0.0,0.0,0.0,29.91,30.32,0.0,0.0,0.0,30.32,1.013707790036777,1.0126342555909644
2026-02-11,30.28,0.0,0.0,0.0,30.28,30.58,0.0,0.0,0.0,30.58,1.009907529722589,1.0124844707867715
2026-02-12,30.67,0.0,0.0,0.0,30.67,30.84,0.0,0.0,0.0,30.84,1.0055428757743723,1.01244911457549
2026-02-13,29.95,0.0,0.0,0.0,29.95,30.22,0.0,0.0,0.0,30.22,1.0090150250417362,1.0124804639311509
2026-02-17,29.26,0.0,0.0,0.0,29.26,29.45,0.0,0.0,0.0,29.45,1.0064935064935063,1.0123884725891594
2026-02-18,29.42,0.0,0.0,0.0,29.42,29.82,0.0,0.0,0.0,29.82,1.0135961930659414,1.0125533870604042
2026-02-19,29.42,0.0,0.0,0.0,29.42,29.92,0.0,0.0,0.0,29.92,1.016995241332427,1.0131353876132805
2026-02-20,29.99,0.0,0.0,0.0,29.99,30.34,0.0,0.0,0.0,30.34,1.0116705568522841,1.0131818585278602
2026-02-23,30.2,0.0,0.0,0.0,30.2,30.7,0.0,0.0,0.0,30.7,1.0165562913907285,1.01348373911118
2026-02-24,30.42,0.0,0.0,0.0,30.42,30.87,0.0,0.0,0.0,30.87,1.014792899408284,1.0137126215861545
2026-02-25,28.1,0.0,0.0,0.0,28.1,28.67,0.0,0.0,0.0,28.67,1.0202846975088968,1.0140544619901761
2026-02-26,28.48,0.0,0.0,0.0,28.48,29.06,0.0,0.0,0.0,29.06,1.0203651685393258,1.014236536456671
2026-02-27,28.86,0.0,0.0,0.0,28.86,29.36,0.0,0.0,0.0,29.36,1.0173250173250172,1.0143221181779405
2026-03-02,28.85,0.0,0.0,0.0,28.85,29.29,0.0,0.0,0.0,29.29,1.0152512998266896,1.0142443470348212
2026-03-03,28.13,0.0,0.0,0.0,28.13,28.49,0.0,0.0,0.0,28.49,1.0127977248489157,1.0140361506813969
2026-03-04,26.26,0.0,0.0,0.0,26.26,26.84,0.0,0.0,0.0,26.84,1.022086824067022,1.0143234403749788
2026-03-05,26.12,0.0,0.0,0.0,26.12,26.7,0.0,0.0,0.0,26.7,1.0222052067381315,1.0146825911181674
2026-03-06,25.26,0.0,0.0,0.0,25.26,25.74,0.0,0.0,0.0,25.74,1.019002375296912,1.0148560443669619
2026-03-09,24.88,0.0,0.0,0.0,24.88,25.42,0.0,0.0,0.0,25.42,1.0217041800643087,1.0152960920798548
2026-03-10,25.4,0.0,0.0,0.0,25.4,25.79,0.0,0.0,0.0,25.79,1.0153543307086614,1.0152327367021265
2026-03-11,24.22,0.0,0.0,0.0,24.22,24.67,0.0,0.0,0.0,24.67,1.018579686209744,1.0154763315107747
2026-03-12,23.07,0.0,0.0,0.0,23.07,23.58,0.0,0.0,0.0,23.58,1.0221066319895968,1.0160862866241251
2026-03-13,23.49,0.0,0.0,0.0,23.49,23.85,0.0,0.0,0.0,23.85,1.0153256704980844,1.0165754263603106
2026-03-16,23.08,0.0,0.0,0.0,23.08,23.5,0.0,0.0,0.0,23.5,1.0181975736568458,1.017034553791066
2026-03-17,23.15,0.0,0.0,0.0,23.15,23.54,0.0,0.0,0.0,23.54,1.0168466522678186,1.0175522110797819
2026-03-18,22.94,0.0,0.0,0.0,22.94,23.22,0.0,0.0,0.0,23.22,1.012205754141238,1.0174826891335464
2026-03-19,23.31,0.0,0.0,0.0,23.31,23.59,0.0,0.0,0.0,23.59,1.012012012012012,1.017233527667526
2026-03-20,22.8,0.0,0.0,0.0,22.8,23.33,0.0,0.0,0.0,23.33,1.0232456140350876,1.017812280526666
2026-03-23,22.93,0.0,0.0,0.0,22.93,23.37,0.0,0.0,0.0,23.37,1.019188835586568,1.0179439077364578
2026-03-24,22.8,0.0,0.0,0.0,22.8,23.2,0.0,0.0,0.0,23.2,1.0175438596491226,1.0180814557485
2026-03-25,23.49,0.0,0.0,0.0,23.49,23.87,0.0,0.0,0.0,23.87,1.0161770966368668,1.0178760757048984
2026-03-26,25.74,0.0,0.0,0.0,25.74,25.99,0.0,0.0,0.0,25.99,1.0097125097125097,1.0173434427635577
2026-03-27,27.19,0.0,0.0,0.0,27.19,27.19,0.0,0.0,0.0,27.19,1.0,1.0164771918973068
2026-03-30,26.71,0.0,0.0,0.0,26.71,26.93,0.0,0.0,0.0,26.93,1.0082366154998128,1.0161264576809628
2026-03-31,26.44,0.0,0.0,0.0,26.44,26.79,0.0,0.0,0.0,26.79,1.0132375189107412,1.016148447384054
2026-04-01,26.51,0.0,0.0,0.0,26.51,26.86,0.0,0.0,0.0,26.86,1.013202565069785,1.0157042344341924
2026-04-02,26.75,0.0,0.0,0.0,26.75,27.09,0.0,0.0,0.0,27.09,1.0127102803738317,1.0152294881159774
2026-04-06,26.73,0.0,0.0,0.0,26.73,27.14,0.0,0.0,0.0,27.14,1.0153385708941265,1.0150462978958381
2026-04-07,26.55,0.0,0.0,0.0,26.55,26.68,0.0,0.0,0.0,26.68,1.0048964218455743,1.0142059099849012
2026-04-08,26.85,0.0,0.0,0.0,26.85,27.28,0.0,0.0,0.0,27.28,1.0160148975791434,1.0142389383284254
2026-04-09,30.31,0.0,0.0,0.0,30.31,30.4,0.0,0.0,0.0,30.4,1.0029693170570768,1.0134584198707919
2026-04-10,29.49,0.0,0.0,0.0,29.49,29.7,0.0,0.0,0.0,29.7,1.007121057985758,1.0127091411706002
2026-04-13,29.27,0.0,0.0,0.0,29.27,29.59,0.0,0.0,0.0,29.59,1.0109326955927571,1.0124894924253338
2026-04-14,29.21,0.0,0.0,0.0,29.21,29.67,0.0,0.0,0.0,29.67,1.015748031496063,1.0123670153172948
2026-04-15,29.57,0.0,0.0,0.0,29.57,30.08,0.0,0.0,0.0,30.08,1.0172472100101453,1.0123870432044109
2026-04-16,29.46,0.0,0.0,0.0,29.46,29.78,0.0,0.0,0.0,29.78,1.0108621860149356,1.0123198647980958
2026-04-17,29.15,0.0,0.0,0.0,29.15,29.73,0.0,0.0,0.0,29.73,1.0198970840480275,1.0127141183998967
2026-04-20,29.26,0.0,0.0,0.0,29.26,29.85,0.0,0.0,0.0,29.85,1.020164046479836,1.0125600400221342
2026-04-21,28.75,0.0,0.0,0.0,28.75,29.37,0.0,0.0,0.0,29.37,1.0215652173913043,1.012678859112371
2026-04-22,28.53,0.0,0.0,0.0,28.53,28.98,0.0,0.0,0.0,28.98,1.0157728706624605,1.0125903096630378
2026-04-23,28.4,0.0,0.0,0.0,28.4,28.93,0.0,0.0,0.0,28.93,1.018661971830986,1.0127145534227437
2026-04-24,28.31,0.0,0.0,0.0,28.31,28.9,0.0,0.0,0.0,28.9,1.020840692334864,1.0132709625538614
2026-04-27,27.59,0.0,0.0,0.0,27.59,28.12,0.0,0.0,0.0,28.12,1.0192098586444365,1.0142314554860832
2026-04-28,27.73,0.0,0.0,0.0,27.73,28.4,0.0,0.0,0.0,28.4,1.0241615578795527,1.0150277026050702
2026-04-29,24.87,0.0,0.0,0.0,24.87,25.4,0.0,0.0,0.0,25.4,1.021310816244471,1.0154313674717568
2026-04-30,25.77,0.0,0.0,0.0,25.77,26.28,0.0,0.0,0.0,26.28,1.019790454016298,1.0157607619190825
2026-05-01,25.55,0.0,0.0,0.0,25.55,26.18,0.0,0.0,0.0,26.18,1.0246575342465754,1.0163581246127196
2026-05-04,24.66,0.0,0.0,0.0,24.66,25.16,0.0,0.0,0.0,25.16,1.0202757502027575,1.016604983578151
2026-05-05,26.26,0.0,0.0,0.0,26.26,26.85,0.0,0.0,0.0,26.85,1.0224676313785224,1.0174835440547985
2026-05-06,26.98,0.0,0.0,0.0,26.98,27.55,0.0,0.0,0.0,27.55,1.0211267605633803,1.0177391372040103
2026-05-07,27.38,0.0,0.0,0.0,27.38,28.2,0.0,0.0,0.0,28.2,1.0299488677867057,1.019088114740492
2026-05-08,27.68,0.0,0.0,0.0,27.68,28.36,0.0,0.0,0.0,28.36,1.0245664739884393,1.0199603855406258
2026-05-11,26.83,0.0,0.0,0.0,26.83,27.46,0.0,0.0,0.0,27.46,1.0234811777860604,1.0205878096502912
2026-05-12,26.56,0.0,0.0,0.0,26.56,27.35,0.0,0.0,0.0,27.35,1.0297439759036147,1.0212876068706687
2026-05-13,26.16,0.0,0.0,0.0,26.16,27.02,0.0,0.0,0.0,27.02,1.032874617737003,1.0220689772570117
2026-05-14,26.09,0.0,0.0,0.0,26.09,26.87,0.0,0.0,0.0,26.87,1.0298965120735915,1.0230206935599444
2026-05-15,26.38,0.0,0.0,0.0,26.38,27.36,0.0,0.0,0.0,27.36,1.0371493555724034,1.023883307136163
2026-05-18,26.25,0.0,0.0,0.0,26.25,27.12,0.0,0.0,0.0,27.12,1.0331428571428571,1.0245322476693142
2026-05-19,25.92,0.0,0.0,0.0,25.92,26.69,0.0,0.0,0.0,26.69,1.0297067901234567,1.0249393263059217
2026-05-20,25.64,0.0,0.0,0.0,25.64,26.43,0.0,0.0,0.0,26.43,1.030811232449298,1.0256912443952637
2026-05-21,26.04,0.0,0.0,0.0,26.04,26.85,0.0,0.0,0.0,26.85,1.0311059907834101,1.0263134453428848
2026-05-22,26.2,0.0,0.0,0.0,26.2,26.99,0.0,0.0,0.0,26.99,1.0301526717557252,1.026779044313928
2026-05-26,25.38,0.0,0.0,0.0,25.38,26.14,0.0,0.0,0.0,26.14,1.0299448384554768,1.02731579330448
2026-05-27,25.94,0.0,0.0,0.0,25.94,26.72,0.0,0.0,0.0,26.72,1.0300693909020817,1.0276111849556064
2026-05-28,25.96,0.0,0.0,0.0,25.96,26.74,0.0,0.0,0.0,26.74,1.030046224961479,1.0280479553914568
2026-05-29,25.72,0.0,0.0,0.0,25.72,26.73,0.0,0.0,0.0,26.73,1.0392690513219285,1.0290218852567383
2026-06-01,25.16,0.0,0.0,0.0,25.16,25.88,0.0,0.0,0.0,25.88,1.028616852146264,1.0292198511517228
2026-06-02,24.94,0.0,0.0,0.0,24.94,25.79,0.0,0.0,0.0,25.79,1.0340817963111466,1.0299101534571422
2026-06-03,24.76,0.0,0.0,0.0,24.76,25.54,0.0,0.0,0.0,25.54,1.0315024232633279,1.0303618930513825
2026-06-04,25.46,0.0,0.0,0.0,25.46,26.3,0.0,0.0,0.0,26.3,1.03299293008641,1.030955201527534
2026-06-05,26.16,0.0,0.0,0.0,26.16,26.69,0.0,0.0,0.0,26.69,1.0202599388379205,1.0304707550800947
2026-06-08,26.44,0.0,0.0,0.0,26.44,26.96,0.0,0.0,0.0,26.96,1.0196671709531013,1.0302257899283278
2026-06-09,26.73,0.0,0.0,0.0,26.73,27.12,0.0,0.0,0.0,27.12,1.0145903479236813,1.0297812484352087
2026-06-10,26.53,0.0,0.0,0.0,26.53,26.85,0.0,0.0,0.0,26.85,1.0120618168111573,1.028897140480586
2026-06-11,26.68,0.0,0.0,0.0,26.68,27.26,0.0,0.0,0.0,27.26,1.0217391304347827,1.0283403661154749
2026-06-12,27.01,0.0,0.0,0.0,27.01,27.4,0.0,0.0,0.0,27.4,1.0144390966308774,1.0275674953433391
2026-06-15,26.94,0.0,0.0,0.0,26.94,27.15,0.0,0.0,0.0,27.15,1.007795100222717,1.0260997825758549
2026-06-16,26.61,0.0,0.0,0.0,26.61,26.7,0.0,0.0,0.0,26.7,1.003382187147689,1.0246117490760966
2026-06-17,25.51,0.0,0.0,0.0,25.51,25.52,0.0,0.0,0.0,25.52,1.000392003136025,1.023146009726725
2026-06-18,26.64,0.0,0.0,0.0,26.64,26.64,0.0,0.0,0.0,26.64,1.0,1.02160544810426
2026-06-22,27.26,0.0,0.0,0.0,27.26,27.29,0.0,0.0,0.0,27.29,1.0011005135730007,1.0201051742437397
2026-06-23,27.24,0.0,0.0,0.0,27.24,27.25,0.0,0.0,0.0,27.25,1.000367107195301,1.0186158960157186
2026-06-24,27.8,0.0,0.0,0.0,27.8,28.07,0.0,0.0,0.0,28.07,1.0097122302158272,1.0176042656037358
2026-06-25,27.68,0.0,0.0,0.0,27.68,28.14,0.0,0.0,0.0,28.14,1.0166184971098267,1.016931720914123
2026-06-26,27.96,0.0,0.0,0.0,27.96,28.62,0.0,0.0,0.0,28.62,1.0236051502145922,1.016609667176779
2026-06-29,27.72,0.0,0.0,0.0,27.72,28.25,0.0,0.0,0.0,28.25,1.019119769119769,1.015602203066671
2026-06-30,26.65,0.0,0.0,0.0,26.65,27.36,0.0,0.0,0.0,27.36,1.026641651031895,1.0155034430109524
2026-07-01,25.83,0.0,0.0,0.0,25.83,26.52,0.0,0.0,0.0,26.52,1.0267131242740999,1.0151350094091
2026-07-02,26.16,0.0,0.0,0.0,26.16,26.76,0.0,0.0,0.0,26.76,1.0229357798165137,1.0147066772367594
2026-07-06,25.75,0.0,0.0,0.0,25.75,26.46,0.0,0.0,0.0,26.46,1.0275728155339807,1.0144356715091378
2026-07-07,25.91,0.0,0.0,0.0,25.91,26.51,0.0,0.0,0.0,26.51,1.023157082207642,1.014580528677624
2026-07-08,25.78,0.0,0.0,0.0,25.78,26.36,0.0,0.0,0.0,26.36,1.0224980605120249,1.01472207315557
2026-07-09,25.22,0.0,0.0,0.0,25.22,25.69,0.0,0.0,0.0,25.69,1.0186360031720858,1.0149243559179904
2026-07-10,26.17,0.0,0.0,0.0,26.17,26.6,0.0,0.0,0.0,26.6,1.0164310278945357,1.0151428164721592
2026-07-13,26.25,0.0,0.0,0.0,26.25,26.67,0.0,0.0,0.0,26.67,1.016,1.0148558599504203
2026-07-14,25.1,0.0,0.0,0.0,25.1,25.71,0.0,0.0,0.0,25.71,1.0243027888446214,1.0153490445611073
2026-07-15,25.07,0.0,0.0,0.0,25.07,25.47,0.0,0.0,0.0,25.47,1.0159553250897486,1.015757055804459
2026-07-16,25.96,0.0,0.0,0.0,25.96,26.38,0.0,0.0,0.0,26.38,1.0161787365177195,1.0163968832729604
2026-07-17,25.58,0.0,0.0,0.0,25.58,26.13,0.0,0.0,0.0,26.13,1.021501172791243,1.0174523417557215
2026-07-20,26.41,0.0,0.0,0.0,26.41,27.03,0.0,0.0,0.0,27.03,1.0234759560772435,1.0186261395595835
2026-07-21,26.29,0.0,0.0,0.0,26.29,26.75,0.0,0.0,0.0,26.75,1.0174971472042602,1.0194459712411466
2026-07-22,26.41,0.0,0.0,0.0,26.41,26.9,0.0,0.0,0.0,26.9,1.0185535781900794,1.0203552947908854
2026-07-23,25.7,0.0,0.0,0.0,25.7,26.25,0.0,0.0,0.0,26.25,1.0214007782101167,1.0209397221905998
2026-07-24,26.08,0.0,0.0,0.0,26.08,26.71,0.0,0.0,0.0,26.71,1.0241564417177915,1.0213166194209982
2026-07-27,27.4,0.0,0.0,0.0,27.4,27.93,0.0,0.0,0.0,27.93,1.0193430656934308,1.02110351519494
2026-07-28,28.9,0.0,0.0,0.0,28.9,29.3,0.0,0.0,0.0,29.3,1.013840830449827,1.020839568261443
2026-07-29,29.52,0.0,0.0,0.0,29.52,29.87,0.0,0.0,0.0,29.87,1.0118563685636857,1.0201003041380325
2026-07-30,28.83,0.0,0.0,0.0,28.83,29.21,0.0,0.0,0.0,29.21,1.0131807145334721,1.0194236836510011
2026-07-31,28.73,0.0,0.0,0.0,28.73,29.22,0.0,0.0,0.0,29.22,1.017055342847198,1.0191296618025354
2026-08-03,27.81,0.0,0.0,0.0,27.81,28.12,0.0,0.0,0.0,28.12,1.0111470693994966,1.018308374495811
2026-08-04,28.47,0.0,0.0,0.0,28.47,28.86,0.0,0.0,0.0,28.86,1.0136986301369864,1.0178354518922785
2026-08-05,28.38,0.0,0.0,0.0,28.38,28.69,0.0,0.0,0.0,28.69,1.0109231853417902,1.0172567081337667
2026-08-06,28.27,0.0,0.0,0.0,28.27,28.62,0.0,0.0,0.0,28.62,1.012380615493456,1.0169439387498351
2026-08-07,28.52,0.0,0.0,0.0,28.52,29.06,0.0,0.0,0.0,29.06,1.0189340813464236,1.0170690914224294
2026-08-10,28.19,0.0,0.0,0.0,28.19,28.68,0.0,0.0,0.0,28.68,1.0173820503724724,1.017138193941053
2026-08-11,28.03,0.0,0.0,0.0,28.03,28.41,0.0,0.0,0.0,28.41,1.0135569033178737,1.0166008996647158
2026-08-12,27.92,0.0,0.0,0.0,27.92,28.4,0.0,0.0,0.0,28.4,1.0171919770773639,1.0166627322640964
2026-08-13,28.03,0.0,0.0,0.0,28.03,28.55,0.0,0.0,0.0,28.55,1.0185515519086692,1.016781373033644
2026-08-14,28.42,0.0,0.0,0.0,28.42,28.9,0.0,0.0,0.0,28.9,1.01688951442646,1.0165507901154047
2026-08-17,27.58,0.0,0.0,0.0,27.58,28.05,0.0,0.0,0.0,28.05,1.0170413343002176,1.0162290590265535
2026-08-18,27.15,0.0,0.0,0.0,27.15,27.8,0.0,0.0,0.0,27.8,1.0239410681399632,1.0165512550733387
2026-08-19,28.43,0.0,0.0,0.0,28.43,29.2,0.0,0.0,0.0,29.2,1.0270840661273302,1.0169777794702013
2026-08-20,28.41,0.0,0.0,0.0,28.41,28.96,0.0,0.0,0.0,28.96,1.019359380499824,1.0168757095846865
2026-08-21,28.44,0.0,0.0,0.0,28.44,29.06,0.0,0.0,0.0,29.06,1.0218002812939522,1.0167579015634947
2026-08-24,28.75,0.0,0.0,0.0,28.75,29.35,0.0,0.0,0.0,29.35,1.0208695652173914,1.0168342265396926
2026-08-25,28.18,0.0,0.0,0.0,28.18,28.92,0.0,0.0,0.0,28.92,1.0262597586941093,1.0174551729519066
2026-08-26,28.07,0.0,0.0,0.0,28.07,28.72,0.0,0.0,0.0,28.72,1.023156394727467,1.0180201742600958
2026-08-27,27.28,0.0,0.0,0.0,27.28,27.74,0.0,0.0,0.0,27.74,1.0168621700879765,1.018204247037821
2026-08-28,27.22,0.0,0.0,0.0,27.22,27.75,0.0,0.0,0.0,27.75,1.0194709772226305,1.0183250287565928
2026-08-31,26.57,0.0,0.0,0.0,26.57,27.24,0.0,0.0,0.0,27.24,1.0252164094843808,1.0190284957608369
2026-09-01,26.36,0.0,0.0,0.0,26.36,27.01,0.0,0.0,0.0,27.01,1.0246585735963583,1.0195764929338054
2026-09-02,27.38,0.0,0.0,0.0,27.38,27.92,0.0,0.0,0.0,27.92,1.0197224251278307,1.0200164549231077
2026-09-03,27.51,0.0,0.0,0.0,27.51,27.92,0.0,0.0,0.0,27.92,1.014903671392221,1.0201426077180458
2026-09-04,26.73,0.0,0.0,0.0,26.73,27.13,0.0,0.0,0.0,27.13,1.0149644594089038,1.0199441266211697
2026-09-08,26.39,0.0,0.0,0.0,26.39,26.78,0.0,0.0,0.0,26.78,1.0147783251231528,1.0198139403587037
2026-09-09,26.15,0.0,0.0,0.0,26.15,26.56,0.0,0.0,0.0,26.56,1.015678776290631,1.0199200340073415
2026-09-10,26.59,0.0,0.0,0.0,26.59,26.98,0.0,0.0,0.0,26.98,1.0146671681083115,1.019793793558889
2026-09-11,26.22,0.0,0.0,0.0,26.22,26.64,0.0,0.0,0.0,26.64,1.0160183066361557,1.0196671312952632
2026-09-14,26.24,0.0,0.0,0.0,26.24,26.75,0.0,0.0,0.0,26.75,1.0194359756097562,1.0197944543544282
2026-09-15,26.18,0.0,0.0,0.0,26.18,26.61,0.0,0.0,0.0,26.61,1.0164247517188694,1.019763625225361
2026-09-16,25.74,0.0,0.0,0.0,25.74,26.27,0.0,0.0,0.0,26.27,1.0205905205905206,1.0195960978478886
2026-09-17,26.5,0.0,0.0,0.0,26.5,26.85,0.0,0.0,0.0,26.85,1.0132075471698114,1.0189022719000127
2026-09-18,25.94,0.0,0.0,0.0,25.94,26.52,0.0,0.0,0.0,26.52,1.0223592906707786,1.0190522674085603
2026-09-21,26.15,0.0,0.0,0.0,26.15,26.73,0.0,0.0,0.0,26.73,1.0221797323135755,1.0190712399595416
2026-09-22,26.56,0.0,0.0,0.0,26.56,26.94,0.0,0.0,0.0,26.94,1.0143072289156627,1.0187431231444553
2026-09-23,26.29,0.0,0.0,0.0,26.29,26.62,0.0,0.0,0.0,26.62,1.0125523012552302,1.0180577502725112
2026-09-24,26.0,0.0,0.0,0.0,26.0,26.4,0.0,0.0,0.0,26.4,1.0153846153846153,1.0176691613053686
2026-09-25,26.16,0.0,0.0,0.0,26.16,26.69,0.0,0.0,0.0,26.69,1.0202599388379205,1.0178390497428658
2026-09-28,26.03,0.0,0.0,0.0,26.03,26.57,0.0,0.0,0.0,26.57,1.0207452938916635,1.0179027655763175
2026-09-29,26.29,0.0,0.0,0.0,26.29,26.85,0.0,0.0,0.0,26.85,1.0213008748573602,1.0177069888449666
2026-09-30,26.2,0.0,0.0,0.0,26.2,26.83,0.0,0.0,0.0,26.83,1.0240458015267175,1.0176763502414843
2026-10-01,25.97,0.0,0.0,0.0,25.97,26.59,0.0,0.0,0.0,26.59,1.0238737004235656,1.0178839140062712
2026-10-02,26.16,0.0,0.0,0.0,26.16,26.67,0.0,0.0,0.0,26.67,1.0194954128440368,1.018113501078862
2026-10-05,26.27,0.0,0.0,0.0,26.27,26.79,0.0,0.0,0.0,26.79,1.0197944423296537,1.0183550002248993
2026-10-06,26.35,0.0,0.0,0.0,26.35,26.9,0.0,0.0,0.0,26.9,1.0208728652751422,1.018659727232499
2026-10-07,26.45,0.0,0.0,0.0,26.45,26.83,0.0,0.0,0.0,26.83,1.014366729678639,1.0185941249018993
