date,FUTY,div_FUTY,div_cumsum_FUTY,div_adj_FUTY,FUTY*,VPU,div_VPU,div_cumsum_VPU,div_adj_VPU,VPU*,ratio*,ratio*_ma
2026-01-02,55.86,0.0,0.0,0.0,55.86,187.22,0.0,0.0,0.0,187.22,3.3515932688865018,
2026-01-05,55.32,0.0,0.0,0.0,55.32,185.45,0.0,0.0,0.0,185.45,3.3523138105567605,
2026-01-06,55.62,0.0,0.0,0.0,55.62,186.42,0.0,0.0,0.0,186.42,3.3516720604099244,
2026-01-07,54.35,0.0,0.0,0.0,54.35,182.18,0.0,0.0,0.0,182.18,3.3519779208831646,
2026-01-08,54.52,0.0,0.0,0.0,54.52,182.68,0.0,0.0,0.0,182.68,3.350696991929567,
2026-01-09,55.15,0.0,0.0,0.0,55.15,184.95,0.0,0.0,0.0,184.95,3.3535811423390753,
2026-01-12,55.28,0.0,0.0,0.0,55.28,185.21,0.0,0.0,0.0,185.21,3.350397973950796,
2026-01-13,55.62,0.0,0.0,0.0,55.62,186.37,0.0,0.0,0.0,186.37,3.350773103200288,
2026-01-14,56.01,0.0,0.0,0.0,56.01,187.64,0.0,0.0,0.0,187.64,3.350116050705231,
2026-01-15,56.63,0.0,0.0,0.0,56.63,189.71,0.0,0.0,0.0,189.71,3.349991170757549,
2026-01-16,56.33,0.0,0.0,0.0,56.33,188.76,0.0,0.0,0.0,188.76,3.350967512870584,
2026-01-20,55.72,0.0,0.0,0.0,55.72,186.71,0.0,0.0,0.0,186.71,3.3508614501076814,
2026-01-21,55.87,0.0,0.0,0.0,55.87,187.21,0.0,0.0,0.0,187.21,3.3508143905494903,
2026-01-22,55.5,0.0,0.0,0.0,55.5,186.01,0.0,0.0,0.0,186.01,3.3515315315315313,
2026-01-23,55.25,0.0,0.0,0.0,55.25,185.14,0.0,0.0,0.0,185.14,3.350950226244344,
2026-01-26,55.61,0.0,0.0,0.0,55.61,186.35,0.0,0.0,0.0,186.35,3.3510160043157704,
2026-01-27,56.32,0.0,0.0,0.0,56.32,188.64,0.0,0.0,0.0,188.64,3.349431818181818,
2026-01-28,56.21,0.0,0.0,0.0,56.21,188.28,0.0,0.0,0.0,188.28,3.3495819249243906,
2026-01-29,56.22,0.0,0.0,0.0,56.22,188.34,0.0,0.0,0.0,188.34,3.3500533617929564,
2026-01-30,56.07,0.0,0.0,0.0,56.07,187.99,0.0,0.0,0.0,187.99,3.352773319065454,3.3510547516601443
2026-02-02,55.23,0.0,0.0,0.0,55.23,185.22,0.0,0.0,0.0,185.22,3.3536121673003803,3.3511556965808373
2026-02-03,56.06,0.0,0.0,0.0,56.06,187.94,0.0,0.0,0.0,187.94,3.3524794862647163,3.3511639803662354
2026-02-04,55.79,0.0,0.0,0.0,55.79,186.96,0.0,0.0,0.0,186.96,3.3511381968094645,3.351137287186213
2026-02-05,55.82,0.0,0.0,0.0,55.82,187.11,0.0,0.0,0.0,187.11,3.3520243640272307,3.3511396093434156
2026-02-06,56.14,0.0,0.0,0.0,56.14,188.11,0.0,0.0,0.0,188.11,3.3507303170644818,3.351141275600162
2026-02-09,56.3,0.0,0.0,0.0,56.3,188.7,0.0,0.0,0.0,188.7,3.3516873889875667,3.3510465879325864
2026-02-10,57.19,0.0,0.0,0.0,57.19,191.63,0.0,0.0,0.0,191.63,3.350760622486449,3.3510647203593686
2026-02-11,57.66,0.0,0.0,0.0,57.66,193.23,0.0,0.0,0.0,193.23,3.3511966701352756,3.3510858987061183
2026-02-12,58.5,0.0,0.0,0.0,58.5,196.13,0.0,0.0,0.0,196.13,3.3526495726495726,3.3512125748033355
2026-02-13,60.05,0.0,0.0,0.0,60.05,201.32,0.0,0.0,0.0,201.32,3.3525395503746878,3.3513399937841926
2026-02-17,59.92,0.0,0.0,0.0,59.92,200.87,0.0,0.0,0.0,200.87,3.352303070761015,3.3514067716787137
2026-02-18,58.9,0.0,0.0,0.0,58.9,197.39,0.0,0.0,0.0,197.39,3.3512733446519523,3.3514273664059275
2026-02-19,59.52,0.0,0.0,0.0,59.52,199.51,0.0,0.0,0.0,199.51,3.35198252688172,3.3514857732225387
2026-02-20,59.8,0.0,0.0,0.0,59.8,200.31,0.0,0.0,0.0,200.31,3.349665551839465,3.3513924742379357
2026-02-23,60.16,0.0,0.0,0.0,60.16,201.69,0.0,0.0,0.0,201.69,3.352559840425532,3.3514729549469946
2026-02-24,60.82,0.0,0.0,0.0,60.82,203.79,0.0,0.0,0.0,203.79,3.3507070042749096,3.351457504944952
2026-02-25,61.06,0.0,0.0,0.0,61.06,204.55,0.0,0.0,0.0,204.55,3.34998362266623,3.351485095169173
2026-02-26,60.81,0.0,0.0,0.0,60.81,203.78,0.0,0.0,0.0,203.78,3.3510935701364906,3.3515606774297773
2026-02-27,61.44,0.0,0.0,0.0,61.44,205.87,0.0,0.0,0.0,205.87,3.350748697916667,3.351595444235963
2026-03-02,61.03,0.0,0.0,0.0,61.03,204.47,0.0,0.0,0.0,204.47,3.3503195149926266,3.3514727540323213
2026-03-03,60.67,0.0,0.0,0.0,60.67,203.22,0.0,0.0,0.0,203.22,3.3495961760342836,3.3512719544690173
2026-03-04,60.9,0.0,0.0,0.0,60.9,204.13,0.0,0.0,0.0,204.13,3.351888341543514,3.3512423972329572
2026-03-05,60.43,0.0,0.0,0.0,60.43,202.48,0.0,0.0,0.0,202.48,3.350653648849909,3.351218169834979
2026-03-06,60.18,0.0,0.0,0.0,60.18,201.6,0.0,0.0,0.0,201.6,3.3499501495513457,3.351114459111185
2026-03-09,60.32,0.0,0.0,0.0,60.32,202.12,0.0,0.0,0.0,202.12,3.35079575596817,3.3511177310563696
2026-03-10,59.95,0.0,0.0,0.0,59.95,200.84,0.0,0.0,0.0,200.84,3.3501251042535447,3.351039616819668
2026-03-11,59.48,0.0,0.0,0.0,59.48,199.3,0.0,0.0,0.0,199.3,3.3507061197041024,3.3510368916805504
2026-03-12,59.89,0.0,0.0,0.0,59.89,200.63,0.0,0.0,0.0,200.63,3.3499749540824846,3.350975805877911
2026-03-13,60.44,0.0,0.0,0.0,60.44,202.59,0.0,0.0,0.0,202.59,3.351919258769027,3.3509392901838835
2026-03-16,60.76,0.0,0.0,0.0,60.76,203.71,0.0,0.0,0.0,203.71,3.352699144173799,3.3509472698738394
2026-03-17,60.62,0.0,0.0,0.0,60.62,203.11,0.0,0.0,0.0,203.11,3.350544374793798,3.3508593350754787
2026-03-18,60.2,0.0,0.0,0.0,60.2,201.48,0.0,0.0,0.0,201.48,3.3468438538205976,3.3506378605339107
2026-03-19,59.91,0.0,0.0,0.0,59.91,200.77,0.0,0.0,0.0,200.77,3.351193456851945,3.3505984070324217
2026-03-20,57.11,0.386,0.386,0.386,57.496,192.75,0.0,0.0,0.0,192.75,3.3524071239738413,3.3507354856391407
2026-03-23,57.74,0.0,0.386,0.386,58.126000000000005,194.78,0.0,0.0,0.0,194.78,3.350996111894849,3.3506572992126067
2026-03-24,58.13,0.0,0.386,0.0,58.13,194.89,1.2769,1.2769,0.0,194.89,3.352657835885085,3.3507548407931154
2026-03-25,58.34,0.0,0.386,0.0,58.34,195.48,0.0,1.2769,0.0,195.48,3.3507027768255053,3.350790798501079
2026-03-26,58.47,0.0,0.386,0.0,58.47,195.92,0.0,1.2769,0.0,195.92,3.3507781768428253,3.350775028836396
2026-03-27,58.74,0.0,0.386,0.0,58.74,196.88,0.0,1.2769,0.0,196.88,3.3517194416070817,3.3508235660209165
2026-03-30,59.13,0.0,0.386,0.0,59.13,198.11,0.0,1.2769,0.0,198.11,3.350414341281921,3.3508283073353815
2026-03-31,59.07,0.0,0.386,0.0,59.07,198.14,0.0,1.2769,0.0,198.14,3.354325376671745,3.3510647673672542
2026-04-01,59.36,0.0,0.386,0.0,59.36,198.97,0.0,1.2769,0.0,198.97,3.351920485175202,3.3510663745488385
2026-04-02,59.75,0.0,0.386,0.0,59.75,200.14,0.0,1.2769,0.0,200.14,3.349623430962343,3.3510148636544606
2026-04-06,59.48,0.0,0.386,0.0,59.48,199.4,0.0,1.2769,0.0,199.4,3.352387357094822,3.3511367240316345
2026-04-07,59.67,0.0,0.386,0.0,59.67,199.98,0.0,1.2769,0.0,199.98,3.351432880844645,3.3511685802754583
2026-04-08,60.3,0.0,0.386,0.0,60.3,202.09,0.0,1.2769,0.0,202.09,3.351409618573798,3.351232805991471
2026-04-09,60.76,0.0,0.386,0.0,60.76,203.63,0.0,1.2769,0.0,203.63,3.351382488479263,3.3512666244302287
2026-04-10,60.52,0.0,0.386,0.0,60.52,202.89,0.0,1.2769,0.0,202.89,3.3524454725710506,3.351390150354657
2026-04-13,59.76,0.0,0.386,0.0,59.76,200.25,0.0,1.2769,0.0,200.25,3.3509036144578315,3.3513393681390973
2026-04-14,59.96,0.0,0.386,0.0,59.96,200.91,0.0,1.2769,0.0,200.91,3.3507338225483654,3.3512411020578257
2026-04-15,59.46,0.0,0.386,0.0,59.46,199.25,0.0,1.2769,0.0,199.25,3.3509922637066936,3.3512634965034707
2026-04-16,59.85,0.0,0.386,0.0,59.85,200.51,0.0,1.2769,0.0,200.51,3.350208855472013,3.3514317465860417
2026-04-17,59.59,0.0,0.386,0.0,59.59,199.7,0.0,1.2769,0.0,199.7,3.351233428427588,3.3514337451648233
2026-04-20,59.11,0.0,0.386,0.0,59.11,198.05,0.0,1.2769,0.0,198.05,3.350532904753849,3.3513400342038238
2026-04-21,58.04,0.0,0.386,0.0,58.04,194.44,0.0,1.2769,0.0,194.44,3.350103376981392,3.3512953974581507
2026-04-22,57.97,0.0,0.386,0.0,57.97,194.34,0.0,1.2769,0.0,194.34,3.35242366741418,3.351283689034606
2026-04-23,59.59,0.0,0.386,0.0,59.59,199.69,0.0,1.2769,0.0,199.69,3.3510656150360796,3.351301830945135
2026-04-24,59.65,0.0,0.386,0.0,59.65,199.84,0.0,1.2769,0.0,199.84,3.3502095557418277,3.351273399890085
2026-04-27,59.72,0.0,0.386,0.0,59.72,200.11,0.0,1.2769,0.0,200.11,3.350803750837241,3.3512276153515925
2026-04-28,59.75,0.0,0.386,0.0,59.75,200.26,0.0,1.2769,0.0,200.26,3.35163179916318,3.3512884882456553
2026-04-29,59.0,0.0,0.386,0.0,59.0,197.6,0.0,1.2769,0.0,197.6,3.3491525423728814,3.3510298465307122
2026-04-30,60.4,0.0,0.386,0.0,60.4,202.49,0.0,1.2769,0.0,202.49,3.3524834437086093,3.3510579944573826
2026-05-01,60.03,0.0,0.386,0.0,60.03,201.12,0.0,1.2769,0.0,201.12,3.3503248375812094,3.3510930647883264
2026-05-04,59.85,0.0,0.386,0.0,59.85,200.51,0.0,1.2769,0.0,200.51,3.350208855472013,3.3509841397071853
2026-05-05,59.85,0.0,0.386,0.0,59.85,200.54,0.0,1.2769,0.0,200.54,3.3507101086048454,3.3509480010951953
2026-05-06,59.09,0.0,0.386,0.0,59.09,198.05,0.0,1.2769,0.0,198.05,3.351666948722288,3.3509608676026206
2026-05-07,58.3,0.0,0.386,0.0,58.3,195.44,0.0,1.2769,0.0,195.44,3.352315608919383,3.351007523624626
2026-05-08,57.85,0.0,0.386,0.0,57.85,193.9,0.0,1.2769,0.0,193.9,3.3517718236819363,3.3509738411801706
2026-05-11,58.38,0.0,0.386,0.0,58.38,195.62,0.0,1.2769,0.0,195.62,3.3508050702295304,3.3509689139687553
2026-05-12,58.44,0.0,0.386,0.0,58.44,195.91,0.0,1.2769,0.0,195.91,3.3523271731690625,3.35104858149979
2026-05-13,57.74,0.0,0.386,0.0,57.74,193.52,0.0,1.2769,0.0,193.52,3.3515760304814686,3.351077769838529
2026-05-14,58.05,0.0,0.386,0.0,58.05,194.56,0.0,1.2769,0.0,194.56,3.3515934539190355,3.35114699976088
2026-05-15,56.69,0.0,0.386,0.0,56.69,190.2,0.0,1.2769,0.0,190.2,3.355089080966661,3.3513397823878335
2026-05-18,56.81,0.0,0.386,0.0,56.81,190.32,0.0,1.2769,0.0,190.32,3.3501144164759724,3.35131885797394
2026-05-19,57.31,0.0,0.386,0.0,57.31,192.06,0.0,1.2769,0.0,192.06,3.351247600767754,3.3513760691632575
2026-05-20,57.58,0.0,0.386,0.0,57.58,192.92,0.0,1.2769,0.0,192.92,3.3504689128169503,3.3512783314333965
2026-05-21,58.16,0.0,0.386,0.0,58.16,194.93,0.0,1.2769,0.0,194.93,3.3516162310866577,3.3513058622359253
2026-05-22,58.63,0.0,0.386,0.0,58.63,196.47,0.0,1.2769,0.0,196.47,3.3510148388197165,3.35134612638982
2026-05-26,58.68,0.0,0.386,0.0,58.68,196.65,0.0,1.2769,0.0,196.65,3.3512269938650308,3.3513672885412094
2026-05-27,58.4,0.0,0.386,0.0,58.4,195.7,0.0,1.2769,0.0,195.7,3.3510273972602738,3.351337068446064
2026-05-28,57.75,0.0,0.386,0.0,57.75,193.55,0.0,1.2769,0.0,193.55,3.3515151515151516,3.351455198903177
2026-05-29,57.53,0.0,0.386,0.0,57.53,192.66,0.0,1.2769,0.0,192.66,3.3488614635842167,3.3512740998969575
2026-06-01,55.83,0.0,0.386,0.0,55.83,187.11,0.0,1.2769,0.0,187.11,3.3514239656098876,3.351329056298392
2026-06-02,56.94,0.0,0.386,0.0,56.94,190.78,0.0,1.2769,0.0,190.78,3.3505444327362137,3.3513458351616014
2026-06-03,56.6,0.0,0.386,0.0,56.6,189.68,0.0,1.2769,0.0,189.68,3.351236749116608,3.35137216718719
2026-06-04,56.94,0.0,0.386,0.0,56.94,190.85,0.0,1.2769,0.0,190.85,3.3517737969792765,3.3513775096000393
2026-06-05,57.39,0.0,0.386,0.0,57.39,192.36,0.0,1.2769,0.0,192.36,3.3518034500784113,3.3513519016579907
2026-06-08,56.32,0.0,0.386,0.0,56.32,188.75,0.0,1.2769,0.0,188.75,3.3513849431818183,3.351332557632985
2026-06-09,56.86,0.0,0.386,0.0,56.86,190.6,0.0,1.2769,0.0,190.6,3.3520928596552935,3.3513969471042726
2026-06-10,56.89,0.0,0.386,0.0,56.89,190.57,0.0,1.2769,0.0,190.57,3.3497978555106345,3.351270481221351
2026-06-11,56.89,0.0,0.386,0.0,56.89,190.7,0.0,1.2769,0.0,190.7,3.3520829671295482,3.3512958280537553
2026-06-12,57.54,0.0,0.386,0.0,57.54,192.89,0.0,1.2769,0.0,192.89,3.352276677094195,3.3513299892125135
2026-06-15,57.88,0.0,0.386,0.0,57.88,194.0,0.0,1.2769,0.0,194.0,3.3517622667588114,3.3511636485021215
2026-06-16,58.25,0.0,0.386,0.0,58.25,195.09,0.0,1.2769,0.0,195.09,3.3491845493562233,3.3511171551461336
2026-06-17,57.49,0.0,0.386,0.0,57.49,192.6,0.0,1.2769,0.0,192.6,3.3501478518003127,3.351062167697761
2026-06-18,57.5,0.401,0.787,0.401,57.901,193.95,0.0,1.2769,0.0,193.95,3.349683079739555,3.351022876043892
2026-06-22,57.75,0.0,0.787,0.401,58.151,194.82,0.0,1.2769,0.0,194.82,3.3502433320149265,3.350954231090305
2026-06-23,58.2,0.0,0.787,0.401,58.601000000000006,196.29,0.0,1.2769,0.0,196.29,3.349601542635791,3.3508835662811096
2026-06-24,58.73,0.0,0.787,0.0,58.73,196.86,1.3009,2.5778,0.0,196.86,3.351949599863784,3.350919696581047
2026-06-25,59.1,0.0,0.787,0.0,59.1,198.16,0.0,2.5778,0.0,198.16,3.3529610829103214,3.351016380863549
2026-06-26,59.51,0.0,0.787,0.0,59.51,199.66,0.0,2.5778,0.0,199.66,3.3550663753990926,3.3511939420577463
2026-06-29,59.27,0.0,0.787,0.0,59.27,198.78,0.0,2.5778,0.0,198.78,3.3538046229120972,3.3514411000241404
2026-06-30,58.42,0.0,0.787,0.0,58.42,195.73,0.0,2.5778,0.0,195.73,3.3503937007874014,3.3513895867830157
2026-07-01,57.73,0.0,0.787,0.0,57.73,193.38,0.0,2.5778,0.0,193.38,3.3497315087476185,3.3513489405835863
2026-07-02,58.98,0.0,0.787,0.0,58.98,197.54,0.0,2.5778,0.0,197.54,3.349270939301458,3.3512506500928283
2026-07-06,58.35,0.0,0.787,0.0,58.35,195.62,0.0,2.5778,0.0,195.62,3.3525278491859467,3.351288352703162
2026-07-07,58.87,0.0,0.787,0.0,58.87,197.25,0.0,2.5778,0.0,197.25,3.350603023611347,3.351228331379809
2026-07-08,58.43,0.0,0.787,0.0,58.43,195.85,0.0,2.5778,0.0,195.85,3.351874037309601,3.351252786086198
2026-07-09,58.18,0.0,0.787,0.0,58.18,194.97,0.0,2.5778,0.0,194.97,3.3511515984874527,3.351205723027806
2026-07-10,58.53,0.0,0.787,0.0,58.53,196.17,0.0,2.5778,0.0,196.17,3.3516145566376214,3.3512965580841554
2026-07-13,58.92,0.0,0.787,0.0,58.92,197.48,0.0,2.5778,0.0,197.48,3.351663272233537,3.351275573339355
2026-07-14,58.92,0.0,0.787,0.0,58.92,197.39,0.0,2.5778,0.0,197.39,3.3501357773251863,3.3511685283509047
2026-07-15,58.38,0.0,0.787,0.0,58.38,195.62,0.0,2.5778,0.0,195.62,3.3508050702295304,3.35112066852444
2026-07-16,58.66,0.0,0.787,0.0,58.66,196.49,0.0,2.5778,0.0,196.49,3.34964200477327,3.3511435412952926
2026-07-17,58.28,0.0,0.787,0.0,58.28,195.22,0.0,2.5778,0.0,195.22,3.349691146190803,3.351120706014817
2026-07-20,57.94,0.0,0.787,0.0,57.94,194.21,0.0,2.5778,0.0,194.21,3.351915774939593,3.351232340774819
2026-07-21,57.95,0.0,0.787,0.0,57.95,194.22,0.0,2.5778,0.0,194.22,3.3515099223468505,3.351295670291415
2026-07-22,59.23,0.0,0.787,0.0,59.23,198.41,0.0,2.5778,0.0,198.41,3.3498227249704544,3.351306729408148
2026-07-23,59.5,0.0,0.787,0.0,59.5,199.43,0.0,2.5778,0.0,199.43,3.351764705882353,3.3512974847090766
2026-07-24,59.52,0.0,0.787,0.0,59.52,199.46,0.0,2.5778,0.0,199.46,3.3511424731182795,3.3512065542194747
2026-07-27,58.78,0.0,0.787,0.0,58.78,197.01,0.0,2.5778,0.0,197.01,3.351650221163661,3.3510357465077036
2026-07-28,58.57,0.0,0.787,0.0,58.57,196.22,0.0,2.5778,0.0,196.22,3.350179272665187,3.3508544789953576
2026-07-29,57.77,0.0,0.787,0.0,57.77,193.47,0.0,2.5778,0.0,193.47,3.3489700536610694,3.350783296639041
2026-07-30,57.49,0.0,0.787,0.0,57.49,192.58,0.0,2.5778,0.0,192.58,3.349799965211341,3.350786719462227
2026-07-31,57.09,0.0,0.787,0.0,57.09,191.22,0.0,2.5778,0.0,191.22,3.34944823962165,3.3507955844782367
2026-08-03,57.18,0.0,0.787,0.0,57.18,191.55,0.0,2.5778,0.0,191.55,3.3499475341028333,3.350666568724081
2026-08-04,56.88,0.0,0.787,0.0,56.88,190.54,0.0,2.5778,0.0,190.54,3.3498593530239096,3.350629385194709
2026-08-05,56.28,0.0,0.787,0.0,56.28,188.61,0.0,2.5778,0.0,188.61,3.3512793176972284,3.3505996492140904
2026-08-06,55.99,0.0,0.787,0.0,55.99,187.64,0.0,2.5778,0.0,187.64,3.35131273441686,3.3506077060105612
2026-08-07,56.36,0.0,0.787,0.0,56.36,188.86,0.0,2.5778,0.0,188.86,3.350958126330731,3.3505748844952166
2026-08-10,55.76,0.0,0.787,0.0,55.76,186.8,0.0,2.5778,0.0,186.8,3.3500717360114782,3.3504953076841133
2026-08-11,56.38,0.0,0.787,0.0,56.38,188.87,0.0,2.5778,0.0,188.87,3.349946789641717,3.3504858582999395
2026-08-12,56.64,0.0,0.787,0.0,56.64,189.77,0.0,2.5778,0.0,189.77,3.350459039548023,3.3504685567658647
2026-08-13,56.87,0.0,0.787,0.0,56.87,190.62,0.0,2.5778,0.0,190.62,3.3518551081413754,3.35057921193427
2026-08-14,57.2,0.0,0.787,0.0,57.2,191.73,0.0,2.5778,0.0,191.73,3.3519230769230766,3.3506908084708833
2026-08-17,57.01,0.0,0.787,0.0,57.01,191.01,0.0,2.5778,0.0,191.01,3.3504648307314504,3.3506182612604767
2026-08-18,56.79,0.0,0.787,0.0,56.79,190.24,0.0,2.5778,0.0,190.24,3.349885543229442,3.350537042304606
2026-08-19,56.84,0.0,0.787,0.0,56.84,190.36,0.0,2.5778,0.0,190.36,3.3490499648135117,3.3504984042967587
2026-08-20,56.51,0.0,0.787,0.0,56.51,189.31,0.0,2.5778,0.0,189.31,3.350026543974518,3.3504114962013674
2026-08-21,55.25,0.0,0.787,0.0,55.25,185.03,0.0,2.5778,0.0,185.03,3.3489592760180997,3.3503023363463584
2026-08-24,55.79,0.0,0.787,0.0,55.79,186.88,0.0,2.5778,0.0,186.88,3.3497042480731314,3.3502050376918318
2026-08-25,55.93,0.0,0.787,0.0,55.93,187.32,0.0,2.5778,0.0,187.32,3.3491864831038796,3.3501553982137664
2026-08-26,56.15,0.0,0.787,0.0,56.15,188.05,0.0,2.5778,0.0,188.05,3.34906500445236,3.350160145753331
2026-08-27,55.75,0.0,0.787,0.0,55.75,186.74,0.0,2.5778,0.0,186.74,3.349596412556054,3.3501499681205664
2026-08-28,55.14,0.0,0.787,0.0,55.14,184.76,0.0,2.5778,0.0,184.76,3.3507435618425823,3.3502147342316126
2026-08-31,54.58,0.0,0.787,0.0,54.58,182.86,0.0,2.5778,0.0,182.86,3.350311469402712,3.350232930996607
2026-09-01,54.99,0.0,0.787,0.0,54.99,184.24,0.0,2.5778,0.0,184.24,3.3504273504273505,3.350261330866779
2026-09-02,55.12,0.0,0.787,0.0,55.12,184.65,0.0,2.5778,0.0,184.65,3.3499637155297535,3.350195550758405
2026-09-03,55.53,0.0,0.787,0.0,55.53,186.07,0.0,2.5778,0.0,186.07,3.3508013686295692,3.3501699824690405
2026-09-04,55.63,0.0,0.787,0.0,55.63,186.35,0.0,2.5778,0.0,186.35,3.3498112529210853,3.3501126387985587
2026-09-08,56.16,0.0,0.787,0.0,56.16,188.09,0.0,2.5778,0.0,188.09,3.349180911680912,3.3500680975820303
2026-09-09,55.47,0.0,0.787,0.0,55.47,185.89,0.0,2.5778,0.0,185.89,3.351180818460429,3.350129799022966
2026-09-10,54.91,0.0,0.787,0.0,54.91,184.01,0.0,2.5778,0.0,184.01,3.3511200145692954,3.350162847774029
2026-09-11,54.7,0.0,0.787,0.0,54.7,183.19,0.0,2.5778,0.0,183.19,3.3489945155393053,3.350019818143926
2026-09-14,53.98,0.0,0.787,0.0,53.98,180.77,0.0,2.5778,0.0,180.77,3.3488329010744726,3.3498653093514954
2026-09-15,53.39,0.0,0.787,0.0,53.39,178.82,0.0,2.5778,0.0,178.82,3.349316351376662,3.3498078853837563
2026-09-16,53.38,0.0,0.787,0.0,53.38,178.95,0.0,2.5778,0.0,178.95,3.3523791682278,3.3499325666336737
2026-09-17,53.88,0.0,0.787,0.0,53.88,180.43,0.0,2.5778,0.0,180.43,3.3487379361544174,3.3499169652007197
2026-09-18,52.75,0.391,1.178,0.391,53.141,177.98,0.0,2.5778,0.0,177.98,3.3492030635479195,3.3498757911793895
2026-09-21,52.55,0.0,1.178,0.391,52.940999999999995,177.38,0.0,2.5778,0.0,177.38,3.3505222795187097,3.34995394135442
2026-09-22,52.4,0.0,1.178,0.391,52.791,176.86,0.0,2.5778,0.0,176.86,3.350192267621375,3.349978342331832
2026-09-23,51.46,0.0,1.178,0.0,51.46,172.45,1.258,3.8358,0.0,172.45,3.3511465215701515,3.3500763442551458
2026-09-24,51.0,0.0,1.178,0.0,51.0,170.82,0.0,3.8358,0.0,170.82,3.349411764705882,3.350093682267822
2026-09-25,51.17,0.0,1.178,0.0,51.17,171.48,0.0,3.8358,0.0,171.48,3.351182333398475,3.350172978309943
2026-09-28,50.82,0.0,1.178,0.0,50.82,170.29,0.0,3.8358,0.0,170.29,3.350846123573396,3.3501781063964833
2026-09-29,51.4,0.0,1.178,0.0,51.4,172.14,0.0,3.8358,0.0,172.14,3.3490272373540853,3.3501138947940525
2026-09-30,51.05,0.0,1.178,0.0,51.05,171.0,0.0,3.8358,0.0,171.0,3.3496571988246817,3.3500753872139186
2026-10-01,51.31,0.0,1.178,0.0,51.31,171.92,0.0,3.8358,0.0,171.92,3.3506139154160977,3.350107897208236
2026-10-02,51.52,0.0,1.178,0.0,51.52,172.65,0.0,3.8358,0.0,172.65,3.3511257763975153,3.3501241175966334
2026-10-05,51.69,0.0,1.178,0.0,51.69,173.2,0.0,3.8358,0.0,173.2,3.350744824917779,3.3501707961964677
2026-10-06,53.18,0.0,1.178,0.0,53.18,178.18,0.0,3.8358,0.0,178.18,3.3505077096652878,3.350237136095687
2026-10-07,52.82,0.0,1.178,0.0,52.82,177.0,0.0,3.8358,0.0,177.0,3.351003407800076,3.350228265562669
