date,HEI A,div_HEI A,div_cumsum_HEI A,div_adj_HEI A,HEI A*,HEI,div_HEI,div_cumsum_HEI,div_adj_HEI,HEI*,ratio*,ratio*_ma
2026-01-02,257.25,0.0,0.0,0.0,257.25,329.31,0.0,0.0,0.0,329.31,1.2801166180758017,
2026-01-05,266.02,0.0,0.0,0.0,266.02,341.62,0.0,0.0,0.0,341.62,1.2841891587098715,
2026-01-06,269.67,0.0,0.0,0.0,269.67,347.7,0.0,0.0,0.0,347.7,1.2893536544665702,
2026-01-07,271.07,0.0,0.0,0.0,271.07,350.91,0.0,0.0,0.0,350.91,1.2945364665953445,
2026-01-08,271.25,0.0,0.0,0.0,271.25,350.85,0.0,0.0,0.0,350.85,1.2934562211981568,
2026-01-09,273.16,0.0,0.0,0.0,273.16,353.56,0.0,0.0,0.0,353.56,1.2943329916532433,
2026-01-12,274.61,0.0,0.0,0.0,274.61,356.74,0.0,0.0,0.0,356.74,1.299078693419759,
2026-01-13,271.06,0.0,0.0,0.0,271.06,352.3,0.0,0.0,0.0,352.3,1.299712240832288,
2026-01-14,271.41,0.0,0.0,0.0,271.41,352.29,0.0,0.0,0.0,352.29,1.2979993367967282,
2026-01-15,276.13,0.0,0.0,0.0,276.13,358.04,0.0,0.0,0.0,358.04,1.2966356426320937,
2026-01-16,272.38,0.0,0.0,0.0,272.38,352.55,0.0,0.0,0.0,352.55,1.2943314487113593,
2026-01-20,267.08,0.0,0.0,0.0,267.08,344.52,0.0,0.0,0.0,344.52,1.2899505766062602,
2026-01-21,269.2,0.0,0.0,0.0,269.2,347.75,0.0,0.0,0.0,347.75,1.2917904903417534,
2026-01-22,262.1,0.0,0.0,0.0,262.1,339.44,0.0,0.0,0.0,339.44,1.2950782144219761,
2026-01-23,257.98,0.0,0.0,0.0,257.98,334.41,0.0,0.0,0.0,334.41,1.2962632762229631,
2026-01-26,258.95,0.0,0.0,0.0,258.95,336.15,0.0,0.0,0.0,336.15,1.2981270515543541,
2026-01-27,261.35,0.0,0.0,0.0,261.35,338.56,0.0,0.0,0.0,338.56,1.2954275875263057,
2026-01-28,255.1,0.0,0.0,0.0,255.1,331.11,0.0,0.0,0.0,331.11,1.2979615836926697,
2026-01-29,254.7,0.0,0.0,0.0,254.7,331.96,0.0,0.0,0.0,331.96,1.303337259521005,
2026-01-30,254.59,0.0,0.0,0.0,254.59,330.91,0.0,0.0,0.0,330.91,1.299776110609215,1.294572731179386
2026-02-02,257.03,0.0,0.0,0.0,257.03,332.26,0.0,0.0,0.0,332.26,1.2926895693109755,1.2952013787411445
2026-02-03,257.23,0.0,0.0,0.0,257.23,334.32,0.0,0.0,0.0,334.32,1.299692881856704,1.2959765648984862
2026-02-04,249.35,0.0,0.0,0.0,249.35,324.48,0.0,0.0,0.0,324.48,1.3013033888109085,1.2965740516157032
2026-02-05,248.48,0.0,0.0,0.0,248.48,322.3,0.0,0.0,0.0,322.3,1.2970862846104316,1.2967015425164574
2026-02-06,251.15,0.0,0.0,0.0,251.15,326.67,0.0,0.0,0.0,326.67,1.3006967947441768,1.2970635711937584
2026-02-09,248.14,0.0,0.0,0.0,248.14,322.49,0.0,0.0,0.0,322.49,1.2996292415571855,1.2973283836889558
2026-02-10,247.87,0.0,0.0,0.0,247.87,323.36,0.0,0.0,0.0,323.36,1.3045548069552588,1.2976021893657308
2026-02-11,246.99,0.0,0.0,0.0,246.99,322.4,0.0,0.0,0.0,322.4,1.3053160046965462,1.2978823775589434
2026-02-12,250.34,0.0,0.0,0.0,250.34,328.45,0.0,0.0,0.0,328.45,1.3120156587041623,1.2985831936543153
2026-02-13,252.91,0.0,0.0,0.0,252.91,332.52,0.0,0.0,0.0,332.52,1.3147760072753152,1.2994902118864764
2026-02-17,254.25,0.0,0.0,0.0,254.25,337.21,0.0,0.0,0.0,337.21,1.3262930186823991,1.3010882903850283
2026-02-18,257.98,0.0,0.0,0.0,257.98,342.22,0.0,0.0,0.0,342.22,1.3265369408481278,1.3029176085971217
2026-02-19,260.2,0.0,0.0,0.0,260.2,345.99,0.0,0.0,0.0,345.99,1.3297079169869332,1.3048134799293807
2026-02-20,261.61,0.0,0.0,0.0,261.61,351.66,0.0,0.0,0.0,351.66,1.3442146706930163,1.3072703027429327
2026-02-23,258.86,0.0,0.0,0.0,258.86,346.27,0.0,0.0,0.0,346.27,1.3376728733678436,1.3093407826001768
2026-02-24,259.39,0.0,0.0,0.0,259.39,350.64,0.0,0.0,0.0,350.64,1.3517868846139018,1.3120237742531542
2026-02-25,252.98,0.0,0.0,0.0,252.98,344.72,0.0,0.0,0.0,344.72,1.362637362637363,1.315384263008707
2026-02-26,237.87,0.0,0.0,0.0,237.87,312.98,0.0,0.0,0.0,312.98,1.3157607096313113,1.316274219305639
2026-02-27,240.11,0.0,0.0,0.0,240.11,319.46,0.0,0.0,0.0,319.46,1.330473532964058,1.3176310329777916
2026-03-02,246.39,0.0,0.0,0.0,246.39,329.25,0.0,0.0,0.0,329.25,1.3362961159137954,1.3194570332430207
2026-03-03,244.51,0.0,0.0,0.0,244.51,326.71,0.0,0.0,0.0,326.71,1.3361825692200728,1.3216316832384756
2026-03-04,243.7,0.0,0.0,0.0,243.7,320.05,0.0,0.0,0.0,320.05,1.3132950348789496,1.3223117908895878
2026-03-05,234.76,0.0,0.0,0.0,234.76,307.36,0.0,0.0,0.0,307.36,1.3092520020446414,1.3227092215512744
2026-03-06,232.86,0.0,0.0,0.0,232.86,303.73,0.0,0.0,0.0,303.73,1.304345958945289,1.3230722052680175
2026-03-09,234.09,0.0,0.0,0.0,234.09,310.29,0.0,0.0,0.0,310.29,1.325515827245931,1.3243131568931052
2026-03-10,231.8,0.0,0.0,0.0,231.8,306.4,0.0,0.0,0.0,306.4,1.3218291630716132,1.3254231529688263
2026-03-11,232.94,0.0,0.0,0.0,232.94,306.84,0.0,0.0,0.0,306.84,1.3172490770155403,1.3260578664718405
2026-03-12,223.07,0.0,0.0,0.0,223.07,290.0,0.0,0.0,0.0,290.0,1.3000403460797059,1.3257940835409987
2026-03-13,221.38,0.0,0.0,0.0,221.38,288.45,0.0,0.0,0.0,288.45,1.3029632306441412,1.3253414621379975
2026-03-16,223.93,0.0,0.0,0.0,223.93,291.47,0.0,0.0,0.0,291.47,1.301612110927522,1.324683267320608
2026-03-17,225.17,0.0,0.0,0.0,225.17,292.21,0.0,0.0,0.0,292.21,1.297730603543989,1.3232551465636875
2026-03-18,221.0,0.0,0.0,0.0,221.0,288.33,0.0,0.0,0.0,288.33,1.3046606334841628,1.322161331195489
2026-03-19,213.5,0.0,0.0,0.0,213.5,277.16,0.0,0.0,0.0,277.16,1.2981733021077284,1.3205846004515287
2026-03-20,209.42,0.0,0.0,0.0,209.42,275.16,0.0,0.0,0.0,275.16,1.3139146213351163,1.3190695979836338
2026-03-23,213.03,0.0,0.0,0.0,213.03,279.64,0.0,0.0,0.0,279.64,1.3126789654039337,1.3178199025854382
2026-03-24,212.81,0.0,0.0,0.0,212.81,280.69,0.0,0.0,0.0,280.69,1.3189699732155444,1.3161790570155205
2026-03-25,213.05,0.0,0.0,0.0,213.05,279.09,0.0,0.0,0.0,279.09,1.3099741844637407,1.3135458981068395
2026-03-26,208.33,0.0,0.0,0.0,208.33,272.64,0.0,0.0,0.0,272.64,1.3086929390870252,1.313192509579625
2026-03-27,207.78,0.0,0.0,0.0,207.78,273.39,0.0,0.0,0.0,273.39,1.3157666762922322,1.3124571667460336
2026-03-30,204.88,0.0,0.0,0.0,204.88,265.02,0.0,0.0,0.0,265.02,1.2935376805935181,1.3103192449800198
2026-03-31,211.09,0.0,0.0,0.0,211.09,274.2,0.0,0.0,0.0,274.2,1.2989720024634042,1.3084587166421866
2026-04-01,212.38,0.0,0.0,0.0,212.38,275.48,0.0,0.0,0.0,275.48,1.297108955645541,1.307649412680516
2026-04-02,211.04,0.0,0.0,0.0,211.04,271.77,0.0,0.0,0.0,271.77,1.2877653525398027,1.306575080205274
2026-04-06,213.49,0.0,0.0,0.0,213.49,276.77,0.0,0.0,0.0,276.77,1.2964073258700641,1.306178148551513
2026-04-07,212.43,0.0,0.0,0.0,212.43,275.38,0.0,0.0,0.0,275.38,1.2963329096643599,1.3047190026724342
2026-04-08,224.21,0.0,0.0,0.0,224.21,293.34,0.0,0.0,0.0,293.34,1.3083270148521473,1.304043895261461
2026-04-09,223.47,0.0,0.0,0.0,223.47,293.22,0.0,0.0,0.0,293.22,1.3121224325412808,1.303787563037748
2026-04-10,219.79,0.0,0.0,0.0,219.79,289.17,0.0,0.0,0.0,289.17,1.3156649529095956,1.3045687933792425
2026-04-13,223.36,0.0,0.0,0.0,223.36,293.79,0.0,0.0,0.0,293.79,1.3153205587392551,1.305186659783998
2026-04-14,225.88,0.0,0.0,0.0,225.88,299.99,0.0,0.0,0.0,299.99,1.3280945634850363,1.3065107824118738
2026-04-15,221.99,0.0,0.0,0.0,221.99,292.36,0.0,0.0,0.0,292.36,1.316996261092842,1.3074740652893166
2026-04-16,216.07,0.0,0.0,0.0,216.07,284.66,0.0,0.0,0.0,284.66,1.3174434211135282,1.3081132046707848
2026-04-17,221.5,0.0,0.0,0.0,221.5,291.57,0.0,0.0,0.0,291.57,1.3163431151241534,1.309021695321606
2026-04-20,221.33,0.0,0.0,0.0,221.33,292.19,0.0,0.0,0.0,292.19,1.3201554240274702,1.309333735456224
2026-04-21,211.49,0.0,0.0,0.0,211.49,276.02,0.0,0.0,0.0,276.02,1.3051208094945386,1.3089558276607538
2026-04-22,207.39,0.0,0.0,0.0,207.39,268.57,0.0,0.0,0.0,268.57,1.294999758908337,1.3077573169453935
2026-04-23,207.67,0.0,0.0,0.0,207.67,268.74,0.0,0.0,0.0,268.74,1.2940723262868976,1.3069622240365515
2026-04-24,203.85,0.0,0.0,0.0,203.85,264.04,0.0,0.0,0.0,264.04,1.2952661270542067,1.3062908834349105
2026-04-27,205.52,0.0,0.0,0.0,205.52,266.12,0.0,0.0,0.0,266.12,1.2948618139353834,1.3052456403170682
2026-04-28,205.52,0.0,0.0,0.0,205.52,263.88,0.0,0.0,0.0,263.88,1.2839626313740755,1.3047668878560958
2026-04-29,201.28,0.0,0.0,0.0,201.28,260.99,0.0,0.0,0.0,260.99,1.2966514308426074,1.304650859275056
2026-04-30,209.02,0.0,0.0,0.0,209.02,269.92,0.0,0.0,0.0,269.92,1.291359678499665,1.3043633954177625
2026-05-01,209.28,0.0,0.0,0.0,209.28,268.34,0.0,0.0,0.0,268.34,1.2822056574923546,1.3040854106653899
2026-05-04,209.61,0.0,0.0,0.0,209.61,269.52,0.0,0.0,0.0,269.52,1.2858165163875768,1.3035558701912655
2026-05-05,214.35,0.0,0.0,0.0,214.35,277.33,0.0,0.0,0.0,277.33,1.2938185211103335,1.3034301507635644
2026-05-06,225.19,0.0,0.0,0.0,225.19,296.38,0.0,0.0,0.0,296.38,1.3161330432079577,1.303820452181355
2026-05-07,220.73,0.0,0.0,0.0,220.73,289.6,0.0,0.0,0.0,289.6,1.3120101481447926,1.3038148379615302
2026-05-08,221.64,0.0,0.0,0.0,221.64,292.52,0.0,0.0,0.0,292.52,1.3197978704205018,1.3040214838370756
2026-05-11,217.53,0.0,0.0,0.0,217.53,289.77,0.0,0.0,0.0,289.77,1.332092125224107,1.3048600621613182
2026-05-12,217.17,0.0,0.0,0.0,217.17,287.67,0.0,0.0,0.0,287.67,1.3246304738223513,1.304686857678184
2026-05-13,218.7,0.0,0.0,0.0,218.7,291.8,0.0,0.0,0.0,291.8,1.3342478280749888,1.3055494360272912
2026-05-14,222.5,0.0,0.0,0.0,222.5,297.15,0.0,0.0,0.0,297.15,1.335505617977528,1.3064525458704914
2026-05-15,216.35,0.0,0.0,0.0,216.35,288.84,0.0,0.0,0.0,288.84,1.335058932285648,1.3073883367285661
2026-05-18,218.32,0.0,0.0,0.0,218.32,293.57,0.0,0.0,0.0,293.57,1.3446775375595457,1.3086144424051698
2026-05-19,217.96,0.0,0.0,0.0,217.96,292.37,0.0,0.0,0.0,292.37,1.3413929161314002,1.310428047737013
2026-05-20,223.78,0.0,0.0,0.0,223.78,301.49,0.0,0.0,0.0,301.49,1.3472607024756458,1.3130410949153783
2026-05-21,223.85,0.0,0.0,0.0,223.85,301.2,0.0,0.0,0.0,301.2,1.3455438909984365,1.3156146731509553
2026-05-22,224.04,0.0,0.0,0.0,224.04,301.04,0.0,0.0,0.0,301.04,1.3436886270308874,1.3180357981497894
2026-05-26,228.89,0.0,0.0,0.0,228.89,308.86,0.0,0.0,0.0,308.86,1.3493817991174801,1.320761797408894
2026-05-27,229.79,0.0,0.0,0.0,229.79,309.4,0.0,0.0,0.0,309.4,1.3464467557334958,1.3238860036268654
2026-05-28,257.36,0.0,0.0,0.0,257.36,345.07,0.0,0.0,0.0,345.07,1.3408066521603978,1.3260937646927549
2026-05-29,259.81,0.0,0.0,0.0,259.81,348.18,0.0,0.0,0.0,348.18,1.3401331742427158,1.3285324394799072
2026-06-01,245.93,0.0,0.0,0.0,245.93,333.25,0.0,0.0,0.0,333.25,1.3550603830358232,1.3321751757570808
2026-06-02,244.77,0.0,0.0,0.0,244.77,332.14,0.0,0.0,0.0,332.14,1.3569473383176043,1.3357317168535823
2026-06-03,242.26,0.0,0.0,0.0,242.26,329.11,0.0,0.0,0.0,329.11,1.3584991331627179,1.3389657474562013
2026-06-04,246.3,0.0,0.0,0.0,246.3,332.97,0.0,0.0,0.0,332.97,1.3518879415347138,1.340753492372539
2026-06-05,243.5,0.0,0.0,0.0,243.5,331.43,0.0,0.0,0.0,331.43,1.3611088295687885,1.343208426443739
2026-06-08,239.5,0.0,0.0,0.0,239.5,323.5,0.0,0.0,0.0,323.5,1.350730688935282,1.3447550673694777
2026-06-09,241.83,0.0,0.0,0.0,241.83,326.42,0.0,0.0,0.0,326.42,1.3497911756192367,1.3456400198892344
2026-06-10,237.45,0.0,0.0,0.0,237.45,320.88,0.0,0.0,0.0,320.88,1.3513581806696147,1.3469764052315976
2026-06-11,251.05,0.0,0.0,0.0,251.05,339.22,0.0,0.0,0.0,339.22,1.3512049392551284,1.3478242607906046
2026-06-12,247.09,0.0,0.0,0.0,247.09,331.61,0.0,0.0,0.0,331.61,1.3420615969889513,1.3481520597411758
2026-06-15,248.73,0.0,0.0,0.0,248.73,336.18,0.0,0.0,0.0,336.18,1.351586057170426,1.3489784159854146
2026-06-16,248.11,0.0,0.0,0.0,248.11,335.53,0.0,0.0,0.0,335.53,1.3523437185119502,1.349361725033035
2026-06-17,248.14,0.0,0.0,0.0,248.14,337.33,0.0,0.0,0.0,337.33,1.3594341903764005,1.3502637887452849
2026-06-18,247.58,0.0,0.0,0.0,247.58,337.1,0.0,0.0,0.0,337.1,1.361580095322724,1.3509797583876388
2026-06-22,242.12,0.0,0.0,0.0,242.12,331.15,0.0,0.0,0.0,331.15,1.367710226334049,1.3520880751544193
2026-06-23,246.24,0.0,0.0,0.0,246.24,334.17,0.0,0.0,0.0,334.17,1.3570906432748537,1.3527581759666176
2026-06-24,245.97,0.0,0.0,0.0,245.97,335.3,0.0,0.0,0.0,335.3,1.363174370858235,1.3534478045536553
2026-06-25,257.47,0.0,0.0,0.0,257.47,342.45,0.0,0.0,0.0,342.45,1.3300578708199011,1.3526283603079756
2026-06-26,254.74,0.0,0.0,0.0,254.74,345.21,0.0,0.0,0.0,345.21,1.3551464238046635,1.353345348890189
2026-06-29,254.48,0.0,0.0,0.0,254.48,350.44,0.0,0.0,0.0,350.44,1.377082678403018,1.355192824098204
2026-06-30,257.91,0.0,0.0,0.0,257.91,356.19,0.0,0.0,0.0,356.19,1.3810631615679887,1.3564929630248126
2026-07-01,261.65,0.0,0.0,0.0,261.65,359.7,0.0,0.0,0.0,359.7,1.3747372444104722,1.3573824583294558
2026-07-02,261.7,0.0,0.0,0.0,261.7,362.09,0.0,0.0,0.0,362.09,1.3836071837982422,1.358637860861232
2026-07-06,262.63,0.0,0.0,0.0,262.63,365.31,0.0,0.0,0.0,365.31,1.3909682823744431,1.3605918779032184
2026-07-07,257.57,0.0,0.0,0.0,257.57,358.02,0.0,0.0,0.0,358.02,1.3899910703886322,1.3620359899442107
2026-07-08,251.03,0.0,0.0,0.0,251.03,347.78,0.0,0.0,0.0,347.78,1.3854121021391865,1.3637700606044059
2026-07-09,253.27,0.0,0.0,0.0,253.27,352.13,0.0,0.0,0.0,352.13,1.390334425711691,1.3657972231090285
2026-07-10,254.07,0.0,0.0,0.0,254.07,350.92,0.0,0.0,0.0,350.92,1.3811941590900148,1.3672890220300487
2026-07-13,249.3,0.0,0.0,0.0,249.3,344.11,0.0,0.0,0.0,344.11,1.3803048535900522,1.3687440177467947
2026-07-14,249.7,0.0,0.0,0.0,249.7,345.61,0.0,0.0,0.0,345.61,1.3841009211053266,1.3708459839526135
2026-07-15,253.2,0.0,0.0,0.0,253.2,351.59,0.0,0.0,0.0,351.59,1.3885860979462874,1.3726959859914065
2026-07-16,250.24,0.0,0.0,0.0,250.24,344.03,0.0,0.0,0.0,344.03,1.3748001918158566,1.3738188096566017
2026-07-17,250.07,0.0,0.0,0.0,250.07,342.66,0.0,0.0,0.0,342.66,1.3702563282280962,1.3743599165491864
2026-07-20,248.18,0.0,0.0,0.0,248.18,340.44,0.0,0.0,0.0,340.44,1.3717463131598033,1.3748682274410406
2026-07-21,247.64,0.0,0.0,0.0,247.64,340.4,0.0,0.0,0.0,340.4,1.3745759974156033,1.3752115159951184
2026-07-22,244.25,0.0,0.0,0.0,244.25,335.24,0.0,0.0,0.0,335.24,1.3725281473899693,1.375983391200874
2026-07-23,248.87,0.0,0.0,0.0,248.87,340.54,0.0,0.0,0.0,340.54,1.368344919034034,1.3762419186096642
2026-07-24,253.4,0.0,0.0,0.0,253.4,349.61,0.0,0.0,0.0,349.61,1.3796764009471192,1.3787228451160252
2026-07-27,259.42,0.0,0.0,0.0,259.42,357.15,0.0,0.0,0.0,357.15,1.3767250019273762,1.3798017740221606
2026-07-28,263.25,0.0,0.0,0.0,263.25,363.44,0.0,0.0,0.0,363.44,1.3805887939221273,1.3799770797981161
2026-07-29,257.36,0.0,0.0,0.0,257.36,355.23,0.0,0.0,0.0,355.23,1.3802844264843022,1.3799381430439317
2026-07-30,256.15,0.0,0.0,0.0,256.15,354.17,0.0,0.0,0.0,354.17,1.3826664064024987,1.3803346011435331
2026-07-31,257.28,0.0,0.0,0.0,257.28,356.36,0.0,0.0,0.0,356.36,1.3851057213930351,1.3804095280232729
2026-08-03,261.82,0.0,0.0,0.0,261.82,360.44,0.0,0.0,0.0,360.44,1.3766709953403102,1.379694663671566
2026-08-04,265.96,0.0,0.0,0.0,265.96,367.66,0.0,0.0,0.0,367.66,1.3823883290720411,1.3793145266057365
2026-08-05,266.46,0.0,0.0,0.0,266.46,366.8,0.0,0.0,0.0,366.8,1.376566839300458,1.3788722634638002
2026-08-06,263.93,0.0,0.0,0.0,263.93,363.29,0.0,0.0,0.0,363.29,1.3764634562194522,1.3781787149891882
2026-08-07,266.31,0.0,0.0,0.0,266.31,367.58,0.0,0.0,0.0,367.58,1.38027111261312,1.3781325626653433
2026-08-10,265.08,0.0,0.0,0.0,265.08,363.94,0.0,0.0,0.0,363.94,1.3729440169005585,1.3777645208308686
2026-08-11,264.72,0.0,0.0,0.0,264.72,366.92,0.0,0.0,0.0,366.92,1.3860682985796313,1.377862889704584
2026-08-12,272.21,0.0,0.0,0.0,272.21,373.1,0.0,0.0,0.0,373.1,1.3706329671944457,1.3769652331669922
2026-08-13,272.49,0.0,0.0,0.0,272.49,371.56,0.0,0.0,0.0,371.56,1.3635729751550516,1.3764038723339518
2026-08-14,274.99,0.0,0.0,0.0,274.99,374.67,0.0,0.0,0.0,374.67,1.3624859085784937,1.3760153513514717
2026-08-17,270.6,0.0,0.0,0.0,270.6,371.28,0.0,0.0,0.0,371.28,1.372062084257206,1.3760311399063416
2026-08-18,268.78,0.0,0.0,0.0,268.78,368.01,0.0,0.0,0.0,368.01,1.369186695438649,1.375761674807494
2026-08-19,264.39,0.0,0.0,0.0,264.39,363.42,0.0,0.0,0.0,363.42,1.3745603086349711,1.3758632828697441
2026-08-20,257.92,0.0,0.0,0.0,257.92,350.58,0.0,0.0,0.0,350.58,1.3592586848635235,1.3754089711612185
2026-08-21,261.0,0.0,0.0,0.0,261.0,355.04,0.0,0.0,0.0,355.04,1.3603065134099617,1.3744404767843608
2026-08-24,259.23,0.0,0.0,0.0,259.23,352.67,0.0,0.0,0.0,352.67,1.360452108166493,1.3736268320963165
2026-08-25,257.1,0.0,0.0,0.0,257.1,351.05,0.0,0.0,0.0,351.05,1.3654220147802412,1.372868493139222
2026-08-26,255.84,0.0,0.0,0.0,255.84,346.15,0.0,0.0,0.0,346.15,1.3529940587867415,1.371503974754344
2026-08-27,251.01,0.0,0.0,0.0,251.01,337.01,0.0,0.0,0.0,337.01,1.3426158320385642,1.3695014460361474
2026-08-28,250.06,0.0,0.0,0.0,250.06,336.53,0.0,0.0,0.0,336.53,1.3457970087179076,1.367536010402391
2026-08-31,244.17,0.0,0.0,0.0,244.17,331.15,0.0,0.0,0.0,331.15,1.3562272187410411,1.3665138215724277
2026-09-01,242.0,0.0,0.0,0.0,242.0,325.15,0.0,0.0,0.0,325.15,1.3435950413223139,1.3645741571849412
2026-09-02,239.83,0.0,0.0,0.0,239.83,322.9,0.0,0.0,0.0,322.9,1.3463703456615101,1.3630643325029939
2026-09-03,239.26,0.0,0.0,0.0,239.26,325.7,0.0,0.0,0.0,325.7,1.3612806152302934,1.362305190453536
2026-09-04,240.18,0.0,0.0,0.0,240.18,325.48,0.0,0.0,0.0,325.48,1.3551503039387127,1.3610491500198156
2026-09-08,235.04,0.0,0.0,0.0,235.04,316.1,0.0,0.0,0.0,316.1,1.3448774676650783,1.3596458225580417
2026-09-09,232.48,0.0,0.0,0.0,232.48,312.32,0.0,0.0,0.0,312.32,1.3434273916035788,1.3575137772092387
2026-09-10,232.34,0.0,0.0,0.0,232.34,312.49,0.0,0.0,0.0,312.49,1.3449685805285359,1.3562305578759433
2026-09-11,235.25,0.0,0.0,0.0,235.25,316.0,0.0,0.0,0.0,316.0,1.3432518597236982,1.3552145021043756
2026-09-14,227.73,0.0,0.0,0.0,227.73,303.75,0.0,0.0,0.0,303.75,1.3338163614807008,1.3537810247494861
2026-09-15,222.45,0.0,0.0,0.0,222.45,296.85,0.0,0.0,0.0,296.85,1.3344571813890764,1.3519007796060796
2026-09-16,222.37,0.0,0.0,0.0,222.37,299.43,0.0,0.0,0.0,299.43,1.346539551198453,1.35076842239407
2026-09-17,220.87,0.0,0.0,0.0,220.87,296.48,0.0,0.0,0.0,296.48,1.3423280662833341,1.349156810276488
2026-09-18,221.9,0.0,0.0,0.0,221.9,298.22,0.0,0.0,0.0,298.22,1.3439387111311403,1.3483908115898688
2026-09-21,226.67,0.0,0.0,0.0,226.67,303.03,0.0,0.0,0.0,303.03,1.3368773988617815,1.3472193558624599
2026-09-22,229.22,0.0,0.0,0.0,229.22,307.77,0.0,0.0,0.0,307.77,1.3426838844777942,1.346330944678025
2026-09-23,231.11,0.0,0.0,0.0,231.11,310.57,0.0,0.0,0.0,310.57,1.34381896066808,1.345250791972417
2026-09-24,229.44,0.0,0.0,0.0,229.44,306.33,0.0,0.0,0.0,306.33,1.3351202928870292,1.344357103677431
2026-09-25,232.02,0.0,0.0,0.0,232.02,308.53,0.0,0.0,0.0,308.53,1.3297560555124557,1.3437141148511258
2026-09-28,230.63,0.0,0.0,0.0,230.63,304.61,0.0,0.0,0.0,304.61,1.3207735333651305,1.342462941083487
2026-09-29,230.84,0.0,0.0,0.0,230.84,307.11,0.0,0.0,0.0,307.11,1.3304020100502514,1.3411716806489475
2026-09-30,228.33,0.0,0.0,0.0,228.33,303.18,0.0,0.0,0.0,303.18,1.3278150045986072,1.3403826788127622
2026-10-01,230.82,0.0,0.0,0.0,230.82,306.39,0.0,0.0,0.0,306.39,1.3273979724460618,1.3394340601519896
2026-10-02,224.84,0.0,0.0,0.0,224.84,302.45,0.0,0.0,0.0,302.45,1.3451787938089308,1.3386289690809217
2026-10-05,224.88,0.0,0.0,0.0,224.88,301.57,0.0,0.0,0.0,301.57,1.3410263251511918,1.3379227701415455
2026-10-06,226.52,0.0,0.0,0.0,226.52,303.26,0.0,0.0,0.0,303.26,1.3387780328447818,1.3376177984005306
2026-10-07,224.53,0.0,0.0,0.0,224.53,300.32,0.0,0.0,0.0,300.32,1.3375495479445954,1.3373239062175817
