date,IYH,div_IYH,div_cumsum_IYH,div_adj_IYH,IYH*,XLV,div_XLV,div_cumsum_XLV,div_adj_XLV,XLV*,ratio*,ratio*_ma
2026-01-02,65.36,0.0,0.0,0.0,65.36,155.51,0.0,0.0,0.0,155.51,2.3792839657282743,
2026-01-05,65.22,0.0,0.0,0.0,65.22,155.04,0.0,0.0,0.0,155.04,2.3771849126034956,
2026-01-06,66.58,0.0,0.0,0.0,66.58,158.09,0.0,0.0,0.0,158.09,2.3744367677981377,
2026-01-07,67.33,0.0,0.0,0.0,67.33,159.66,0.0,0.0,0.0,159.66,2.371305510173771,
2026-01-08,66.63,0.0,0.0,0.0,66.63,158.12,0.0,0.0,0.0,158.12,2.3731052078643255,
2026-01-09,66.32,0.0,0.0,0.0,66.32,157.31,0.0,0.0,0.0,157.31,2.3719843184559712,
2026-01-12,66.19,0.0,0.0,0.0,66.19,157.38,0.0,0.0,0.0,157.38,2.3777005589968274,
2026-01-13,65.93,0.0,0.0,0.0,65.93,156.74,0.0,0.0,0.0,156.74,2.3773699378128317,
2026-01-14,66.36,0.0,0.0,0.0,66.36,157.86,0.0,0.0,0.0,157.86,2.378842676311031,
2026-01-15,65.95,0.0,0.0,0.0,65.95,156.96,0.0,0.0,0.0,156.96,2.3799848369977257,
2026-01-16,65.47,0.0,0.0,0.0,65.47,155.74,0.0,0.0,0.0,155.74,2.3787994501298306,
2026-01-20,65.36,0.0,0.0,0.0,65.36,155.4,0.0,0.0,0.0,155.4,2.3776009791921666,
2026-01-21,66.53,0.0,0.0,0.0,66.53,158.26,0.0,0.0,0.0,158.26,2.378776491808207,
2026-01-22,66.59,0.0,0.0,0.0,66.59,158.29,0.0,0.0,0.0,158.29,2.377083646193122,
2026-01-23,66.17,0.0,0.0,0.0,66.17,157.48,0.0,0.0,0.0,157.48,2.379930482091582,
2026-01-26,66.38,0.0,0.0,0.0,66.38,158.1,0.0,0.0,0.0,158.1,2.3817414884001207,
2026-01-27,65.42,0.0,0.0,0.0,65.42,155.45,0.0,0.0,0.0,155.45,2.376184653011311,
2026-01-28,64.87,0.0,0.0,0.0,64.87,154.31,0.0,0.0,0.0,154.31,2.37875751503006,
2026-01-29,64.68,0.0,0.0,0.0,64.68,153.82,0.0,0.0,0.0,153.82,2.378169449598021,
2026-01-30,64.97,0.0,0.0,0.0,64.97,154.74,0.0,0.0,0.0,154.74,2.3817146375250116,2.3774978742860915
2026-02-02,65.27,0.0,0.0,0.0,65.27,155.69,0.0,0.0,0.0,155.69,2.385322506511414,2.377799801325248
2026-02-03,64.62,0.0,0.0,0.0,64.62,154.1,0.0,0.0,0.0,154.1,2.384710615908387,2.3781760864904924
2026-02-04,65.51,0.0,0.0,0.0,65.51,156.03,0.0,0.0,0.0,156.03,2.3817737749961836,2.378542936850395
2026-02-05,64.68,0.0,0.0,0.0,64.68,154.84,0.0,0.0,0.0,154.84,2.3939393939393936,2.379674631038676
2026-02-06,65.86,0.0,0.0,0.0,65.86,157.71,0.0,0.0,0.0,157.71,2.3946249620406923,2.3807506187474945
2026-02-09,65.25,0.0,0.0,0.0,65.25,156.32,0.0,0.0,0.0,156.32,2.395708812260536,2.381936843437723
2026-02-10,64.91,0.0,0.0,0.0,64.91,155.33,0.0,0.0,0.0,155.33,2.393005700200278,2.3827021004978954
2026-02-11,65.23,0.0,0.0,0.0,65.23,156.25,0.0,0.0,0.0,156.25,2.3953702284225047,2.383602115028379
2026-02-12,65.09,0.0,0.0,0.0,65.09,156.0,0.0,0.0,0.0,156.0,2.3966815178982945,2.3844940571077418
2026-02-13,65.75,0.0,0.0,0.0,65.75,157.67,0.0,0.0,0.0,157.67,2.398022813688213,2.3853959559422666
2026-02-17,65.71,0.0,0.0,0.0,65.71,157.37,0.0,0.0,0.0,157.37,2.3949170598082485,2.386201836426187
2026-02-18,65.84,0.0,0.0,0.0,65.84,157.67,0.0,0.0,0.0,157.67,2.394744835965978,2.387059029264878
2026-02-19,65.73,0.0,0.0,0.0,65.73,157.26,0.0,0.0,0.0,157.26,2.3925148334094017,2.3877459463449378
2026-02-20,65.58,0.0,0.0,0.0,65.58,156.82,0.0,0.0,0.0,156.82,2.3912778286062824,2.388455655465596
2026-02-23,66.2,0.0,0.0,0.0,66.2,158.54,0.0,0.0,0.0,158.54,2.3948640483383685,2.389202333777935
2026-02-24,66.02,0.0,0.0,0.0,66.02,157.87,0.0,0.0,0.0,157.87,2.3912450772493186,2.389677513220395
2026-02-25,65.94,0.0,0.0,0.0,65.94,157.83,0.0,0.0,0.0,157.83,2.393539581437671,2.390545259641713
2026-02-26,65.77,0.0,0.0,0.0,65.77,157.42,0.0,0.0,0.0,157.42,2.3934924737722367,2.3912820075788215
2026-02-27,66.84,0.0,0.0,0.0,66.84,160.2,0.0,0.0,0.0,160.2,2.3967684021543985,2.3922119552066405
2026-03-02,66.08,0.0,0.0,0.0,66.08,158.53,0.0,0.0,0.0,158.53,2.3990617433414045,2.39307931049746
2026-03-03,65.36,0.0,0.0,0.0,65.36,156.74,0.0,0.0,0.0,156.74,2.3981028151774786,2.393718325930764
2026-03-04,65.51,0.0,0.0,0.0,65.51,157.05,0.0,0.0,0.0,157.05,2.397343916959243,2.3943499909833066
2026-03-05,64.29,0.0,0.0,0.0,64.29,153.91,0.0,0.0,0.0,153.91,2.393995955825167,2.3949611000247555
2026-03-06,63.81,0.0,0.0,0.0,63.81,152.7,0.0,0.0,0.0,152.7,2.393041842971321,2.3949162224763514
2026-03-09,64.45,0.0,0.0,0.0,64.45,154.26,0.0,0.0,0.0,154.26,2.3934833204034134,2.394859140394488
2026-03-10,64.05,0.0,0.0,0.0,64.05,153.15,0.0,0.0,0.0,153.15,2.3911007025761126,2.394628734910267
2026-03-11,63.88,0.0,0.0,0.0,63.88,152.85,0.0,0.0,0.0,152.85,2.3927676894176577,2.394616834371136
2026-03-12,62.65,0.0,0.0,0.0,62.65,150.16,0.0,0.0,0.0,150.16,2.3968076616121308,2.394688706030617
2026-03-13,62.51,0.0,0.0,0.0,62.51,149.79,0.0,0.0,0.0,149.79,2.396256598944169,2.3946674600829105
2026-03-16,63.03,0.0,0.0,0.0,63.03,151.01,0.0,0.0,0.0,151.01,2.3958432492463904,2.3945584818608197
2026-03-17,62.34,0.19482,0.19482,0.19482,62.53482,149.64,0.0,0.0,0.0,149.64,2.3929068637280793,2.3944579720568115
2026-03-18,61.39,0.0,0.19482,0.19482,61.58482,147.14,0.0,0.0,0.0,147.14,2.389225136973689,2.3941819871071965
2026-03-19,61.18,0.0,0.19482,0.19482,61.37482,146.61,0.0,0.0,0.0,146.61,2.388764643220135,2.3939944775977335
2026-03-20,60.62,0.0,0.19482,0.19482,60.81482,145.33,0.0,0.0,0.0,145.33,2.3897135599513413,2.3939162641649863
2026-03-23,60.7,0.0,0.19482,0.0,60.7,144.77,0.59468,0.59468,0.0,144.77,2.38500823723229,2.3934234736096824
2026-03-24,60.62,0.0,0.19482,0.0,60.62,144.79,0.0,0.59468,0.0,144.79,2.388485648300891,2.393285502162261
2026-03-25,61.34,0.0,0.19482,0.0,61.34,146.24,0.0,0.59468,0.0,146.24,2.3840886860123898,2.392812957390997
2026-03-26,61.14,0.0,0.19482,0.0,61.14,145.74,0.0,0.59468,0.0,145.74,2.383709519136408,2.3923238096592057
2026-03-27,60.06,0.0,0.19482,0.0,60.06,143.26,0.0,0.59468,0.0,143.26,2.385281385281385,2.391749458815555
2026-03-30,60.35,0.0,0.19482,0.0,60.35,143.82,0.0,0.59468,0.0,143.82,2.3830985915492957,2.3909513012259493
2026-03-31,61.64,0.0,0.19482,0.0,61.64,146.61,0.0,0.59468,0.0,146.61,2.378487994808566,2.389970560207504
2026-04-01,62.12,0.0,0.19482,0.0,62.12,147.73,0.0,0.59468,0.0,147.73,2.3781390856406954,2.389010318641576
2026-04-02,61.65,0.0,0.19482,0.0,61.65,146.81,0.0,0.59468,0.0,146.81,2.381346309813463,2.3883778363409913
2026-04-06,61.5,0.0,0.19482,0.0,61.5,146.28,0.0,0.59468,0.0,146.28,2.3785365853658536,2.3876525734607177
2026-04-07,61.53,0.0,0.19482,0.0,61.53,146.57,0.0,0.59468,0.0,146.57,2.3820900373801397,2.3870829093095542
2026-04-08,62.81,0.0,0.19482,0.0,62.81,149.67,0.0,0.59468,0.0,149.67,2.3829008119726156,2.3866729147793793
2026-04-09,62.61,0.0,0.19482,0.0,62.61,149.33,0.0,0.59468,0.0,149.33,2.385082255230794,2.3862886430700363
2026-04-10,61.79,0.0,0.19482,0.0,61.79,147.31,0.0,0.59468,0.0,147.31,2.3840427253600907,2.385650396257434
2026-04-13,62.22,0.0,0.19482,0.0,62.22,147.97,0.0,0.59468,0.0,147.97,2.3781742205078755,2.3847462773356196
2026-04-14,62.64,0.0,0.19482,0.0,62.64,148.83,0.0,0.59468,0.0,148.83,2.3759578544061304,2.3837520075936065
2026-04-15,62.29,0.0,0.19482,0.0,62.29,147.77,0.0,0.59468,0.0,147.77,2.372290897415316,2.3827212092779684
2026-04-16,61.73,0.0,0.19482,0.0,61.73,146.61,0.0,0.59468,0.0,146.61,2.375020249473514,2.3820109649029595
2026-04-17,62.65,0.0,0.19482,0.0,62.65,148.8,0.0,0.59468,0.0,148.8,2.375099760574621,2.3813277207706838
2026-04-20,62.08,0.0,0.19482,0.0,62.08,147.42,0.0,0.59468,0.0,147.42,2.3746778350515463,2.380575934525694
2026-04-21,61.44,0.0,0.19482,0.0,61.44,145.92,0.0,0.59468,0.0,145.92,2.375,2.3800755226640797
2026-04-22,61.7,0.0,0.19482,0.0,61.7,146.38,0.0,0.59468,0.0,146.38,2.372447325769854,2.3792736065375277
2026-04-23,61.44,0.0,0.19482,0.0,61.44,146.24,0.0,0.59468,0.0,146.24,2.3802083333333335,2.3790795889035747
2026-04-24,60.66,0.0,0.19482,0.0,60.66,144.18,0.0,0.59468,0.0,144.18,2.3768545994065287,2.378736842917081
2026-04-27,60.33,0.0,0.19482,0.0,60.33,143.46,0.0,0.59468,0.0,143.46,2.3779214321233217,2.378368845259178
2026-04-28,60.39,0.0,0.19482,0.0,60.39,143.84,0.0,0.59468,0.0,143.84,2.3818512998840866,2.378306480675917
2026-04-29,59.98,0.0,0.19482,0.0,59.98,142.84,0.0,0.59468,0.0,142.84,2.381460486828943,2.378455105276936
2026-04-30,61.28,0.0,0.19482,0.0,61.28,145.99,0.0,0.59468,0.0,145.99,2.382343342036554,2.378665318096729
2026-05-01,61.07,0.0,0.19482,0.0,61.07,145.16,0.0,0.59468,0.0,145.16,2.376944489929589,2.378445227102535
2026-05-04,60.97,0.0,0.19482,0.0,60.97,144.73,0.0,0.59468,0.0,144.73,2.373790388715762,2.378207917270031
2026-05-05,61.19,0.0,0.19482,0.0,61.19,145.3,0.0,0.59468,0.0,145.3,2.3745710083346956,2.3778319658177582
2026-05-06,61.46,0.0,0.19482,0.0,61.46,145.4,0.0,0.59468,0.0,145.4,2.3657663520989263,2.3769752428240745
2026-05-07,60.95,0.0,0.19482,0.0,60.95,144.72,0.0,0.59468,0.0,144.72,2.374405250205086,2.3764413925727887
2026-05-08,60.42,0.0,0.19482,0.0,60.42,143.49,0.0,0.59468,0.0,143.49,2.374875868917577,2.375983049750663
2026-05-11,60.23,0.0,0.19482,0.0,60.23,143.04,0.0,0.59468,0.0,143.04,2.3748962311140627,2.3758191502809725
2026-05-12,61.39,0.0,0.19482,0.0,61.39,145.85,0.0,0.59468,0.0,145.85,2.3757941032741487,2.3758109627243735
2026-05-13,61.73,0.0,0.19482,0.0,61.73,146.71,0.0,0.59468,0.0,146.71,2.376640207354609,2.3760284282213378
2026-05-14,61.67,0.0,0.19482,0.0,61.67,146.63,0.0,0.59468,0.0,146.63,2.3776552618777362,2.376160178841549
2026-05-15,60.91,0.0,0.19482,0.0,60.91,145.1,0.0,0.59468,0.0,145.1,2.3822032506977506,2.3765153533477057
2026-05-18,61.15,0.0,0.19482,0.0,61.15,145.72,0.0,0.59468,0.0,145.72,2.3829926410466067,2.3769310936474586
2026-05-19,61.84,0.0,0.19482,0.0,61.84,147.32,0.0,0.59468,0.0,147.32,2.3822768434670114,2.3772949358208093
2026-05-20,61.89,0.0,0.19482,0.0,61.89,147.13,0.0,0.59468,0.0,147.13,2.377282275004039,2.3775366832825187
2026-05-21,62.29,0.0,0.19482,0.0,62.29,148.15,0.0,0.59468,0.0,148.15,2.378391395087494,2.377445836370226
2026-05-22,62.98,0.0,0.19482,0.0,62.98,149.89,0.0,0.59468,0.0,149.89,2.3799618926643378,2.3776012010331167
2026-05-26,62.5,0.0,0.19482,0.0,62.5,148.51,0.0,0.59468,0.0,148.51,2.37616,2.3775131294269505
2026-05-27,62.6,0.0,0.19482,0.0,62.6,148.79,0.0,0.59468,0.0,148.79,2.3768370607028753,2.3772624174678905
2026-05-28,63.52,0.0,0.19482,0.0,63.52,150.88,0.0,0.59468,0.0,150.88,2.375314861460957,2.376955136199491
2026-05-29,63.03,0.0,0.19482,0.0,63.03,149.47,0.0,0.59468,0.0,149.47,2.3714104394732667,2.3764084910713263
2026-06-01,62.3,0.0,0.19482,0.0,62.3,147.84,0.0,0.59468,0.0,147.84,2.3730337078651687,2.376212951968106
2026-06-02,61.59,0.0,0.19482,0.0,61.59,146.4,0.0,0.59468,0.0,146.4,2.3770092547491477,2.376373895269775
2026-06-03,62.18,0.0,0.19482,0.0,62.18,147.55,0.0,0.59468,0.0,147.55,2.372949501447411,2.3762928199254105
2026-06-04,63.98,0.0,0.19482,0.0,63.98,152.08,0.0,0.59468,0.0,152.08,2.3769928102532045,2.3768541428331242
2026-06-05,64.24,0.0,0.19482,0.0,64.24,153.01,0.0,0.59468,0.0,153.01,2.3818493150684934,2.3772263460762946
2026-06-08,64.06,0.0,0.19482,0.0,64.06,152.65,0.0,0.59468,0.0,152.65,2.382922260380893,2.3776286656494605
2026-06-09,64.93,0.0,0.19482,0.0,64.93,154.57,0.0,0.59468,0.0,154.57,2.380563683967349,2.377912038292125
2026-06-10,64.09,0.0,0.19482,0.0,64.09,152.85,0.0,0.59468,0.0,152.85,2.3849274457793723,2.378368705417386
2026-06-11,64.61,0.0,0.19482,0.0,64.61,154.09,0.0,0.59468,0.0,154.09,2.384924934220709,2.3787829417606914
2026-06-12,64.48,0.0,0.19482,0.0,64.48,153.81,0.0,0.59468,0.0,153.81,2.3853908188585606,2.3791697196097323
2026-06-15,64.02,0.16336,0.35818,0.16336,64.18336,152.89,0.0,0.59468,0.0,152.89,2.3820815862553784,2.379163636387614
2026-06-16,63.97,0.0,0.35818,0.16336,64.13336,152.94,0.0,0.59468,0.0,152.94,2.384718343152456,2.379249921492906
2026-06-17,63.13,0.0,0.35818,0.16336,63.29336,150.71,0.0,0.59468,0.0,150.71,2.381134450754392,2.3791928018572754
2026-06-18,62.68,0.0,0.35818,0.16336,62.84336,149.4,0.0,0.59468,0.0,149.4,2.3773394675268795,2.379195661483417
2026-06-22,63.18,0.0,0.35818,0.0,63.18,150.06,0.65625,1.2509299999999999,0.0,150.06,2.375118708452042,2.3790320271516445
2026-06-23,64.03,0.0,0.35818,0.0,64.03,152.18,0.0,1.2509299999999999,0.0,152.18,2.3766984226143997,2.3788688536491476
2026-06-24,64.64,0.0,0.35818,0.0,64.64,153.35,0.0,1.2509299999999999,0.0,153.35,2.3723700495049505,2.3786793561243953
2026-06-25,65.66,0.0,0.35818,0.0,65.66,155.63,0.0,1.2509299999999999,0.0,155.63,2.3702406335668598,2.3783495347675947
2026-06-26,67.64,0.0,0.35818,0.0,67.64,160.34,0.0,1.2509299999999999,0.0,160.34,2.3704908338261386,2.3781083333858537
2026-06-29,67.93,0.0,0.35818,0.0,67.93,160.74,0.0,1.2509299999999999,0.0,160.74,2.36625938466068,2.3778507806452245
2026-06-30,67.01,0.0,0.35818,0.0,67.01,158.66,0.0,1.2509299999999999,0.0,158.66,2.367706312490673,2.3775844108764996
2026-07-01,67.44,0.0,0.35818,0.0,67.44,159.54,0.0,1.2509299999999999,0.0,159.54,2.3656583629893237,2.3770168662885083
2026-07-02,69.21,0.0,0.35818,0.0,69.21,163.74,0.0,1.2509299999999999,0.0,163.74,2.3658430862592112,2.3766615455290987
2026-07-06,68.57,0.0,0.35818,0.0,68.57,161.96,0.0,1.2509299999999999,0.0,161.96,2.361965874289048,2.3759101987308906
2026-07-07,69.57,0.0,0.35818,0.0,69.57,164.44,0.0,1.2509299999999999,0.0,164.44,2.3636624982032486,2.3750008578876285
2026-07-08,68.56,0.0,0.35818,0.0,68.56,162.3,0.0,1.2509299999999999,0.0,162.3,2.367269544924154,2.3742182221147914
2026-07-09,68.62,0.0,0.35818,0.0,68.62,162.17,0.0,1.2509299999999999,0.0,162.17,2.3633051588458174,2.3733552958587145
2026-07-10,67.89,0.0,0.35818,0.0,67.89,160.84,0.0,1.2509299999999999,0.0,160.84,2.3691265282073943,2.3725652499801155
2026-07-13,68.0,0.0,0.35818,0.0,68.0,161.41,0.0,1.2509299999999999,0.0,161.41,2.373676470588235,2.372002826798492
2026-07-14,66.74,0.0,0.35818,0.0,66.74,158.29,0.0,1.2509299999999999,0.0,158.29,2.371741084806713,2.3713203400958998
2026-07-15,66.81,0.0,0.35818,0.0,66.81,158.29,0.0,1.2509299999999999,0.0,158.29,2.369256099386319,2.370679065752447
2026-07-16,68.12,0.0,0.35818,0.0,68.12,161.8,0.0,1.2509299999999999,0.0,161.8,2.3752201996476807,2.370204158577208
2026-07-17,67.8,0.0,0.35818,0.0,67.8,161.09,0.0,1.2509299999999999,0.0,161.09,2.375958702064897,2.3699453711427334
2026-07-20,66.99,0.0,0.35818,0.0,66.99,159.25,0.0,1.2509299999999999,0.0,159.25,2.3772204806687567,2.369939421799827
2026-07-21,67.42,0.0,0.35818,0.0,67.42,160.25,0.0,1.2509299999999999,0.0,160.25,2.376891130228419,2.370028042888646
2026-07-22,67.12,0.0,0.35818,0.0,67.12,159.43,0.0,1.2509299999999999,0.0,159.43,2.3752979737783075,2.369958020446841
2026-07-23,67.98,0.0,0.35818,0.0,67.98,161.44,0.0,1.2509299999999999,0.0,161.44,2.3748161223889377,2.370080324091041
2026-07-24,68.41,0.0,0.35818,0.0,68.41,162.57,0.0,1.2509299999999999,0.0,162.57,2.376406958047069,2.3703886403150514
2026-07-27,68.72,0.0,0.35818,0.0,68.72,163.4,0.0,1.2509299999999999,0.0,163.4,2.3777648428405125,2.37075234076577
2026-07-28,70.29,0.0,0.35818,0.0,70.29,167.26,0.0,1.2509299999999999,0.0,167.26,2.379570351401337,2.3714178891028026
2026-07-29,69.87,0.0,0.35818,0.0,69.87,166.24,0.0,1.2509299999999999,0.0,166.24,2.379275797910405,2.371996363373789
2026-07-30,68.82,0.0,0.35818,0.0,68.82,163.52,0.0,1.2509299999999999,0.0,163.52,2.3760534728276665,2.3725161188657067
2026-07-31,68.34,0.0,0.35818,0.0,68.34,162.55,0.0,1.2509299999999999,0.0,162.55,2.378548434299093,2.3731513862677005
2026-08-03,68.24,0.0,0.35818,0.0,68.24,162.24,0.0,1.2509299999999999,0.0,162.24,2.3774912075029313,2.373927652928395
2026-08-04,68.24,0.0,0.35818,0.0,68.24,162.1,0.0,1.2509299999999999,0.0,162.1,2.3754396248534584,2.3745165092609053
2026-08-05,69.1,0.0,0.35818,0.0,69.1,164.16,0.0,1.2509299999999999,0.0,164.16,2.375687409551375,2.3749374024922663
2026-08-06,69.24,0.0,0.35818,0.0,69.24,164.45,0.0,1.2509299999999999,0.0,164.45,2.3750722125938766,2.375525755179669
2026-08-07,70.0,0.0,0.35818,0.0,70.0,165.68,0.0,1.2509299999999999,0.0,165.68,2.366857142857143,2.375412285912157
2026-08-10,71.14,0.0,0.35818,0.0,71.14,168.44,0.0,1.2509299999999999,0.0,168.44,2.36772561147034,2.3751147429562622
2026-08-11,70.89,0.0,0.35818,0.0,70.89,168.01,0.0,1.2509299999999999,0.0,168.01,2.370009874453378,2.3750281824385953
2026-08-12,71.17,0.0,0.35818,0.0,71.17,168.44,0.0,1.2509299999999999,0.0,168.44,2.366727553744555,2.3749017551565066
2026-08-13,71.11,0.0,0.35818,0.0,71.11,168.38,0.0,1.2509299999999999,0.0,168.38,2.3678807481366895,2.3745347825809575
2026-08-14,70.65,0.0,0.35818,0.0,70.65,167.37,0.0,1.2509299999999999,0.0,167.37,2.3690021231422502,2.3741869536348252
2026-08-17,70.6,0.0,0.35818,0.0,70.6,167.05,0.0,1.2509299999999999,0.0,167.05,2.36614730878187,2.373633295040481
2026-08-18,71.67,0.0,0.35818,0.0,71.67,169.73,0.0,1.2509299999999999,0.0,169.73,2.368215431840379,2.3731995101210783
2026-08-19,74.33,0.0,0.35818,0.0,74.33,175.68,0.0,1.2509299999999999,0.0,175.68,2.3635140589264094,2.372610314378484
2026-08-20,72.98,0.0,0.35818,0.0,72.98,172.39,0.0,1.2509299999999999,0.0,172.39,2.3621540147985747,2.371977208998966
2026-08-21,73.89,0.0,0.35818,0.0,73.89,174.62,0.0,1.2509299999999999,0.0,174.62,2.363242658005143,2.3713189939968693
2026-08-24,73.84,0.0,0.35818,0.0,73.84,174.7,0.0,1.2509299999999999,0.0,174.7,2.3659263271939324,2.3707270682145403
2026-08-25,74.13,0.0,0.35818,0.0,74.13,175.29,0.0,1.2509299999999999,0.0,175.29,2.3646297045730473,2.369980035873126
2026-08-26,73.4,0.0,0.35818,0.0,73.4,173.54,0.0,1.2509299999999999,0.0,173.54,2.3643051771117163,2.369231504833192
2026-08-27,72.63,0.0,0.35818,0.0,72.63,171.58,0.0,1.2509299999999999,0.0,171.58,2.3623846895222362,2.36854806566792
2026-08-28,72.31,0.0,0.35818,0.0,72.31,171.16,0.0,1.2509299999999999,0.0,171.16,2.3670308394412944,2.36797218592503
2026-08-31,72.02,0.0,0.35818,0.0,72.02,170.54,0.0,1.2509299999999999,0.0,170.54,2.3679533462926967,2.3674952928645183
2026-09-01,72.38,0.0,0.35818,0.0,72.38,171.67,0.0,1.2509299999999999,0.0,171.67,2.371787786681404,2.3673127009559156
2026-09-02,73.01,0.0,0.35818,0.0,73.01,172.95,0.0,1.2509299999999999,0.0,172.95,2.3688535817011367,2.3669710095634033
2026-09-03,73.15,0.0,0.35818,0.0,73.15,173.26,0.0,1.2509299999999999,0.0,173.26,2.368557758031442,2.366645286835282
2026-09-04,72.4,0.0,0.35818,0.0,72.4,171.45,0.0,1.2509299999999999,0.0,171.45,2.3680939226519335,2.3667071258250214
2026-09-08,70.66,0.0,0.35818,0.0,70.66,167.13,0.0,1.2509299999999999,0.0,167.13,2.365270308519672,2.366584360677488
2026-09-09,70.43,0.0,0.35818,0.0,70.43,166.58,0.0,1.2509299999999999,0.0,166.58,2.365185290359222,2.3663431314727803
2026-09-10,70.0,0.0,0.35818,0.0,70.0,165.66,0.0,1.2509299999999999,0.0,165.66,2.3665714285714285,2.3663353252141244
2026-09-11,69.92,0.0,0.35818,0.0,69.92,165.36,0.0,1.2509299999999999,0.0,165.36,2.364988558352403,2.3661907157249096
2026-09-14,70.87,0.0,0.35818,0.0,70.87,167.75,0.0,1.2509299999999999,0.0,167.75,2.3670100183434455,2.366091110484969
2026-09-15,70.64,0.190827,0.549007,0.190827,70.830827,167.66,0.0,1.2509299999999999,0.0,167.66,2.367048460411171,2.366136168066434
2026-09-16,70.77,0.0,0.549007,0.190827,70.960827,167.77,0.0,1.2509299999999999,0.0,167.77,2.3642621865159494,2.3659385058002127
2026-09-17,71.37,0.0,0.549007,0.190827,71.560827,168.81,0.0,1.2509299999999999,0.0,168.81,2.3589721790107316,2.365711411804429
2026-09-18,71.17,0.0,0.549007,0.190827,71.360827,168.39,0.0,1.2509299999999999,0.0,168.39,2.359697989486585,2.3655886105388295
2026-09-21,71.61,0.0,0.549007,0.0,71.61,169.01,0.642226,1.8931559999999998,0.0,169.01,2.360145231112973,2.365433739194221
2026-09-22,72.08,0.0,0.549007,0.0,72.08,169.89,0.0,1.8931559999999998,0.0,169.89,2.3569644839067703,2.364985647029863
2026-09-23,71.54,0.0,0.549007,0.0,71.54,168.8,0.0,1.8931559999999998,0.0,168.8,2.3595191501258035,2.3647301193075005
2026-09-24,72.08,0.0,0.549007,0.0,72.08,169.87,0.0,1.8931559999999998,0.0,169.87,2.356687014428413,2.3643492111733355
2026-09-25,72.44,0.0,0.549007,0.0,72.44,170.7,0.0,1.8931559999999998,0.0,170.7,2.3564329099944783,2.364051622196947
2026-09-28,72.67,0.0,0.549007,0.0,72.67,171.26,0.0,1.8931559999999998,0.0,171.26,2.3566808861978807,2.363534124534777
2026-09-29,72.41,0.0,0.549007,0.0,72.41,170.73,0.0,1.8931559999999998,0.0,170.73,2.35782350504074,2.3630276324721793
2026-09-30,71.56,0.0,0.549007,0.0,71.56,168.42,0.0,1.8931559999999998,0.0,168.42,2.3535494689770817,2.362115716586963
2026-10-01,70.4,0.0,0.549007,0.0,70.4,166.2,0.0,1.8931559999999998,0.0,166.2,2.360795454545454,2.361712810229179
2026-10-02,70.4,0.0,0.549007,0.0,70.4,166.18,0.0,1.8931559999999998,0.0,166.18,2.3605113636363635,2.361310490509425
2026-10-05,70.91,0.0,0.549007,0.0,70.91,167.37,0.0,1.8931559999999998,0.0,167.37,2.3603158933859825,2.3609215890461273
2026-10-06,70.67,0.0,0.549007,0.0,70.67,167.09,0.0,1.8931559999999998,0.0,167.09,2.3643696052073016,2.360876553880509
2026-10-07,70.81,0.0,0.549007,0.0,70.81,167.97,0.0,1.8931559999999998,0.0,167.97,2.3721225815562774,2.3612234184403618
