date,IYK,div_IYK,div_cumsum_IYK,div_adj_IYK,IYK*,XLP,div_XLP,div_cumsum_XLP,div_adj_XLP,XLP*,ratio*,ratio*_ma
2026-01-02,66.71,0.0,0.0,0.0,66.71,77.69,0.0,0.0,0.0,77.69,1.1645930145405488,
2026-01-05,66.16,0.0,0.0,0.0,66.16,77.35,0.0,0.0,0.0,77.35,1.169135429262394,
2026-01-06,65.86,0.0,0.0,0.0,65.86,77.47,0.0,0.0,0.0,77.47,1.1762830245976312,
2026-01-07,65.23,0.0,0.0,0.0,65.23,76.62,0.0,0.0,0.0,76.62,1.174612908171087,
2026-01-08,66.61,0.0,0.0,0.0,66.61,78.44,0.0,0.0,0.0,78.44,1.1776009608166942,
2026-01-09,67.2,0.0,0.0,0.0,67.2,79.25,0.0,0.0,0.0,79.25,1.179315476190476,
2026-01-12,67.76,0.0,0.0,0.0,67.76,80.18,0.0,0.0,0.0,80.18,1.1832939787485242,
2026-01-13,68.38,0.0,0.0,0.0,68.38,81.11,0.0,0.0,0.0,81.11,1.1861655454811348,
2026-01-14,69.39,0.0,0.0,0.0,69.39,82.23,0.0,0.0,0.0,82.23,1.1850410722006053,
2026-01-15,69.65,0.0,0.0,0.0,69.65,82.37,0.0,0.0,0.0,82.37,1.182627422828428,
2026-01-16,69.33,0.0,0.0,0.0,69.33,82.11,0.0,0.0,0.0,82.11,1.1843357853742968,
2026-01-20,69.59,0.0,0.0,0.0,69.59,82.36,0.0,0.0,0.0,82.36,1.1835033769219714,
2026-01-21,69.65,0.0,0.0,0.0,69.65,82.44,0.0,0.0,0.0,82.44,1.1836324479540559,
2026-01-22,69.84,0.0,0.0,0.0,69.84,82.27,0.0,0.0,0.0,82.27,1.1779782359679265,
2026-01-23,70.4,0.0,0.0,0.0,70.4,82.91,0.0,0.0,0.0,82.91,1.1776988636363634,
2026-01-26,70.56,0.0,0.0,0.0,70.56,82.78,0.0,0.0,0.0,82.78,1.1731859410430838,
2026-01-27,70.78,0.0,0.0,0.0,70.78,83.16,0.0,0.0,0.0,83.16,1.1749081661486296,
2026-01-28,70.32,0.0,0.0,0.0,70.32,82.32,0.0,0.0,0.0,82.32,1.1706484641638226,
2026-01-29,70.3,0.0,0.0,0.0,70.3,82.13,0.0,0.0,0.0,82.13,1.1682788051209103,
2026-01-30,71.47,0.0,0.0,0.0,71.47,83.51,0.0,0.0,0.0,83.51,1.168462291870715,1.177065060551965
2026-02-02,71.91,0.0,0.0,0.0,71.91,84.5,0.0,0.0,0.0,84.5,1.1750799610624392,1.1775894078780593
2026-02-03,72.92,0.0,0.0,0.0,72.92,85.87,0.0,0.0,0.0,85.87,1.1775918815139879,1.1780122304906393
2026-02-04,73.4,0.0,0.0,0.0,73.4,86.99,0.0,0.0,0.0,86.99,1.1851498637602178,1.1784555724487684
2026-02-05,74.48,0.0,0.0,0.0,74.48,86.92,0.0,0.0,0.0,86.92,1.1670247046186895,1.1780761622711486
2026-02-06,75.1,0.0,0.0,0.0,75.1,87.94,0.0,0.0,0.0,87.94,1.1709720372836219,1.177744716094495
2026-02-09,74.59,0.0,0.0,0.0,74.59,87.43,0.0,0.0,0.0,87.43,1.1721410376726102,1.1773859941686018
2026-02-10,74.52,0.0,0.0,0.0,74.52,87.15,0.0,0.0,0.0,87.15,1.1694847020933978,1.1766955303358453
2026-02-11,75.56,0.0,0.0,0.0,75.56,88.4,0.0,0.0,0.0,88.4,1.169931180518793,1.1758838120877282
2026-02-12,75.83,0.0,0.0,0.0,75.83,89.21,0.0,0.0,0.0,89.21,1.1764473163655544,1.1754541242959757
2026-02-13,75.81,0.0,0.0,0.0,75.81,89.51,0.0,0.0,0.0,89.51,1.1807149452578816,1.1753585004174485
2026-02-17,75.07,0.0,0.0,0.0,75.07,88.2,0.0,0.0,0.0,88.2,1.1749034234714268,1.174886882322305
2026-02-18,75.11,0.0,0.0,0.0,75.11,88.04,0.0,0.0,0.0,88.04,1.1721475169751032,1.1743190893249615
2026-02-19,75.04,0.0,0.0,0.0,75.04,87.67,0.0,0.0,0.0,87.67,1.1683102345415777,1.1735529786543375
2026-02-20,75.45,0.0,0.0,0.0,75.45,87.89,0.0,0.0,0.0,87.89,1.1648774022531478,1.1728979369685988
2026-02-23,76.54,0.0,0.0,0.0,76.54,88.97,0.0,0.0,0.0,88.97,1.162398745753854,1.1721329310744732
2026-02-24,76.9,0.0,0.0,0.0,76.9,89.74,0.0,0.0,0.0,89.74,1.166970091027308,1.1718221385736842
2026-02-25,76.51,0.0,0.0,0.0,76.51,89.01,0.0,0.0,0.0,89.01,1.163377336295909,1.1712455970810483
2026-02-26,76.72,0.0,0.0,0.0,76.72,88.86,0.0,0.0,0.0,88.86,1.1582377476538062,1.1706250612555475
2026-02-27,77.64,0.0,0.0,0.0,77.64,90.01,0.0,0.0,0.0,90.01,1.1593250901597116,1.1701773755074876
2026-03-02,76.77,0.0,0.0,0.0,76.77,88.71,0.0,0.0,0.0,88.71,1.1555295037123876,1.169530736099571
2026-03-03,75.46,0.0,0.0,0.0,75.46,87.74,0.0,0.0,0.0,87.74,1.1627352239597137,1.168913499244435
2026-03-04,74.82,0.0,0.0,0.0,74.82,87.16,0.0,0.0,0.0,87.16,1.164929163325314,1.1682803633350014
2026-03-05,73.21,0.0,0.0,0.0,73.21,85.41,0.0,0.0,0.0,85.41,1.1666439011064063,1.1673550652023106
2026-03-06,73.24,0.0,0.0,0.0,73.24,85.78,0.0,0.0,0.0,85.78,1.1712179137083563,1.167564725656794
2026-03-09,73.67,0.0,0.0,0.0,73.67,85.97,0.0,0.0,0.0,85.97,1.1669607710058367,1.1673641623429047
2026-03-10,73.34,0.0,0.0,0.0,73.34,85.72,0.0,0.0,0.0,85.72,1.1688028361058085,1.1671972522645646
2026-03-11,72.54,0.0,0.0,0.0,72.54,84.59,0.0,0.0,0.0,84.59,1.166115246760408,1.1670287794979153
2026-03-12,72.42,0.0,0.0,0.0,72.42,84.25,0.0,0.0,0.0,84.25,1.1633526650096657,1.1666998537224589
2026-03-13,72.77,0.0,0.0,0.0,72.77,84.74,0.0,0.0,0.0,84.74,1.164490861618799,1.166102030985121
2026-03-16,72.86,0.0,0.0,0.0,72.86,84.98,0.0,0.0,0.0,84.98,1.1663464177875378,1.165383604611604
2026-03-17,72.29,0.287529,0.287529,0.287529,72.57752900000001,84.7,0.0,0.0,0.0,84.7,1.1670278826935536,1.1649898275727102
2026-03-18,70.47,0.0,0.287529,0.287529,70.757529,82.64,0.0,0.0,0.0,82.64,1.1679322493016961,1.1647790641890399
2026-03-19,69.94,0.0,0.287529,0.287529,70.227529,81.97,0.0,0.0,0.0,81.97,1.1672060966291438,1.1647238572934182
2026-03-20,69.26,0.0,0.287529,0.287529,69.54752900000001,81.29,0.0,0.0,0.0,81.29,1.16884095191937,1.1649220347767293
2026-03-23,69.43,0.0,0.287529,0.0,69.43,81.18,0.4549,0.4549,0.0,81.18,1.1692352009217917,1.1652638575351262
2026-03-24,69.47,0.0,0.287529,0.0,69.47,81.11,0.0,0.4549,0.0,81.11,1.167554340002879,1.1652930699839048
2026-03-25,69.83,0.0,0.287529,0.0,69.83,81.51,0.0,0.4549,0.0,81.51,1.1672633538593729,1.165487370862078
2026-03-26,69.31,0.0,0.287529,0.0,69.31,81.14,0.0,0.4549,0.0,81.14,1.1706824412061752,1.1661096055396964
2026-03-27,69.7,0.0,0.287529,0.0,69.7,81.78,0.0,0.4549,0.0,81.78,1.1733142037302726,1.1668090612182245
2026-03-30,69.96,0.0,0.287529,0.0,69.96,81.88,0.0,0.4549,0.0,81.88,1.1703830760434535,1.1675517398347777
2026-03-31,70.03,0.0,0.287529,0.0,70.03,81.98,0.0,0.4549,0.0,81.98,1.1706411537912325,1.1679470363263538
2026-04-01,69.57,0.0,0.287529,0.0,69.57,81.46,0.0,0.4549,0.0,81.46,1.17090700014374,1.1682459281672748
2026-04-02,69.95,0.0,0.287529,0.0,69.95,81.89,0.0,0.4549,0.0,81.89,1.1706933523945675,1.168448400731683
2026-04-06,70.25,0.0,0.287529,0.0,70.25,82.66,0.0,0.4549,0.0,82.66,1.1766548042704625,1.1687202452597885
2026-04-07,69.56,0.0,0.287529,0.0,69.56,81.26,0.0,0.4549,0.0,81.26,1.1682001150086256,1.1687822124599279
2026-04-08,70.67,0.0,0.287529,0.0,70.67,82.78,0.0,0.4549,0.0,82.78,1.1713598415169095,1.168910062730483
2026-04-09,71.17,0.0,0.287529,0.0,71.17,83.45,0.0,0.4549,0.0,83.45,1.172544611493607,1.1692315309671428
2026-04-10,70.67,0.0,0.287529,0.0,70.67,82.37,0.0,0.4549,0.0,82.37,1.1655582283854535,1.1693418091359322
2026-04-13,70.15,0.0,0.287529,0.0,70.15,81.55,0.0,0.4549,0.0,81.55,1.1625089094796863,1.1692427115289763
2026-04-14,69.92,0.0,0.287529,0.0,69.92,81.47,0.0,0.4549,0.0,81.47,1.1651887871853546,1.1691848299988674
2026-04-15,69.22,0.0,0.287529,0.0,69.22,81.06,0.0,0.4549,0.0,81.06,1.1710488298179718,1.1693858773550883
2026-04-16,69.6,0.0,0.287529,0.0,69.6,81.43,0.0,0.4549,0.0,81.43,1.1699712643678162,1.1694878281083942
2026-04-17,70.24,0.0,0.287529,0.0,70.24,82.46,0.0,0.4549,0.0,82.46,1.1739749430523918,1.1698262704295568
2026-04-20,69.89,0.0,0.287529,0.0,69.89,82.39,0.0,0.4549,0.0,82.39,1.1788524824724567,1.1703268469572108
2026-04-21,69.03,0.0,0.287529,0.0,69.03,81.84,0.0,0.4549,0.0,81.84,1.1855714906562365,1.1711436614439332
2026-04-22,69.41,0.0,0.287529,0.0,69.41,82.11,0.0,0.4549,0.0,82.11,1.182970753493733,1.171914482118476
2026-04-23,70.7,0.0,0.287529,0.0,70.7,83.48,0.0,0.4549,0.0,83.48,1.1807637906647808,1.1725895039587464
2026-04-24,70.64,0.0,0.287529,0.0,70.64,83.23,0.0,0.4549,0.0,83.23,1.1782276330690826,1.1729667635518917
2026-04-27,70.11,0.0,0.287529,0.0,70.11,82.34,0.0,0.4549,0.0,82.34,1.1744401654542862,1.1730230616380926
2026-04-28,71.17,0.0,0.287529,0.0,71.17,83.08,0.0,0.4549,0.0,83.08,1.1673457917661936,1.1728711974242294
2026-04-29,70.96,0.0,0.287529,0.0,70.96,82.92,0.0,0.4549,0.0,82.92,1.168545659526494,1.1727664227109924
2026-04-30,71.77,0.0,0.287529,0.0,71.77,84.31,0.0,0.4549,0.0,84.31,1.1747248153824719,1.1729573134729292
2026-05-01,71.65,0.0,0.287529,0.0,71.65,84.17,0.0,0.4549,0.0,84.17,1.1747383112351708,1.1731595614149593
2026-05-04,71.11,0.0,0.287529,0.0,71.11,83.54,0.0,0.4549,0.0,83.54,1.1747996062438477,1.1730668015136285
2026-05-05,71.42,0.0,0.287529,0.0,71.42,84.06,0.0,0.4549,0.0,84.06,1.1769812377485298,1.1735058576506239
2026-05-06,71.44,0.0,0.287529,0.0,71.44,84.24,0.0,0.4549,0.0,84.24,1.179171332586786,1.1738964322041174
2026-05-07,71.08,0.0,0.287529,0.0,71.08,83.98,0.0,0.4549,0.0,83.98,1.1814856499718627,1.1743434841280302
2026-05-08,71.32,0.0,0.287529,0.0,71.32,84.18,0.0,0.4549,0.0,84.18,1.1803140773976446,1.1750812765786398
2026-05-11,71.3,0.0,0.287529,0.0,71.3,83.37,0.0,0.4549,0.0,83.37,1.1692847124824686,1.175420066728779
2026-05-12,72.21,0.0,0.287529,0.0,72.21,84.44,0.0,0.4549,0.0,84.44,1.1693671236670822,1.1756289835528653
2026-05-13,72.28,0.0,0.287529,0.0,72.28,84.72,0.0,0.4549,0.0,84.72,1.1721084670724957,1.1756819654155914
2026-05-14,72.49,0.0,0.287529,0.0,72.49,84.98,0.0,0.4549,0.0,84.98,1.1722996275348325,1.1757983835739423
2026-05-15,72.23,0.0,0.287529,0.0,72.23,84.64,0.0,0.4549,0.0,84.64,1.1718122663713137,1.1756902497398882
2026-05-18,72.88,0.0,0.287529,0.0,72.88,85.9,0.0,0.4549,0.0,85.9,1.178649835345774,1.1756801173835545
2026-05-19,72.7,0.0,0.287529,0.0,72.7,86.09,0.0,0.4549,0.0,86.09,1.184181568088033,1.1756106212551443
2026-05-20,72.45,0.0,0.287529,0.0,72.45,85.52,0.0,0.4549,0.0,85.52,1.18040027605245,1.17548209738308
2026-05-21,72.5,0.0,0.287529,0.0,72.5,84.66,0.0,0.4549,0.0,84.66,1.1677241379310344,1.1748301147463927
2026-05-22,72.88,0.0,0.287529,0.0,72.88,84.8,0.0,0.4549,0.0,84.8,1.163556531284303,1.1740965596571538
2026-05-26,71.72,0.0,0.287529,0.0,71.72,83.63,0.0,0.4549,0.0,83.63,1.1660624651422198,1.1736776746415505
2026-05-27,72.61,0.0,0.287529,0.0,72.61,84.58,0.0,0.4549,0.0,84.58,1.164853325988156,1.1735530513526486
2026-05-28,72.18,0.0,0.287529,0.0,72.18,84.43,0.0,0.4549,0.0,84.43,1.1697146023829315,1.1736114984954704
2026-05-29,71.11,0.0,0.287529,0.0,71.11,82.91,0.0,0.4549,0.0,82.91,1.1659400928139503,1.1731722623670442
2026-06-01,70.21,0.0,0.287529,0.0,70.21,82.03,0.0,0.4549,0.0,82.03,1.168352086597351,1.1728529511351533
2026-06-02,70.22,0.0,0.287529,0.0,70.22,81.83,0.0,0.4549,0.0,81.83,1.1653375106807178,1.1723798463569968
2026-06-03,70.39,0.0,0.287529,0.0,70.39,82.16,0.0,0.4549,0.0,82.16,1.1672112515982382,1.1718913470494823
2026-06-04,70.25,0.0,0.287529,0.0,70.25,82.04,0.0,0.4549,0.0,82.04,1.167829181494662,1.1713242394948762
2026-06-05,71.89,0.0,0.287529,0.0,71.89,83.44,0.0,0.4549,0.0,83.44,1.1606621226874392,1.1702830631306547
2026-06-08,71.37,0.0,0.287529,0.0,71.37,83.07,0.0,0.4549,0.0,83.07,1.163934426229508,1.169464080572248
2026-06-09,72.5,0.0,0.287529,0.0,72.5,84.1,0.0,0.4549,0.0,84.1,1.16,1.1689998449481247
2026-06-10,73.73,0.0,0.287529,0.0,73.73,85.49,0.0,0.4549,0.0,85.49,1.1595008815950087,1.1685065328445208
2026-06-11,73.37,0.0,0.287529,0.0,73.37,85.27,0.0,0.4549,0.0,85.27,1.1621916314569987,1.168010691063746
2026-06-12,73.88,0.0,0.287529,0.0,73.88,85.82,0.0,0.4549,0.0,85.82,1.1616134271792096,1.1674763810459647
2026-06-15,73.16,0.407465,0.694994,0.407465,73.567465,85.48,0.0,0.4549,0.0,85.48,1.1619266750594166,1.1669821014803703
2026-06-16,73.34,0.0,0.694994,0.407465,73.747465,85.59,0.0,0.4549,0.0,85.59,1.1605822654378697,1.1660787229849747
2026-06-17,72.07,0.0,0.694994,0.407465,72.477465,83.68,0.0,0.4549,0.0,83.68,1.1545657674423355,1.1645979329526899
2026-06-18,71.57,0.0,0.694994,0.407465,71.977465,83.3,0.0,0.4549,0.0,83.3,1.1573066653569974,1.1634432524179172
2026-06-22,71.08,0.0,0.694994,0.0,71.08,82.18,0.57419,1.02909,0.0,82.18,1.1561620709060214,1.1628651490666666
2026-06-23,72.42,0.0,0.694994,0.0,72.42,83.72,0.0,1.02909,0.0,83.72,1.156034244683789,1.162489034736641
2026-06-24,72.9,0.0,0.694994,0.0,72.9,84.44,0.0,1.02909,0.0,84.44,1.158299039780521,1.1621008634685561
2026-06-25,72.9,0.0,0.694994,0.0,72.9,83.94,0.0,1.02909,0.0,83.94,1.1514403292181068,1.1614302136300536
2026-06-26,73.65,0.0,0.694994,0.0,73.65,84.71,0.0,1.02909,0.0,84.71,1.1501697216564832,1.1604529695937313
2026-06-29,73.52,0.0,0.694994,0.0,73.52,84.37,0.0,1.02909,0.0,84.37,1.1475788900979327,1.1595349094579304
2026-06-30,72.66,0.0,0.694994,0.0,72.66,83.07,0.0,1.02909,0.0,83.07,1.1432700247729148,1.1582808063667085
2026-07-01,73.29,0.0,0.694994,0.0,73.29,83.3,0.0,1.02909,0.0,83.3,1.1365807067812796,1.1568429661717365
2026-07-02,74.81,0.0,0.694994,0.0,74.81,84.99,0.0,1.02909,0.0,84.99,1.136078064429889,1.155286306813319
2026-07-06,74.14,0.0,0.694994,0.0,74.14,84.1,0.0,1.02909,0.0,84.1,1.1343404370110601,1.153611869589139
2026-07-07,75.06,0.0,0.694994,0.0,75.06,84.86,0.0,1.02909,0.0,84.86,1.1305622168931522,1.1521068742994247
2026-07-08,74.32,0.0,0.694994,0.0,74.32,84.39,0.0,1.02909,0.0,84.39,1.1354951560818085,1.1506849107920396
2026-07-09,73.15,0.0,0.694994,0.0,73.15,83.2,0.0,1.02909,0.0,83.2,1.137388926862611,1.1495543571351703
2026-07-10,73.78,0.0,0.694994,0.0,73.78,84.12,0.0,1.02909,0.0,84.12,1.1401463811330985,1.1485866321120748
2026-07-13,74.18,0.0,0.694994,0.0,74.18,84.59,0.0,1.02909,0.0,84.59,1.140334321919655,1.1474937666352076
2026-07-14,73.09,0.0,0.694994,0.0,73.09,83.42,0.0,1.02909,0.0,83.42,1.1413326036393487,1.1464797254582146
2026-07-15,73.11,0.0,0.694994,0.0,73.11,83.47,0.0,1.02909,0.0,83.47,1.1417042812200793,1.1454686057662475
2026-07-16,75.25,0.0,0.694994,0.0,75.25,85.81,0.0,1.02909,0.0,85.81,1.1403322259136213,1.1444561037900354
2026-07-17,74.78,0.0,0.694994,0.0,74.78,85.19,0.0,1.02909,0.0,85.19,1.1392083444771328,1.1436882326417752
2026-07-20,74.48,0.0,0.694994,0.0,74.48,84.86,0.0,1.02909,0.0,84.86,1.1393662728249194,1.1427912130151712
2026-07-21,74.08,0.0,0.694994,0.0,74.08,84.06,0.0,1.02909,0.0,84.06,1.1347192224622031,1.14171907059298
2026-07-22,74.48,0.0,0.694994,0.0,74.48,84.38,0.0,1.02909,0.0,84.38,1.1329215896885068,1.1405634378432161
2026-07-23,73.69,0.0,0.694994,0.0,73.69,83.21,0.0,1.02909,0.0,83.21,1.129189849368978,1.139107978322639
2026-07-24,74.48,0.0,0.694994,0.0,74.48,84.13,0.0,1.02909,0.0,84.13,1.129564983888292,1.1380142110561482
2026-07-27,75.37,0.0,0.694994,0.0,75.37,85.36,0.0,1.02909,0.0,85.36,1.13254610587767,1.1371330302672076
2026-07-28,77.04,0.0,0.694994,0.0,77.04,87.06,0.0,1.02909,0.0,87.06,1.1300623052959502,1.1362572010271086
2026-07-29,76.85,0.0,0.694994,0.0,76.85,87.36,0.0,1.02909,0.0,87.36,1.1367599219258295,1.135931695884754
2026-07-30,75.34,0.0,0.694994,0.0,75.34,85.47,0.0,1.02909,0.0,85.47,1.1344571276878153,1.135825516930081
2026-07-31,74.72,0.0,0.694994,0.0,74.72,85.05,0.0,1.02909,0.0,85.05,1.1382494646680943,1.1359340869419914
2026-08-03,74.2,0.0,0.694994,0.0,74.2,84.86,0.0,1.02909,0.0,84.86,1.14366576819407,1.1364003535011418
2026-08-04,74.61,0.0,0.694994,0.0,74.61,85.37,0.0,1.02909,0.0,85.37,1.1442165929500068,1.1370830723039846
2026-08-05,74.75,0.0,0.694994,0.0,74.75,85.33,0.0,1.02909,0.0,85.33,1.1415384615384616,1.1373852375768172
2026-08-06,74.55,0.0,0.694994,0.0,74.55,85.11,0.0,1.02909,0.0,85.11,1.1416498993963784,1.1375982862035054
2026-08-07,74.45,0.0,0.694994,0.0,74.45,85.12,0.0,1.02909,0.0,85.12,1.1433176628609805,1.1377568502898998
2026-08-10,74.19,0.0,0.694994,0.0,74.19,84.95,0.0,1.02909,0.0,84.95,1.1450330233185066,1.137991785359842
2026-08-11,74.1,0.0,0.694994,0.0,74.1,84.69,0.0,1.02909,0.0,84.69,1.142914979757085,1.138070904165729
2026-08-12,73.87,0.0,0.694994,0.0,73.87,85.08,0.0,1.02909,0.0,85.08,1.151753079734669,1.1385733440914585
2026-08-13,74.43,0.0,0.694994,0.0,74.43,86.0,0.0,1.02909,0.0,86.0,1.1554480720139728,1.139329136396476
2026-08-14,74.84,0.0,0.694994,0.0,74.84,86.09,0.0,1.02909,0.0,86.09,1.1503206841261358,1.1398847533789263
2026-08-17,73.64,0.0,0.694994,0.0,73.64,84.68,0.0,1.02909,0.0,84.68,1.1499185225420967,1.1404123658647851
2026-08-18,74.44,0.0,0.694994,0.0,74.44,85.58,0.0,1.02909,0.0,85.58,1.1496507254164428,1.1411589410124972
2026-08-19,75.07,0.0,0.694994,0.0,75.07,86.54,0.0,1.02909,0.0,86.54,1.152790728653257,1.1421523979607346
2026-08-20,74.98,0.0,0.694994,0.0,74.98,85.32,0.0,1.02909,0.0,85.32,1.137903440917578,1.1425880775381647
2026-08-21,75.32,0.0,0.694994,0.0,75.32,85.99,0.0,1.02909,0.0,85.99,1.1416622411046202,1.1431929403989811
2026-08-24,76.23,0.0,0.694994,0.0,76.23,87.45,0.0,1.02909,0.0,87.45,1.147186147186147,1.143924942464405
2026-08-25,76.0,0.0,0.694994,0.0,76.0,86.52,0.0,1.02909,0.0,86.52,1.138421052631579,1.1443428798311863
2026-08-26,75.77,0.0,0.694994,0.0,75.77,86.27,0.0,1.02909,0.0,86.27,1.1385772733271744,1.1444337474012536
2026-08-27,74.69,0.0,0.694994,0.0,74.69,85.08,0.0,1.02909,0.0,85.08,1.1391083143660463,1.144666306735165
2026-08-28,75.16,0.0,0.694994,0.0,75.16,85.45,0.0,1.02909,0.0,85.45,1.136907929749867,1.1445992299892538
2026-08-31,74.66,0.0,0.694994,0.0,74.66,84.98,0.0,1.02909,0.0,84.98,1.1382266273774446,1.1443272729484226
2026-09-01,75.08,0.0,0.694994,0.0,75.08,85.25,0.0,1.02909,0.0,85.25,1.1354555141182738,1.143889219006836
2026-09-02,75.54,0.0,0.694994,0.0,75.54,85.53,0.0,1.02909,0.0,85.53,1.1322478157267672,1.1434246867162512
2026-09-03,75.13,0.0,0.694994,0.0,75.13,85.26,0.0,1.02909,0.0,85.26,1.1348329562092374,1.143083839556894
2026-09-04,74.47,0.0,0.694994,0.0,74.47,84.58,0.0,1.02909,0.0,84.58,1.1357593661877265,1.1427059247232312
2026-09-08,74.11,0.0,0.694994,0.0,74.11,84.02,0.0,1.02909,0.0,84.02,1.1337201457293213,1.1421402808437722
2026-09-09,73.34,0.0,0.694994,0.0,73.34,83.05,0.0,1.02909,0.0,83.05,1.1323970548131987,1.1416143845965778
2026-09-10,73.44,0.0,0.694994,0.0,73.44,83.09,0.0,1.02909,0.0,83.09,1.1313997821350763,1.1405967197165983
2026-09-11,73.66,0.0,0.694994,0.0,73.66,83.38,0.0,1.02909,0.0,83.38,1.1319576432256313,1.139422198277181
2026-09-14,74.4,0.0,0.694994,0.0,74.4,84.42,0.0,1.02909,0.0,84.42,1.1346774193548386,1.1386400350386163
2026-09-15,73.65,0.436503,1.131497,0.436503,74.08650300000001,83.73,0.0,1.02909,0.0,83.73,1.1301653689876547,1.1376523773608942
2026-09-16,73.18,0.0,1.131497,0.436503,73.61650300000001,83.33,0.0,1.02909,0.0,83.33,1.131947275463492,1.1367672048632467
2026-09-17,73.04,0.0,1.131497,0.436503,73.47650300000001,83.49,0.0,1.02909,0.0,83.49,1.136281621894825,1.1359417495253248
2026-09-18,72.38,0.0,1.131497,0.436503,72.816503,82.8,0.0,1.02909,0.0,82.8,1.1371048675600366,1.1359018208574478
2026-09-21,71.91,0.0,1.131497,0.0,71.91,81.92,0.5406,1.56969,0.0,81.92,1.1392017800027814,1.135778797802356
2026-09-22,72.46,0.0,1.131497,0.0,72.46,82.73,0.0,1.56969,0.0,82.73,1.1417333701352472,1.135506158949811
2026-09-23,72.16,0.0,1.131497,0.0,72.16,82.43,0.0,1.56969,0.0,82.43,1.1423226164079825,1.135701237138631
2026-09-24,71.69,0.0,1.131497,0.0,71.69,81.7,0.0,1.56969,0.0,81.7,1.13962895801367,1.135753821372956
2026-09-25,71.76,0.0,1.131497,0.0,71.76,82.06,0.0,1.56969,0.0,82.06,1.1435340022296543,1.1359751057661363
2026-09-28,71.83,0.0,1.131497,0.0,71.83,82.28,0.0,1.56969,0.0,82.28,1.1454823889739663,1.1364038287273412
2026-09-29,71.76,0.0,1.131497,0.0,71.76,81.85,0.0,1.56969,0.0,81.85,1.140607580824972,1.1365228763997177
2026-09-30,70.73,0.0,1.131497,0.0,70.73,80.6,0.0,1.56969,0.0,80.6,1.1395447476318392,1.136727338075396
2026-10-01,70.68,0.0,1.131497,0.0,70.68,80.33,0.0,1.56969,0.0,80.33,1.1365308432371248,1.1369414894509138
2026-10-02,70.91,0.0,1.131497,0.0,70.91,80.53,0.0,1.56969,0.0,80.53,1.135664927372726,1.1369830880090883
2026-10-05,71.62,0.0,1.131497,0.0,71.62,81.04,0.0,1.56969,0.0,81.04,1.1315275062831611,1.13677149501386
2026-10-06,71.98,0.0,1.131497,0.0,71.98,81.8,0.0,1.56969,0.0,81.8,1.136426785218116,1.1369068269882996
2026-10-07,72.17,0.0,1.131497,0.0,72.17,81.96,0.0,1.56969,0.0,81.96,1.135651932936123,1.137069570894446
