date,NWSA,div_NWSA,div_cumsum_NWSA,div_adj_NWSA,NWSA*,NWS,div_NWS,div_cumsum_NWS,div_adj_NWS,NWS*,ratio*,ratio*_ma
2026-01-02,26.19,0.0,0.0,0.0,26.19,29.77,0.0,0.0,0.0,29.77,1.1366933944253532,
2026-01-05,26.19,0.0,0.0,0.0,26.19,29.9,0.0,0.0,0.0,29.9,1.1416571210385642,
2026-01-06,26.46,0.0,0.0,0.0,26.46,30.1,0.0,0.0,0.0,30.1,1.1375661375661377,
2026-01-07,26.41,0.0,0.0,0.0,26.41,30.15,0.0,0.0,0.0,30.15,1.1416130253691783,
2026-01-08,26.45,0.0,0.0,0.0,26.45,30.26,0.0,0.0,0.0,30.26,1.1440453686200378,
2026-01-09,26.47,0.0,0.0,0.0,26.47,30.2,0.0,0.0,0.0,30.2,1.140914242538723,
2026-01-12,26.54,0.0,0.0,0.0,26.54,30.5,0.0,0.0,0.0,30.5,1.1492087415222307,
2026-01-13,26.63,0.0,0.0,0.0,26.63,30.61,0.0,0.0,0.0,30.61,1.1494555013143073,
2026-01-14,26.79,0.0,0.0,0.0,26.79,30.69,0.0,0.0,0.0,30.69,1.1455767077267638,
2026-01-15,26.7,0.0,0.0,0.0,26.7,30.7,0.0,0.0,0.0,30.7,1.149812734082397,
2026-01-16,26.25,0.0,0.0,0.0,26.25,30.29,0.0,0.0,0.0,30.29,1.1539047619047618,
2026-01-20,25.87,0.0,0.0,0.0,25.87,30.09,0.0,0.0,0.0,30.09,1.163123308851952,
2026-01-21,26.13,0.0,0.0,0.0,26.13,30.25,0.0,0.0,0.0,30.25,1.1576731725985459,
2026-01-22,26.73,0.0,0.0,0.0,26.73,30.95,0.0,0.0,0.0,30.95,1.1578750467639356,
2026-01-23,26.83,0.0,0.0,0.0,26.83,31.1,0.0,0.0,0.0,31.1,1.1591502049944093,
2026-01-26,26.9,0.0,0.0,0.0,26.9,31.01,0.0,0.0,0.0,31.01,1.1527881040892194,
2026-01-27,26.65,0.0,0.0,0.0,26.65,30.84,0.0,0.0,0.0,30.84,1.1572232645403377,
2026-01-28,26.59,0.0,0.0,0.0,26.59,30.61,0.0,0.0,0.0,30.61,1.1511846558856713,
2026-01-29,26.77,0.0,0.0,0.0,26.77,30.61,0.0,0.0,0.0,30.61,1.1434441539036235,
2026-01-30,27.03,0.0,0.0,0.0,27.03,31.1,0.0,0.0,0.0,31.1,1.1505734369219387,1.1491741542329046
2026-02-02,26.77,0.0,0.0,0.0,26.77,30.88,0.0,0.0,0.0,30.88,1.153530070974972,1.1500159880603853
2026-02-03,25.01,0.0,0.0,0.0,25.01,28.84,0.0,0.0,0.0,28.84,1.153138744502199,1.150590069233567
2026-02-04,24.69,0.0,0.0,0.0,24.69,28.09,0.0,0.0,0.0,28.09,1.1377075739165654,1.1505971410510885
2026-02-05,24.21,0.0,0.0,0.0,24.21,27.39,0.0,0.0,0.0,27.39,1.131350681536555,1.1500840238594574
2026-02-06,22.5,0.0,0.0,0.0,22.5,25.65,0.0,0.0,0.0,25.65,1.14,1.1498817554284553
2026-02-09,22.74,0.0,0.0,0.0,22.74,26.27,0.0,0.0,0.0,26.27,1.1552330694810906,1.1505976967755738
2026-02-10,23.58,0.0,0.0,0.0,23.58,27.2,0.0,0.0,0.0,27.2,1.1535199321458864,1.1508132563067566
2026-02-11,23.22,0.0,0.0,0.0,23.22,26.76,0.0,0.0,0.0,26.76,1.1524547803617573,1.1509632202591291
2026-02-12,22.4,0.0,0.0,0.0,22.4,25.66,0.0,0.0,0.0,25.66,1.1455357142857143,1.1509611705870766
2026-02-13,22.72,0.0,0.0,0.0,22.72,26.0,0.0,0.0,0.0,26.0,1.1443661971830987,1.1506888437421117
2026-02-17,23.19,0.0,0.0,0.0,23.19,26.32,0.0,0.0,0.0,26.32,1.1349719706770158,1.1497422041807244
2026-02-18,23.35,0.0,0.0,0.0,23.35,26.28,0.0,0.0,0.0,26.28,1.1254817987152035,1.147860128673887
2026-02-19,23.36,0.0,0.0,0.0,23.36,26.19,0.0,0.0,0.0,26.19,1.1211472602739727,1.1460338330576583
2026-02-20,23.65,0.0,0.0,0.0,23.65,26.55,0.0,0.0,0.0,26.55,1.1226215644820297,1.144271158943563
2026-02-23,23.0,0.0,0.0,0.0,23.0,25.84,0.0,0.0,0.0,25.84,1.1234782608695653,1.142487561737321
2026-02-24,23.18,0.0,0.0,0.0,23.18,26.04,0.0,0.0,0.0,26.04,1.1233822260569457,1.1410172678357073
2026-02-25,23.58,0.0,0.0,0.0,23.58,26.26,0.0,0.0,0.0,26.26,1.1136556403731979,1.1388388866273502
2026-02-26,24.32,0.0,0.0,0.0,24.32,26.94,0.0,0.0,0.0,26.94,1.1077302631578947,1.1366661669909612
2026-02-27,24.29,0.0,0.0,0.0,24.29,26.78,0.0,0.0,0.0,26.78,1.1025113215314946,1.1346195253723548
2026-03-02,23.97,0.0,0.0,0.0,23.97,26.41,0.0,0.0,0.0,26.41,1.101793909052983,1.132180548978907
2026-03-03,23.81,0.0,0.0,0.0,23.81,26.22,0.0,0.0,0.0,26.22,1.1012179756404872,1.129564944212183
2026-03-04,24.03,0.0,0.0,0.0,24.03,26.69,0.0,0.0,0.0,26.69,1.1106949646275488,1.1274427552184503
2026-03-05,24.28,0.0,0.0,0.0,24.28,26.94,0.0,0.0,0.0,26.94,1.1095551894563427,1.1260351359954393
2026-03-06,24.62,0.0,0.0,0.0,24.62,27.7,0.0,0.0,0.0,27.7,1.125101543460601,1.1257226790916417
2026-03-09,24.54,0.0,0.0,0.0,24.54,27.71,0.0,0.0,0.0,27.71,1.1291768541157294,1.1251815217974281
2026-03-10,24.03,0.0,0.0,0.0,24.03,27.22,0.0,0.0,0.0,27.22,1.132750728256346,1.1240574047361906
2026-03-11,24.24,0.0,0.0,0.0,24.24,27.43,0.0,0.0,0.0,27.43,1.1316006600660067,1.1229614411321966
2026-03-12,23.58,0.0,0.0,0.0,23.58,26.66,0.0,0.0,0.0,26.66,1.1306191687871079,1.1218696605534642
2026-03-13,23.7,0.0,0.0,0.0,23.7,26.76,0.0,0.0,0.0,26.76,1.129113924050633,1.1210485710417102
2026-03-16,24.2,0.0,0.0,0.0,24.2,27.36,0.0,0.0,0.0,27.36,1.1305785123966943,1.12035918680239
2026-03-17,24.34,0.0,0.0,0.0,24.34,27.37,0.0,0.0,0.0,27.37,1.1244864420706657,1.1198349103720724
2026-03-18,24.1,0.0,0.0,0.0,24.1,27.3,0.0,0.0,0.0,27.3,1.1327800829875518,1.12019982458569
2026-03-19,23.93,0.0,0.0,0.0,23.93,27.24,0.0,0.0,0.0,27.24,1.1383201002925198,1.1210584665866175
2026-03-20,24.05,0.0,0.0,0.0,24.05,27.39,0.0,0.0,0.0,27.39,1.1388773388773388,1.1218712553063825
2026-03-23,24.26,0.0,0.0,0.0,24.26,27.46,0.0,0.0,0.0,27.46,1.1319043693322342,1.1222925607295162
2026-03-24,23.97,0.0,0.0,0.0,23.97,27.17,0.0,0.0,0.0,27.17,1.133500208594076,1.1227984598563725
2026-03-25,24.27,0.0,0.0,0.0,24.27,27.59,0.0,0.0,0.0,27.59,1.1367943963741245,1.123955397656419
2026-03-26,24.26,0.0,0.0,0.0,24.26,27.55,0.0,0.0,0.0,27.55,1.1356141797197032,1.1253495934845095
2026-03-27,24.24,0.0,0.0,0.0,24.24,27.79,0.0,0.0,0.0,27.79,1.1464521452145215,1.127546634668661
2026-03-30,24.78,0.0,0.0,0.0,24.78,28.32,0.0,0.0,0.0,28.32,1.1428571428571428,1.1295997963588689
2026-03-31,24.93,0.0,0.0,0.0,24.93,28.51,0.0,0.0,0.0,28.51,1.143602085840353,1.131719001868862
2026-04-01,24.71,0.0,0.0,0.0,24.71,28.15,0.0,0.0,0.0,28.15,1.139214892755969,1.133144998275283
2026-04-02,24.4,0.0,0.0,0.0,24.4,28.11,0.0,0.0,0.0,28.11,1.152049180327869,1.1352696978188592
2026-04-06,24.47,0.0,0.0,0.0,24.47,28.14,0.0,0.0,0.0,28.14,1.14997956681651,1.1365135989866548
2026-04-07,24.43,0.0,0.0,0.0,24.43,28.1,0.0,0.0,0.0,28.1,1.150225133033156,1.1375660129325262
2026-04-08,24.89,0.0,0.0,0.0,24.89,28.7,0.0,0.0,0.0,28.7,1.153073523503415,1.1385821526948796
2026-04-09,24.59,0.0,0.0,0.0,24.59,28.4,0.0,0.0,0.0,28.4,1.1549410329402197,1.1397491713385903
2026-04-10,24.48,0.0,0.0,0.0,24.48,28.26,0.0,0.0,0.0,28.26,1.1544117647058825,1.140938801134529
2026-04-13,24.94,0.0,0.0,0.0,24.94,28.83,0.0,0.0,0.0,28.83,1.1559743384121892,1.1422818218526067
2026-04-14,25.03,0.0,0.0,0.0,25.03,28.83,0.0,0.0,0.0,28.83,1.1518178186176586,1.143343787163655
2026-04-15,25.33,0.0,0.0,0.0,25.33,29.15,0.0,0.0,0.0,29.15,1.1508093170153968,1.1446599309108916
2026-04-16,25.79,0.0,0.0,0.0,25.79,29.65,0.0,0.0,0.0,29.65,1.149670414889492,1.1455044475059886
2026-04-17,26.01,0.0,0.0,0.0,26.01,29.96,0.0,0.0,0.0,29.96,1.1518646674356017,1.1461816758631427
2026-04-20,25.97,0.0,0.0,0.0,25.97,29.98,0.0,0.0,0.0,29.98,1.1544089333846748,1.1469582555885096
2026-04-21,26.42,0.0,0.0,0.0,26.42,30.42,0.0,0.0,0.0,30.42,1.1514004542013625,1.1479330598319657
2026-04-22,26.65,0.0,0.0,0.0,26.65,30.74,0.0,0.0,0.0,30.74,1.1534709193245778,1.148931595368491
2026-04-23,26.31,0.0,0.0,0.0,26.31,30.4,0.0,0.0,0.0,30.4,1.1554541999239833,1.149864585545984
2026-04-24,26.2,0.0,0.0,0.0,26.2,30.24,0.0,0.0,0.0,30.24,1.1541984732824426,1.150793800224121
2026-04-27,26.41,0.0,0.0,0.0,26.41,30.55,0.0,0.0,0.0,30.55,1.156758803483529,1.1513091331375713
2026-04-28,26.16,0.0,0.0,0.0,26.16,30.14,0.0,0.0,0.0,30.14,1.1521406727828747,1.151773309633858
2026-04-29,26.24,0.0,0.0,0.0,26.24,30.25,0.0,0.0,0.0,30.25,1.1528201219512195,1.1522342114394013
2026-04-30,26.32,0.0,0.0,0.0,26.32,30.48,0.0,0.0,0.0,30.48,1.1580547112462005,1.153176202363913
2026-05-01,26.24,0.0,0.0,0.0,26.24,30.41,0.0,0.0,0.0,30.41,1.1589176829268293,1.1535196274938608
2026-05-04,25.8,0.0,0.0,0.0,25.8,29.82,0.0,0.0,0.0,29.82,1.155813953488372,1.1538113468274538
2026-05-05,25.44,0.0,0.0,0.0,25.44,29.38,0.0,0.0,0.0,29.38,1.1548742138364778,1.15404380086762
2026-05-06,26.2,0.0,0.0,0.0,26.2,30.23,0.0,0.0,0.0,30.23,1.1538167938931299,1.1540809643871057
2026-05-07,27.04,0.0,0.0,0.0,27.04,30.85,0.0,0.0,0.0,30.85,1.1409023668639053,1.1533790310832899
2026-05-08,27.02,0.0,0.0,0.0,27.02,31.31,0.0,0.0,0.0,31.31,1.1587712805329384,1.1535970068746428
2026-05-11,27.01,0.0,0.0,0.0,27.01,31.17,0.0,0.0,0.0,31.17,1.1540170307293596,1.1534991414905014
2026-05-12,26.54,0.0,0.0,0.0,26.54,30.41,0.0,0.0,0.0,30.41,1.1458176337603618,1.1531991322476365
2026-05-13,26.66,0.0,0.0,0.0,26.66,30.68,0.0,0.0,0.0,30.68,1.150787696924231,1.1531980512430782
2026-05-14,26.25,0.0,0.0,0.0,26.25,30.08,0.0,0.0,0.0,30.08,1.1459047619047618,1.1530097685938416
2026-05-15,25.92,0.0,0.0,0.0,25.92,29.74,0.0,0.0,0.0,29.74,1.1473765432098764,1.1527853623825552
2026-05-18,26.27,0.0,0.0,0.0,26.27,30.23,0.0,0.0,0.0,30.23,1.150742291587362,1.1526020302926898
2026-05-19,26.24,0.0,0.0,0.0,26.24,30.11,0.0,0.0,0.0,30.11,1.147484756097561,1.1524062453874997
2026-05-20,25.77,0.0,0.0,0.0,25.77,29.7,0.0,0.0,0.0,29.7,1.1525029103608848,1.152357844939315
2026-05-21,26.26,0.0,0.0,0.0,26.26,30.08,0.0,0.0,0.0,30.08,1.1454683929931453,1.151858554592773
2026-05-22,25.89,0.0,0.0,0.0,25.89,29.68,0.0,0.0,0.0,29.68,1.1463885670142913,1.1514680592793656
2026-05-26,26.2,0.0,0.0,0.0,26.2,29.95,0.0,0.0,0.0,29.95,1.1431297709923665,1.1507866076548074
2026-05-27,26.61,0.0,0.0,0.0,26.61,30.47,0.0,0.0,0.0,30.47,1.1450582487786547,1.1504324864545965
2026-05-28,26.52,0.0,0.0,0.0,26.52,30.34,0.0,0.0,0.0,30.34,1.1440422322775263,1.1499935919709119
2026-05-29,26.1,0.0,0.0,0.0,26.1,29.82,0.0,0.0,0.0,29.82,1.1425287356321838,1.149217293190211
2026-06-01,26.8,0.0,0.0,0.0,26.8,30.68,0.0,0.0,0.0,30.68,1.144776119402985,1.1485102150140187
2026-06-02,26.41,0.0,0.0,0.0,26.41,30.18,0.0,0.0,0.0,30.18,1.1427489587277546,1.1478569652759878
2026-06-03,26.05,0.0,0.0,0.0,26.05,29.82,0.0,0.0,0.0,29.82,1.144721689059501,1.147349339037139
2026-06-04,26.84,0.0,0.0,0.0,26.84,30.78,0.0,0.0,0.0,30.78,1.146795827123696,1.1469982906986673
2026-06-05,27.26,0.0,0.0,0.0,27.26,31.19,0.0,0.0,0.0,31.19,1.144167278063096,1.147161536258627
2026-06-08,27.06,0.0,0.0,0.0,27.06,31.03,0.0,0.0,0.0,31.03,1.1467110125646711,1.1465585228602135
2026-06-09,27.2,0.0,0.0,0.0,27.2,31.06,0.0,0.0,0.0,31.06,1.1419117647058823,1.1459532595590396
2026-06-10,26.97,0.0,0.0,0.0,26.97,30.9,0.0,0.0,0.0,30.9,1.1457174638487209,1.1459482510634575
2026-06-11,26.3,0.0,0.0,0.0,26.3,30.13,0.0,0.0,0.0,30.13,1.1456273764258555,1.145690235038539
2026-06-12,25.68,0.0,0.0,0.0,25.68,29.26,0.0,0.0,0.0,29.26,1.1394080996884737,1.1453654019277244
2026-06-15,25.7,0.0,0.0,0.0,25.7,29.25,0.0,0.0,0.0,29.25,1.1381322957198443,1.1449031895532227
2026-06-16,25.93,0.0,0.0,0.0,25.93,29.55,0.0,0.0,0.0,29.55,1.1396066332433474,1.144346406636022
2026-06-17,25.98,0.0,0.0,0.0,25.98,29.6,0.0,0.0,0.0,29.6,1.1393379522709777,1.143939066444693
2026-06-18,25.28,0.0,0.0,0.0,25.28,28.75,0.0,0.0,0.0,28.75,1.137262658227848,1.143177053838041
2026-06-22,24.61,0.0,0.0,0.0,24.61,27.92,0.0,0.0,0.0,27.92,1.1344981714750102,1.1426285427621343
2026-06-23,24.98,0.0,0.0,0.0,24.98,28.3,0.0,0.0,0.0,28.3,1.132906325060048,1.141954430664422
2026-06-24,25.23,0.0,0.0,0.0,25.23,28.53,0.0,0.0,0.0,28.53,1.1307966706302022,1.141337775646314
2026-06-25,25.03,0.0,0.0,0.0,25.03,28.34,0.0,0.0,0.0,28.34,1.1322413104274869,1.1406969287287556
2026-06-26,25.41,0.0,0.0,0.0,25.41,28.73,0.0,0.0,0.0,28.73,1.1306572215663124,1.1400276781931948
2026-06-29,25.26,0.0,0.0,0.0,25.26,28.55,0.0,0.0,0.0,28.55,1.1302454473475851,1.139413513778965
2026-06-30,24.83,0.0,0.0,0.0,24.83,28.06,0.0,0.0,0.0,28.06,1.130084575110753,1.1386789365643533
2026-07-01,25.78,0.0,0.0,0.0,25.78,29.25,0.0,0.0,0.0,29.25,1.134600465477114,1.1382715119018214
2026-07-02,26.64,0.0,0.0,0.0,26.64,30.17,0.0,0.0,0.0,30.17,1.1325075075075075,1.1376608028242217
2026-07-06,26.64,0.0,0.0,0.0,26.64,30.02,0.0,0.0,0.0,30.02,1.1268768768768769,1.1366648553118808
2026-07-07,26.92,0.0,0.0,0.0,26.92,30.47,0.0,0.0,0.0,30.47,1.1318722139673105,1.1360501021070912
2026-07-08,26.72,0.0,0.0,0.0,26.72,30.1,0.0,0.0,0.0,30.1,1.1264970059880242,1.135039401778259
2026-07-09,27.49,0.0,0.0,0.0,27.49,31.13,0.0,0.0,0.0,31.13,1.132411786104038,1.134564402848167
2026-07-10,27.37,0.0,0.0,0.0,27.37,30.93,0.0,0.0,0.0,30.93,1.1300694190719767,1.1337820006093295
2026-07-13,27.73,0.0,0.0,0.0,27.73,31.41,0.0,0.0,0.0,31.41,1.132708258204111,1.1331360446982424
2026-07-14,27.6,0.0,0.0,0.0,27.6,31.15,0.0,0.0,0.0,31.15,1.128623188405797,1.1325967991341084
2026-07-15,27.98,0.0,0.0,0.0,27.98,31.66,0.0,0.0,0.0,31.66,1.1315225160829163,1.132266310152262
2026-07-16,28.69,0.0,0.0,0.0,28.69,32.54,0.0,0.0,0.0,32.54,1.1341930986406412,1.1319956334221268
2026-07-17,28.43,0.0,0.0,0.0,28.43,32.42,0.0,0.0,0.0,32.42,1.140344706296166,1.1320459711233863
2026-07-20,28.29,0.0,0.0,0.0,28.29,32.21,0.0,0.0,0.0,32.21,1.1385648639095087,1.1321110814074693
2026-07-21,27.53,0.0,0.0,0.0,27.53,31.21,0.0,0.0,0.0,31.21,1.1336723574282601,1.1320697907051318
2026-07-22,27.34,0.0,0.0,0.0,27.34,30.95,0.0,0.0,0.0,30.95,1.1320409656181418,1.1320265227330366
2026-07-23,26.33,0.0,0.0,0.0,26.33,29.75,0.0,0.0,0.0,29.75,1.129889859475883,1.1319811821753205
2026-07-24,26.76,0.0,0.0,0.0,26.76,30.19,0.0,0.0,0.0,30.19,1.1281763826606876,1.1317779357869804
2026-07-27,27.29,0.0,0.0,0.0,27.29,30.92,0.0,0.0,0.0,30.92,1.1330157566874315,1.1318958625430364
2026-07-28,28.18,0.0,0.0,0.0,28.18,31.81,0.0,0.0,0.0,31.81,1.1288147622427254,1.1318243282877936
2026-07-29,28.82,0.0,0.0,0.0,28.82,32.64,0.0,0.0,0.0,32.64,1.1325468424705065,1.131947441655781
2026-07-30,28.09,0.0,0.0,0.0,28.09,31.8,0.0,0.0,0.0,31.8,1.1320754716981132,1.131821191966831
2026-07-31,27.56,0.0,0.0,0.0,27.56,31.27,0.0,0.0,0.0,31.27,1.1346153846153846,1.131926585822225
2026-08-03,27.94,0.0,0.0,0.0,27.94,31.79,0.0,0.0,0.0,31.79,1.1377952755905512,1.1324725057579088
2026-08-04,28.59,0.0,0.0,0.0,28.59,32.72,0.0,0.0,0.0,32.72,1.1444561035327037,1.1331017002361783
2026-08-05,29.06,0.0,0.0,0.0,29.06,33.13,0.0,0.0,0.0,33.13,1.140055058499656,1.13377960286176
2026-08-06,29.67,0.0,0.0,0.0,29.67,33.87,0.0,0.0,0.0,33.87,1.1415571284125379,1.134236869977185
2026-08-07,28.52,0.0,0.0,0.0,28.52,32.45,0.0,0.0,0.0,32.45,1.1377980364656384,1.1346233008468682
2026-08-10,28.49,0.0,0.0,0.0,28.49,32.5,0.0,0.0,0.0,32.5,1.1407511407511408,1.1350254449742194
2026-08-11,28.63,0.0,0.0,0.0,28.63,32.67,0.0,0.0,0.0,32.67,1.1411107230178137,1.1356498217048203
2026-08-12,28.67,0.0,0.0,0.0,28.67,32.68,0.0,0.0,0.0,32.68,1.1398674572724101,1.136067068764295
2026-08-13,28.94,0.0,0.0,0.0,28.94,32.93,0.0,0.0,0.0,32.93,1.1378714581893572,1.136250986741731
2026-08-14,29.16,0.0,0.0,0.0,29.16,33.17,0.0,0.0,0.0,33.17,1.137517146776406,1.136109608765743
2026-08-17,28.7,0.0,0.0,0.0,28.7,32.68,0.0,0.0,0.0,32.68,1.1386759581881534,1.136115163479675
2026-08-18,29.39,0.0,0.0,0.0,29.39,33.49,0.0,0.0,0.0,33.49,1.13950323239197,1.1364067072278605
2026-08-19,29.45,0.0,0.0,0.0,29.45,33.53,0.0,0.0,0.0,33.53,1.138539898132428,1.1367316538535748
2026-08-20,29.65,0.0,0.0,0.0,29.65,33.78,0.0,0.0,0.0,33.78,1.1392917369308602,1.1372017477263239
2026-08-21,30.38,0.0,0.0,0.0,30.38,34.55,0.0,0.0,0.0,34.55,1.1372613561553653,1.1376559964010577
2026-08-24,30.76,0.0,0.0,0.0,30.76,35.05,0.0,0.0,0.0,35.05,1.1394668400520154,1.137978550569287
2026-08-25,30.92,0.0,0.0,0.0,30.92,35.15,0.0,0.0,0.0,35.15,1.1368046571798187,1.1383780453161416
2026-08-26,30.96,0.0,0.0,0.0,30.96,35.24,0.0,0.0,0.0,35.24,1.1382428940568476,1.1386628478954586
2026-08-27,31.19,0.0,0.0,0.0,31.19,35.32,0.0,0.0,0.0,35.32,1.1324142353318372,1.138679786077145
2026-08-28,30.97,0.0,0.0,0.0,30.97,34.85,0.0,0.0,0.0,34.85,1.1252825314820796,1.1382131434204794
2026-08-31,30.71,0.0,0.0,0.0,30.71,34.41,0.0,0.0,0.0,34.41,1.1204819277108433,1.137347476026494
2026-09-01,30.63,0.0,0.0,0.0,30.63,34.23,0.0,0.0,0.0,34.23,1.117531831537708,1.1360012624267444
2026-09-02,30.65,0.0,0.0,0.0,30.65,34.41,0.0,0.0,0.0,34.41,1.1226753670473082,1.1351322778541268
2026-09-03,30.95,0.0,0.0,0.0,30.95,34.72,0.0,0.0,0.0,34.72,1.1218093699515348,1.1341448899310769
2026-09-04,30.39,0.0,0.0,0.0,30.39,33.9,0.0,0.0,0.0,33.9,1.115498519249753,1.1330299140702826
2026-09-08,29.82,0.0,0.0,0.0,29.82,33.34,0.0,0.0,0.0,33.34,1.1180415828303154,1.1318944361742413
2026-09-09,29.61,0.0,0.0,0.0,29.61,33.08,0.0,0.0,0.0,33.08,1.1171901384667342,1.1306984069466872
2026-09-10,29.38,0.0,0.0,0.0,29.38,32.78,0.0,0.0,0.0,32.78,1.1157249829816203,1.1294912832321478
2026-09-11,29.44,0.0,0.0,0.0,29.44,32.71,0.0,0.0,0.0,32.71,1.1110733695652173,1.128151378800941
2026-09-14,30.56,0.0,0.0,0.0,30.56,33.86,0.0,0.0,0.0,33.86,1.1079842931937174,1.1266747361218064
2026-09-15,30.44,0.0,0.0,0.0,30.44,33.78,0.0,0.0,0.0,33.78,1.109724047306176,1.1252271405777077
2026-09-16,30.19,0.0,0.0,0.0,30.19,33.44,0.0,0.0,0.0,33.44,1.1076515402451141,1.1236345559703647
2026-09-17,30.18,0.0,0.0,0.0,30.18,33.37,0.0,0.0,0.0,33.37,1.1056991385023194,1.1219925179888592
2026-09-18,29.78,0.0,0.0,0.0,29.78,32.68,0.0,0.0,0.0,32.68,1.0973807924781733,1.119896970766225
2026-09-21,29.7,0.0,0.0,0.0,29.7,32.86,0.0,0.0,0.0,32.86,1.1063973063973065,1.1183537682783222
2026-09-22,29.25,0.0,0.0,0.0,29.25,32.38,0.0,0.0,0.0,32.38,1.1070085470085471,1.1167308536261484
2026-09-23,28.12,0.0,0.0,0.0,28.12,31.22,0.0,0.0,0.0,31.22,1.1102418207681364,1.1154027118055645
2026-09-24,28.44,0.0,0.0,0.0,28.44,31.56,0.0,0.0,0.0,31.56,1.109704641350211,1.1139757991702326
2026-09-25,28.49,0.0,0.0,0.0,28.49,31.75,0.0,0.0,0.0,31.75,1.1144261144261145,1.1130763931249466
2026-09-28,29.1,0.0,0.0,0.0,29.1,32.24,0.0,0.0,0.0,32.24,1.1079037800687286,1.112207455554279
2026-09-29,28.52,0.0,0.0,0.0,28.52,31.5,0.0,0.0,0.0,31.5,1.1044880785413744,1.1114077630958055
2026-09-30,28.65,0.0,0.0,0.0,28.65,31.72,0.0,0.0,0.0,31.72,1.1071553228621291,1.1108889376620266
2026-10-01,28.64,0.0,0.0,0.0,28.64,31.45,0.0,0.0,0.0,31.45,1.0981145251396647,1.1096608955666443
2026-10-02,28.69,0.0,0.0,0.0,28.69,31.65,0.0,0.0,0.0,31.65,1.1031718368769605,1.1087290189129155
2026-10-05,28.95,0.0,0.0,0.0,28.95,32.0,0.0,0.0,0.0,32.0,1.1053540587219344,1.1082217958865246
2026-10-06,28.55,0.0,0.0,0.0,28.55,31.52,0.0,0.0,0.0,31.52,1.1040280210157618,1.1075211177957969
2026-10-07,28.57,0.0,0.0,0.0,28.57,31.55,0.0,0.0,0.0,31.55,1.104305215260763,1.1068768716354984
