date,SCHQ,div_SCHQ,div_cumsum_SCHQ,div_adj_SCHQ,SCHQ*,VGLT,div_VGLT,div_cumsum_VGLT,div_adj_VGLT,VGLT*,ratio*,ratio*_ma
2026-01-02,31.65,0.0,0.0,0.0,31.65,55.69,0.0,0.0,0.0,55.69,1.75955766192733,
2026-01-05,31.78,0.0,0.0,0.0,31.78,55.93,0.0,0.0,0.0,55.93,1.7599118942731278,
2026-01-06,31.74,0.0,0.0,0.0,31.74,55.84,0.0,0.0,0.0,55.84,1.7592942659105233,
2026-01-07,31.9,0.0,0.0,0.0,31.9,56.14,0.0,0.0,0.0,56.14,1.7598746081504704,
2026-01-08,31.75,0.0,0.0,0.0,31.75,55.86,0.0,0.0,0.0,55.86,1.7593700787401574,
2026-01-09,31.93,0.0,0.0,0.0,31.93,56.17,0.0,0.0,0.0,56.17,1.759160663952396,
2026-01-12,31.84,0.0,0.0,0.0,31.84,56.03,0.0,0.0,0.0,56.03,1.7597361809045227,
2026-01-13,31.88,0.0,0.0,0.0,31.88,56.11,0.0,0.0,0.0,56.11,1.7600376411543288,
2026-01-14,32.07,0.0,0.0,0.0,32.07,56.43,0.0,0.0,0.0,56.43,1.7595884003741815,
2026-01-15,32.05,0.0,0.0,0.0,32.05,56.4,0.0,0.0,0.0,56.4,1.7597503900156006,
2026-01-16,31.86,0.0,0.0,0.0,31.86,56.07,0.0,0.0,0.0,56.07,1.7598870056497176,
2026-01-20,31.49,0.0,0.0,0.0,31.49,55.42,0.0,0.0,0.0,55.42,1.759923785328676,
2026-01-21,31.7,0.0,0.0,0.0,31.7,55.8,0.0,0.0,0.0,55.8,1.7602523659305993,
2026-01-22,31.82,0.0,0.0,0.0,31.82,56.0,0.0,0.0,0.0,56.0,1.759899434318039,
2026-01-23,31.89,0.0,0.0,0.0,31.89,56.11,0.0,0.0,0.0,56.11,1.7594857322044528,
2026-01-26,32.02,0.0,0.0,0.0,32.02,56.36,0.0,0.0,0.0,56.36,1.760149906308557,
2026-01-27,31.85,0.0,0.0,0.0,31.85,56.07,0.0,0.0,0.0,56.07,1.7604395604395604,
2026-01-28,31.8,0.0,0.0,0.0,31.8,55.95,0.0,0.0,0.0,55.95,1.759433962264151,
2026-01-29,31.8,0.0,0.0,0.0,31.8,55.97,0.0,0.0,0.0,55.97,1.760062893081761,
2026-01-30,31.67,0.0,0.0,0.0,31.67,55.73,0.0,0.0,0.0,55.73,1.759709504262709,1.759776296759543
2026-02-02,31.44,0.0,0.0,0.0,31.44,55.38,0.0,0.0,0.0,55.38,1.7614503816793894,1.759870932747146
2026-02-03,31.5,0.0,0.0,0.0,31.5,55.47,0.0,0.0,0.0,55.47,1.7609523809523808,1.7599229570811086
2026-02-04,31.43,0.0,0.0,0.0,31.43,55.35,0.0,0.0,0.0,55.35,1.7610563156220171,1.7600110595666834
2026-02-05,31.73,0.0,0.0,0.0,31.73,55.91,0.0,0.0,0.0,55.91,1.762054837693035,1.7601200710438119
2026-02-06,31.74,0.0,0.0,0.0,31.74,55.92,0.0,0.0,0.0,55.92,1.7618147448015125,1.7602423043468793
2026-02-09,31.76,0.0,0.0,0.0,31.76,55.94,0.0,0.0,0.0,55.94,1.7613350125944582,1.7603510217789826
2026-02-10,32.07,0.0,0.0,0.0,32.07,56.5,0.0,0.0,0.0,56.5,1.761771125662613,1.760452769016887
2026-02-11,31.93,0.0,0.0,0.0,31.93,56.23,0.0,0.0,0.0,56.23,1.7610397745067334,1.7605028756845074
2026-02-12,32.31,0.0,0.0,0.0,32.31,56.9,0.0,0.0,0.0,56.9,1.7610646858557721,1.7605766899585866
2026-02-13,32.46,0.0,0.0,0.0,32.46,57.18,0.0,0.0,0.0,57.18,1.7615526802218113,1.7606668044688973
2026-02-17,32.52,0.0,0.0,0.0,32.52,57.29,0.0,0.0,0.0,57.29,1.7616851168511682,1.76075671002897
2026-02-18,32.41,0.0,0.0,0.0,32.41,57.09,0.0,0.0,0.0,57.09,1.7614933662449863,1.760835189074785
2026-02-19,32.44,0.0,0.0,0.0,32.44,57.16,0.0,0.0,0.0,57.16,1.7620221948212085,1.7609236805193156
2026-02-20,32.39,0.0,0.0,0.0,32.39,57.05,0.0,0.0,0.0,57.05,1.7613460944736028,1.7609960135270941
2026-02-23,32.5,0.0,0.0,0.0,32.5,57.26,0.0,0.0,0.0,57.26,1.7618461538461538,1.7611140346091791
2026-02-24,32.55,0.0,0.0,0.0,32.55,57.32,0.0,0.0,0.0,57.32,1.760983102918587,1.7611556944396807
2026-02-25,32.55,0.0,0.0,0.0,32.55,57.32,0.0,0.0,0.0,57.32,1.760983102918587,1.7611828715636317
2026-02-26,32.68,0.0,0.0,0.0,32.68,57.54,0.0,0.0,0.0,57.54,1.7607099143206855,1.7612466691664586
2026-02-27,32.84,0.0,0.0,0.0,32.84,57.84,0.0,0.0,0.0,57.84,1.761266747868453,1.761306861905793
2026-03-02,32.44,0.0,0.0,0.0,32.44,57.14,0.0,0.0,0.0,57.14,1.7614056720098645,1.761391670293151
2026-03-03,32.39,0.0,0.0,0.0,32.39,57.03,0.0,0.0,0.0,57.03,1.7607286199444272,1.7613555822064026
2026-03-04,32.28,0.0,0.0,0.0,32.28,56.87,0.0,0.0,0.0,56.87,1.7617719950433703,1.7613965629109525
2026-03-05,32.15,0.0,0.0,0.0,32.15,56.63,0.0,0.0,0.0,56.63,1.7614307931570763,1.7614152867877053
2026-03-06,32.05,0.0,0.0,0.0,32.05,56.45,0.0,0.0,0.0,56.45,1.761310452418097,1.761378067523958
2026-03-09,32.28,0.0,0.0,0.0,32.28,56.86,0.0,0.0,0.0,56.86,1.761462205700124,1.761360440568889
2026-03-10,32.0,0.0,0.0,0.0,32.0,56.35,0.0,0.0,0.0,56.35,1.7609375,1.7613405649391658
2026-03-11,31.62,0.0,0.0,0.0,31.62,55.7,0.0,0.0,0.0,55.7,1.7615433270082226,1.7613291750064466
2026-03-12,31.55,0.0,0.0,0.0,31.55,55.55,0.0,0.0,0.0,55.55,1.7606973058637083,1.7613120515742953
2026-03-13,31.4,0.0,0.0,0.0,31.4,55.29,0.0,0.0,0.0,55.29,1.7608280254777071,1.761300218555392
2026-03-16,31.63,0.0,0.0,0.0,31.63,55.7,0.0,0.0,0.0,55.7,1.7609864053114133,1.7612719048098722
2026-03-17,31.73,0.0,0.0,0.0,31.73,55.88,0.0,0.0,0.0,55.88,1.7611093602269146,1.7612431169786593
2026-03-18,31.54,0.0,0.0,0.0,31.54,55.55,0.0,0.0,0.0,55.55,1.7612555485098287,1.7612312260919016
2026-03-19,31.7,0.0,0.0,0.0,31.7,55.82,0.0,0.0,0.0,55.82,1.7608832807570978,1.7611742803886963
2026-03-20,31.11,0.0,0.0,0.0,31.11,54.78,0.0,0.0,0.0,54.78,1.7608486017357763,1.7611494057518045
2026-03-23,31.29,0.0,0.0,0.0,31.29,55.12,0.0,0.0,0.0,55.12,1.761585170981144,1.7611363566085543
2026-03-24,31.18,0.0,0.0,0.0,31.18,54.9,0.0,0.0,0.0,54.9,1.7607440667094292,1.7611244047980965
2026-03-25,31.45,0.0,0.0,0.0,31.45,55.39,0.0,0.0,0.0,55.39,1.7612082670906202,1.7611356630066979
2026-03-26,31.2,0.0,0.0,0.0,31.2,54.94,0.0,0.0,0.0,54.94,1.7608974358974359,1.7611450390855357
2026-03-27,31.04,0.0,0.0,0.0,31.04,54.7,0.0,0.0,0.0,54.7,1.7622422680412373,1.7611938150941746
2026-03-30,31.44,0.0,0.0,0.0,31.44,55.37,0.0,0.0,0.0,55.37,1.7611323155216283,1.7611801472697628
2026-03-31,31.43,0.0,0.0,0.0,31.43,55.36,0.0,0.0,0.0,55.36,1.7613744829780464,1.7612124404214442
2026-04-01,31.29,0.0,0.0,0.0,31.29,55.1,0.0,0.0,0.0,55.1,1.7609459891339088,1.7611711401259709
2026-04-02,31.45,0.0,0.0,0.0,31.45,55.37,0.0,0.0,0.0,55.37,1.7605723370429252,1.7611282173202631
2026-04-06,31.41,0.0,0.0,0.0,31.41,55.3,0.0,0.0,0.0,55.3,1.7605858007004138,1.7610919847343791
2026-04-07,31.39,0.0,0.0,0.0,31.39,55.3,0.0,0.0,0.0,55.3,1.7617075501752149,1.7611042519581335
2026-04-08,31.51,0.0,0.0,0.0,31.51,55.5,0.0,0.0,0.0,55.5,1.7613456045699778,1.7611246571866328
2026-04-09,31.46,0.0,0.0,0.0,31.46,55.4,0.0,0.0,0.0,55.4,1.7609663064208518,1.761095806157264
2026-04-10,31.37,0.0,0.0,0.0,31.37,55.26,0.0,0.0,0.0,55.26,1.7615556263946444,1.7611387221838108
2026-04-13,31.47,0.0,0.0,0.0,31.47,55.43,0.0,0.0,0.0,55.43,1.761360025421036,1.761165322180977
2026-04-14,31.64,0.0,0.0,0.0,31.64,55.71,0.0,0.0,0.0,55.71,1.7607458912768648,1.7611532964792498
2026-04-15,31.51,0.0,0.0,0.0,31.51,55.49,0.0,0.0,0.0,55.49,1.7610282450015868,1.7611492407179834
2026-04-16,31.34,0.0,0.0,0.0,31.34,55.19,0.0,0.0,0.0,55.19,1.761008296107211,1.7611368780978527
2026-04-17,31.6,0.0,0.0,0.0,31.6,55.65,0.0,0.0,0.0,55.65,1.7610759493670884,1.7611465115283522
2026-04-20,31.58,0.0,0.0,0.0,31.58,55.64,0.0,0.0,0.0,55.64,1.7618746041798607,1.7611978116505564
2026-04-21,31.4,0.0,0.0,0.0,31.4,55.32,0.0,0.0,0.0,55.32,1.761783439490446,1.7612077250760212
2026-04-22,31.47,0.0,0.0,0.0,31.47,55.44,0.0,0.0,0.0,55.44,1.761677788369876,1.7612544111590438
2026-04-23,31.42,0.0,0.0,0.0,31.42,55.32,0.0,0.0,0.0,55.32,1.7606619987269254,1.7612270977408593
2026-04-24,31.49,0.0,0.0,0.0,31.49,55.43,0.0,0.0,0.0,55.43,1.7602413464591935,1.7611942932689466
2026-04-27,31.32,0.0,0.0,0.0,31.32,55.18,0.0,0.0,0.0,55.18,1.7618135376756066,1.7611728567506653
2026-04-28,31.34,0.0,0.0,0.0,31.34,55.22,0.0,0.0,0.0,55.22,1.7619655392469686,1.7612145179369325
2026-04-29,31.1,0.0,0.0,0.0,31.1,54.79,0.0,0.0,0.0,54.79,1.7617363344051447,1.7612326105082872
2026-04-30,31.09,0.0,0.0,0.0,31.09,54.77,0.0,0.0,0.0,54.77,1.7616596976519783,1.7612682959341908
2026-05-01,31.08,0.0,0.0,0.0,31.08,54.73,0.0,0.0,0.0,54.73,1.760939510939511,1.76128665462902
2026-05-04,30.87,0.0,0.0,0.0,30.87,54.36,0.0,0.0,0.0,54.36,1.760932944606414,1.7613040118243202
2026-05-05,31.01,0.0,0.0,0.0,31.01,54.61,0.0,0.0,0.0,54.61,1.7610448242502417,1.7612708755280715
2026-05-06,31.25,0.0,0.0,0.0,31.25,55.03,0.0,0.0,0.0,55.03,1.76096,1.7612515952995722
2026-05-07,31.11,0.0,0.0,0.0,31.11,54.79,0.0,0.0,0.0,54.79,1.7611700417872067,1.7612617820678902
2026-05-08,31.24,0.0,0.0,0.0,31.24,55.02,0.0,0.0,0.0,55.02,1.7612035851472474,1.7612441800055205
2026-05-11,31.06,0.0,0.0,0.0,31.06,54.72,0.0,0.0,0.0,54.72,1.7617514488087573,1.7612637511749063
2026-05-12,30.88,0.0,0.0,0.0,30.88,54.38,0.0,0.0,0.0,54.38,1.7610103626943006,1.761276974745778
2026-05-13,30.81,0.0,0.0,0.0,30.81,54.28,0.0,0.0,0.0,54.28,1.7617656604998377,1.7613138455206907
2026-05-14,30.85,0.0,0.0,0.0,30.85,54.34,0.0,0.0,0.0,54.34,1.7614262560777958,1.76133474351922
2026-05-15,30.42,0.0,0.0,0.0,30.42,53.58,0.0,0.0,0.0,53.58,1.7613412228796843,1.7613480071948497
2026-05-18,30.38,0.0,0.0,0.0,30.38,53.52,0.0,0.0,0.0,53.52,1.761685319289006,1.7613385429503068
2026-05-19,30.2,0.0,0.0,0.0,30.2,53.19,0.0,0.0,0.0,53.19,1.7612582781456954,1.7613122848830696
2026-05-20,30.5,0.0,0.0,0.0,30.5,53.73,0.0,0.0,0.0,53.73,1.761639344262295,1.7613103626776905
2026-05-21,30.61,0.0,0.0,0.0,30.61,53.91,0.0,0.0,0.0,53.91,1.7611891538712838,1.7613367204349082
2026-05-22,30.72,0.0,0.0,0.0,30.72,54.13,0.0,0.0,0.0,54.13,1.7620442708333335,1.7614268666536155
2026-05-26,30.9,0.0,0.0,0.0,30.9,54.44,0.0,0.0,0.0,54.44,1.7618122977346278,1.7614268046565666
2026-05-27,30.98,0.0,0.0,0.0,30.98,54.55,0.0,0.0,0.0,54.55,1.760813428018076,1.7613691990951217
2026-05-28,31.11,0.0,0.0,0.0,31.11,54.81,0.0,0.0,0.0,54.81,1.7618129218900676,1.761373028469368
2026-05-29,31.12,0.0,0.0,0.0,31.12,54.84,0.0,0.0,0.0,54.84,1.7622107969151672,1.7614005834325277
2026-06-01,30.99,0.0,0.0,0.0,30.99,54.62,0.0,0.0,0.0,54.62,1.7625040335592126,1.7614788095635128
2026-06-02,31.06,0.0,0.0,0.0,31.06,54.75,0.0,0.0,0.0,54.75,1.7627173213135867,1.7615680283988713
2026-06-03,30.92,0.0,0.0,0.0,30.92,54.53,0.0,0.0,0.0,54.53,1.7635834411384217,1.7616949592432802
2026-06-04,31.0,0.0,0.0,0.0,31.0,54.66,0.0,0.0,0.0,54.66,1.7632258064516129,1.761808249565861
2026-06-05,30.82,0.0,0.0,0.0,30.82,54.34,0.0,0.0,0.0,54.34,1.763140817650876,1.7619067883590442
2026-06-08,30.7,0.0,0.0,0.0,30.7,54.12,0.0,0.0,0.0,54.12,1.7628664495114006,1.7619899315772518
2026-06-09,30.87,0.0,0.0,0.0,30.87,54.39,0.0,0.0,0.0,54.39,1.7619047619047619,1.761997597232052
2026-06-10,30.78,0.0,0.0,0.0,30.78,54.25,0.0,0.0,0.0,54.25,1.762508122157245,1.7620724852051997
2026-06-11,31.14,0.0,0.0,0.0,31.14,54.92,0.0,0.0,0.0,54.92,1.7636480411046884,1.762166604235442
2026-06-12,31.06,0.0,0.0,0.0,31.06,54.77,0.0,0.0,0.0,54.77,1.7633612363168063,1.7622633532473924
2026-06-15,31.07,0.0,0.0,0.0,31.07,54.78,0.0,0.0,0.0,54.78,1.7631155455423237,1.7623520693805244
2026-06-16,31.24,0.0,0.0,0.0,31.24,55.05,0.0,0.0,0.0,55.05,1.7621638924455827,1.7623759980383533
2026-06-17,31.22,0.0,0.0,0.0,31.22,55.04,0.0,0.0,0.0,55.04,1.7629724535554132,1.762461706808839
2026-06-18,31.38,0.0,0.0,0.0,31.38,55.31,0.0,0.0,0.0,55.31,1.762587635436584,1.7625091213675534
2026-06-22,31.17,0.0,0.0,0.0,31.17,54.94,0.0,0.0,0.0,54.94,1.7625922361244786,1.7625792754802134
2026-06-23,31.23,0.0,0.0,0.0,31.23,55.02,0.0,0.0,0.0,55.02,1.7617675312199808,1.7625654384995457
2026-06-24,31.6,0.0,0.0,0.0,31.6,55.71,0.0,0.0,0.0,55.71,1.7629746835443036,1.7626235577900295
2026-06-25,31.58,0.0,0.0,0.0,31.58,55.68,0.0,0.0,0.0,55.68,1.7631412286257127,1.7627399478204115
2026-06-26,31.61,0.0,0.0,0.0,31.61,55.72,0.0,0.0,0.0,55.72,1.7627333122429611,1.762785967338056
2026-06-29,31.64,0.0,0.0,0.0,31.64,55.78,0.0,0.0,0.0,55.78,1.7629582806573958,1.7628233415251675
2026-06-30,31.3,0.0,0.0,0.0,31.3,55.18,0.0,0.0,0.0,55.18,1.7629392971246005,1.7628451047034368
2026-07-01,31.02,0.0,0.0,0.0,31.02,54.66,0.0,0.0,0.0,54.66,1.7620889748549322,1.762813687380504
2026-07-02,31.03,0.0,0.0,0.0,31.03,54.69,0.0,0.0,0.0,54.69,1.762487914921044,1.7627589110696351
2026-07-06,31.01,0.0,0.0,0.0,31.01,54.63,0.0,0.0,0.0,54.63,1.761689777491132,1.7626821096216112
2026-07-07,30.7,0.0,0.0,0.0,30.7,54.1,0.0,0.0,0.0,54.1,1.7622149837133552,1.762635817924735
2026-07-08,30.63,0.0,0.0,0.0,30.63,53.96,0.0,0.0,0.0,53.96,1.761671563826314,1.7625760736404807
2026-07-09,30.67,0.0,0.0,0.0,30.67,54.05,0.0,0.0,0.0,54.05,1.7623084447342678,1.7625962577819565
2026-07-10,30.67,0.0,0.0,0.0,30.67,54.05,0.0,0.0,0.0,54.05,1.7623084447342678,1.7625862739108071
2026-07-13,30.49,0.0,0.0,0.0,30.49,53.74,0.0,0.0,0.0,53.74,1.7625450967530338,1.7625311266932244
2026-07-14,30.54,0.0,0.0,0.0,30.54,53.84,0.0,0.0,0.0,53.84,1.7629338572364115,1.7625097577392048
2026-07-15,30.62,0.0,0.0,0.0,30.62,53.97,0.0,0.0,0.0,53.97,1.7625734813847158,1.7624826545313244
2026-07-16,30.6,0.0,0.0,0.0,30.6,53.95,0.0,0.0,0.0,53.95,1.7630718954248366,1.7625280546802873
2026-07-17,30.7,0.0,0.0,0.0,30.7,54.1,0.0,0.0,0.0,54.1,1.7622149837133552,1.7624901811881841
2026-07-20,30.5,0.0,0.0,0.0,30.5,53.75,0.0,0.0,0.0,53.75,1.7622950819672132,1.7624755535147156
2026-07-21,30.4,0.0,0.0,0.0,30.4,53.59,0.0,0.0,0.0,53.59,1.7628289473684213,1.7624873890769126
2026-07-22,30.32,0.0,0.0,0.0,30.32,53.42,0.0,0.0,0.0,53.42,1.761873350923483,1.762492680062088
2026-07-23,30.21,0.0,0.0,0.0,30.21,53.25,0.0,0.0,0.0,53.25,1.7626613704071499,1.76247701440523
2026-07-24,30.27,0.0,0.0,0.0,30.27,53.34,0.0,0.0,0.0,53.34,1.7621407333994055,1.7624269896439144
2026-07-27,30.43,0.0,0.0,0.0,30.43,53.62,0.0,0.0,0.0,53.62,1.7620768977982253,1.7623941689216782
2026-07-28,30.59,0.0,0.0,0.0,30.59,53.91,0.0,0.0,0.0,53.91,1.762340634194181,1.7623632865985173
2026-07-29,30.16,0.0,0.0,0.0,30.16,53.13,0.0,0.0,0.0,53.13,1.761604774535809,1.7622965604690777
2026-07-30,30.13,0.0,0.0,0.0,30.13,53.1,0.0,0.0,0.0,53.1,1.7623630932625292,1.7623102663894574
2026-07-31,29.94,0.0,0.0,0.0,29.94,52.77,0.0,0.0,0.0,52.77,1.7625250501002003,1.7623121231484151
2026-08-03,29.92,0.0,0.0,0.0,29.92,52.75,0.0,0.0,0.0,52.75,1.7630347593582887,1.7623793722417733
2026-08-04,30.15,0.0,0.0,0.0,30.15,53.16,0.0,0.0,0.0,53.16,1.76318407960199,1.7624278270362048
2026-08-05,30.2,0.0,0.0,0.0,30.2,53.25,0.0,0.0,0.0,53.25,1.7632450331125828,1.7625065005005183
2026-08-06,30.04,0.0,0.0,0.0,30.04,52.94,0.0,0.0,0.0,52.94,1.7623169107856191,1.7625069238030857
2026-08-07,30.11,0.0,0.0,0.0,30.11,53.08,0.0,0.0,0.0,53.08,1.7628694785785453,1.7625349754952997
2026-08-10,29.87,0.0,0.0,0.0,29.87,52.68,0.0,0.0,0.0,52.68,1.7636424506193504,1.7625898431886156
2026-08-11,29.93,0.0,0.0,0.0,29.93,52.76,0.0,0.0,0.0,52.76,1.7627798195790176,1.7625821413057459
2026-08-12,29.93,0.0,0.0,0.0,29.93,52.74,0.0,0.0,0.0,52.74,1.762111593718677,1.7625590469224437
2026-08-13,30.1,0.0,0.0,0.0,30.1,53.05,0.0,0.0,0.0,53.05,1.7624584717607972,1.762528375739242
2026-08-14,29.92,0.0,0.0,0.0,29.92,52.72,0.0,0.0,0.0,52.72,1.7620320855614973,1.7625192308316493
2026-08-17,29.71,0.0,0.0,0.0,29.71,52.37,0.0,0.0,0.0,52.37,1.7627061595422415,1.7625397847104005
2026-08-18,29.8,0.0,0.0,0.0,29.8,52.52,0.0,0.0,0.0,52.52,1.7624161073825504,1.7625191427111073
2026-08-19,30.24,0.0,0.0,0.0,30.24,53.31,0.0,0.0,0.0,53.31,1.7628968253968256,1.7625703164347741
2026-08-20,30.03,0.0,0.0,0.0,30.03,52.94,0.0,0.0,0.0,52.94,1.7629037629037627,1.762582436059605
2026-08-21,29.93,0.0,0.0,0.0,29.93,52.75,0.0,0.0,0.0,52.75,1.7624457066488473,1.762597684722077
2026-08-24,30.09,0.0,0.0,0.0,30.09,53.05,0.0,0.0,0.0,53.05,1.7630442007311398,1.7626460498687222
2026-08-25,30.39,0.0,0.0,0.0,30.39,53.56,0.0,0.0,0.0,53.56,1.7624218492925305,1.7626501106236403
2026-08-26,30.32,0.0,0.0,0.0,30.32,53.46,0.0,0.0,0.0,53.46,1.7631926121372032,1.76272950250371
2026-08-27,30.26,0.0,0.0,0.0,30.26,53.35,0.0,0.0,0.0,53.35,1.76305353602115,1.762764024641641
2026-08-28,30.17,0.0,0.0,0.0,30.17,53.18,0.0,0.0,0.0,53.18,1.7626781571097114,1.7627716799921163
2026-08-31,30.05,0.0,0.0,0.0,30.05,52.98,0.0,0.0,0.0,52.98,1.7630615640599,1.762773020227197
2026-09-01,29.82,0.0,0.0,0.0,29.82,52.56,0.0,0.0,0.0,52.56,1.7625754527162978,1.7627425888829127
2026-09-02,29.86,0.0,0.0,0.0,29.86,52.62,0.0,0.0,0.0,52.62,1.7622237106496985,1.7626915227597677
2026-09-03,29.9,0.0,0.0,0.0,29.9,52.7,0.0,0.0,0.0,52.7,1.762541806020067,1.7627027675214904
2026-09-04,29.95,0.0,0.0,0.0,29.95,52.78,0.0,0.0,0.0,52.78,1.762270450751252,1.762672816130126
2026-09-08,29.95,0.0,0.0,0.0,29.95,52.76,0.0,0.0,0.0,52.76,1.7616026711185309,1.7625708271550848
2026-09-09,29.8,0.0,0.0,0.0,29.8,52.5,0.0,0.0,0.0,52.5,1.761744966442953,1.7625190844982814
2026-09-10,29.44,0.0,0.0,0.0,29.44,51.88,0.0,0.0,0.0,51.88,1.7622282608695652,1.7625249178558264
2026-09-11,29.46,0.0,0.0,0.0,29.46,51.9,0.0,0.0,0.0,51.9,1.7617107942973522,1.7624875339826538
2026-09-14,29.48,0.0,0.0,0.0,29.48,51.94,0.0,0.0,0.0,51.94,1.7618724559023065,1.7624795524996943
2026-09-15,29.41,0.0,0.0,0.0,29.41,51.81,0.0,0.0,0.0,51.81,1.7616456987419247,1.7624265294596786
2026-09-16,29.47,0.0,0.0,0.0,29.47,51.89,0.0,0.0,0.0,51.89,1.7607736681370887,1.7623444074974053
2026-09-17,29.76,0.0,0.0,0.0,29.76,52.44,0.0,0.0,0.0,52.44,1.7620967741935483,1.7623044049372414
2026-09-18,29.54,0.0,0.0,0.0,29.54,52.07,0.0,0.0,0.0,52.07,1.7626946513202437,1.7622939493580656
2026-09-21,29.75,0.0,0.0,0.0,29.75,52.42,0.0,0.0,0.0,52.42,1.7620168067226891,1.7622725043617578
2026-09-22,29.75,0.0,0.0,0.0,29.75,52.41,0.0,0.0,0.0,52.41,1.7616806722689073,1.7622043279386457
2026-09-23,29.29,0.0,0.0,0.0,29.29,51.59,0.0,0.0,0.0,51.59,1.7613519972686926,1.762150835337454
2026-09-24,28.93,0.0,0.0,0.0,28.93,51.0,0.0,0.0,0.0,51.0,1.7628759073625995,1.762135000098724
2026-09-25,28.92,0.0,0.0,0.0,28.92,50.98,0.0,0.0,0.0,50.98,1.7627939142461961,1.7621220190099762
2026-09-28,28.69,0.0,0.0,0.0,28.69,50.57,0.0,0.0,0.0,50.57,1.762635064482398,1.7621198643786105
2026-09-29,28.59,0.0,0.0,0.0,28.59,50.37,0.0,0.0,0.0,50.37,1.7618048268625393,1.7620570275187426
2026-09-30,28.46,0.0,0.0,0.0,28.46,50.14,0.0,0.0,0.0,50.14,1.7617709065354883,1.762016800209702
2026-10-01,28.42,0.0,0.0,0.0,28.42,50.07,0.0,0.0,0.0,50.07,1.7617874736101335,1.7619949883577237
2026-10-02,28.32,0.0,0.0,0.0,28.32,49.92,0.0,0.0,0.0,49.92,1.7627118644067796,1.7620034912770595
2026-10-05,28.21,0.0,0.0,0.0,28.21,49.68,0.0,0.0,0.0,49.68,1.7610776320453738,1.7619438503417655
2026-10-06,28.26,0.0,0.0,0.0,28.26,49.79,0.0,0.0,0.0,49.79,1.7618542108987967,1.7619564273307788
2026-10-07,27.98,0.0,0.0,0.0,27.98,49.29,0.0,0.0,0.0,49.29,1.7616154395997141,1.7619499509886167
