date,SCHZ,div_SCHZ,div_cumsum_SCHZ,div_adj_SCHZ,SCHZ*,AGG,div_AGG,div_cumsum_AGG,div_adj_AGG,AGG*,ratio*,ratio*_ma
2026-01-02,23.37,0.0,0.0,0.0,23.37,99.85,0.0,0.0,0.0,99.85,4.272571673085151,
2026-01-05,23.4,0.0,0.0,0.0,23.4,100.04,0.0,0.0,0.0,100.04,4.275213675213676,
2026-01-06,23.4,0.0,0.0,0.0,23.4,100.02,0.0,0.0,0.0,100.02,4.274358974358974,
2026-01-07,23.42,0.0,0.0,0.0,23.42,100.12,0.0,0.0,0.0,100.12,4.274978650725875,
2026-01-08,23.39,0.0,0.0,0.0,23.39,99.94,0.0,0.0,0.0,99.94,4.272766139375801,
2026-01-09,23.44,0.0,0.0,0.0,23.44,100.16,0.0,0.0,0.0,100.16,4.273037542662116,
2026-01-12,23.43,0.0,0.0,0.0,23.43,100.11,0.0,0.0,0.0,100.11,4.2727272727272725,
2026-01-13,23.45,0.0,0.0,0.0,23.45,100.2,0.0,0.0,0.0,100.2,4.272921108742005,
2026-01-14,23.49,0.0,0.0,0.0,23.49,100.35,0.0,0.0,0.0,100.35,4.272030651340996,
2026-01-15,23.45,0.0,0.0,0.0,23.45,100.22,0.0,0.0,0.0,100.22,4.273773987206823,
2026-01-16,23.41,0.0,0.0,0.0,23.41,100.05,0.0,0.0,0.0,100.05,4.273814609141392,
2026-01-20,23.33,0.0,0.0,0.0,23.33,99.67,0.0,0.0,0.0,99.67,4.272181740248607,
2026-01-21,23.39,0.0,0.0,0.0,23.39,100.0,0.0,0.0,0.0,100.0,4.275331338178709,
2026-01-22,23.4,0.0,0.0,0.0,23.4,100.02,0.0,0.0,0.0,100.02,4.274358974358974,
2026-01-23,23.43,0.0,0.0,0.0,23.43,100.11,0.0,0.0,0.0,100.11,4.2727272727272725,
2026-01-26,23.46,0.0,0.0,0.0,23.46,100.26,0.0,0.0,0.0,100.26,4.273657289002558,
2026-01-27,23.44,0.0,0.0,0.0,23.44,100.19,0.0,0.0,0.0,100.19,4.274317406143345,
2026-01-28,23.42,0.0,0.0,0.0,23.42,100.15,0.0,0.0,0.0,100.15,4.276259607173356,
2026-01-29,23.44,0.0,0.0,0.0,23.44,100.15,0.0,0.0,0.0,100.15,4.272610921501706,
2026-01-30,23.45,0.0,0.0,0.0,23.45,100.13,0.0,0.0,0.0,100.13,4.269936034115139,4.273478743401488
2026-02-02,23.3,0.0,0.0,0.0,23.3,99.69,0.0,0.0,0.0,99.69,4.278540772532189,4.273777198373839
2026-02-03,23.32,0.0,0.0,0.0,23.32,99.7,0.0,0.0,0.0,99.7,4.275300171526586,4.273781523189485
2026-02-04,23.31,0.0,0.0,0.0,23.31,99.64,0.0,0.0,0.0,99.64,4.274560274560275,4.27379158819955
2026-02-05,23.41,0.0,0.0,0.0,23.41,100.07,0.0,0.0,0.0,100.07,4.274668944895343,4.273776102908023
2026-02-06,23.41,0.0,0.0,0.0,23.41,100.13,0.0,0.0,0.0,100.13,4.277231952157198,4.273999393547093
2026-02-09,23.42,0.0,0.0,0.0,23.42,100.16,0.0,0.0,0.0,100.16,4.2766865926558495,4.27418184604678
2026-02-10,23.49,0.0,0.0,0.0,23.49,100.45,0.0,0.0,0.0,100.45,4.276287782034909,4.274359871512162
2026-02-11,23.45,0.0,0.0,0.0,23.45,100.22,0.0,0.0,0.0,100.22,4.273773987206823,4.274402515435403
2026-02-12,23.55,0.0,0.0,0.0,23.55,100.67,0.0,0.0,0.0,100.67,4.274734607218684,4.274537713229288
2026-02-13,23.62,0.0,0.0,0.0,23.62,100.99,0.0,0.0,0.0,100.99,4.275613886536833,4.274629708195787
2026-02-17,23.61,0.0,0.0,0.0,23.61,101.0,0.0,0.0,0.0,101.0,4.277848369335028,4.274831396205469
2026-02-18,23.59,0.0,0.0,0.0,23.59,100.86,0.0,0.0,0.0,100.86,4.275540483255617,4.2749993333558205
2026-02-19,23.6,0.0,0.0,0.0,23.6,100.88,0.0,0.0,0.0,100.88,4.27457627118644,4.274961580006206
2026-02-20,23.6,0.0,0.0,0.0,23.6,100.9,0.0,0.0,0.0,100.9,4.27542372881356,4.275014817728936
2026-02-23,23.65,0.0,0.0,0.0,23.65,101.1,0.0,0.0,0.0,101.1,4.274841437632135,4.275120525974179
2026-02-24,23.65,0.0,0.0,0.0,23.65,101.09,0.0,0.0,0.0,101.09,4.274418604651164,4.275158591756609
2026-02-25,23.63,0.0,0.0,0.0,23.63,101.04,0.0,0.0,0.0,101.04,4.275920440118494,4.2752387434553665
2026-02-26,23.67,0.0,0.0,0.0,23.67,101.2,0.0,0.0,0.0,101.2,4.27545416138572,4.275198471165985
2026-02-27,23.71,0.0,0.0,0.0,23.71,101.4,0.0,0.0,0.0,101.4,4.276676507802615,4.275401750481031
2026-03-02,23.55,0.0,0.0,0.0,23.55,100.68,0.0,0.0,0.0,100.68,4.27515923566879,4.2756629105587125
2026-03-03,23.53,0.0,0.0,0.0,23.53,100.57,0.0,0.0,0.0,100.57,4.274118147046323,4.275441779284419
2026-03-04,23.51,0.0,0.0,0.0,23.51,100.53,0.0,0.0,0.0,100.53,4.276052743513398,4.2754794078837595
2026-03-05,23.45,0.0,0.0,0.0,23.45,100.24,0.0,0.0,0.0,100.24,4.2746268656716415,4.275482737439328
2026-03-06,23.42,0.0,0.0,0.0,23.42,100.12,0.0,0.0,0.0,100.12,4.274978650725875,4.275498222730855
2026-03-09,23.49,0.0,0.0,0.0,23.49,100.44,0.0,0.0,0.0,100.44,4.275862068965518,4.275429728571271
2026-03-10,23.42,0.0,0.0,0.0,23.42,100.11,0.0,0.0,0.0,100.11,4.274551665243381,4.275322982200647
2026-03-11,23.3,0.0,0.0,0.0,23.3,99.66,0.0,0.0,0.0,99.66,4.27725321888412,4.275371254043108
2026-03-12,23.21,0.0,0.0,0.0,23.21,99.29,0.0,0.0,0.0,99.29,4.277897457992244,4.275577427582379
2026-03-13,23.21,0.0,0.0,0.0,23.21,99.21,0.0,0.0,0.0,99.21,4.2744506678155965,4.275563230612224
2026-03-16,23.29,0.0,0.0,0.0,23.29,99.6,0.0,0.0,0.0,99.6,4.276513525118077,4.275608212541287
2026-03-17,23.34,0.0,0.0,0.0,23.34,99.8,0.0,0.0,0.0,99.8,4.27592116538132,4.275511852343602
2026-03-18,23.25,0.0,0.0,0.0,23.25,99.38,0.0,0.0,0.0,99.38,4.274408602150538,4.275455258288347
2026-03-19,23.26,0.0,0.0,0.0,23.26,99.49,0.0,0.0,0.0,99.49,4.277300085984522,4.275591449028252
2026-03-20,23.07,0.0,0.0,0.0,23.07,98.66,0.0,0.0,0.0,98.66,4.276549631556133,4.27564774416538
2026-03-23,23.15,0.0,0.0,0.0,23.15,99.03,0.0,0.0,0.0,99.03,4.277753779697624,4.275793361268655
2026-03-24,23.1,0.0,0.0,0.0,23.1,98.76,0.0,0.0,0.0,98.76,4.275324675324676,4.275838664802331
2026-03-25,23.19,0.0,0.0,0.0,23.19,99.11,0.0,0.0,0.0,99.11,4.273824924536438,4.275733889023227
2026-03-26,23.04,0.0,0.0,0.0,23.04,98.55,0.0,0.0,0.0,98.55,4.27734375,4.275828368453942
2026-03-27,23.05,0.0,0.0,0.0,23.05,98.54,0.0,0.0,0.0,98.54,4.275054229934924,4.2757472545605575
2026-03-30,23.16,0.0,0.0,0.0,23.16,99.04,0.0,0.0,0.0,99.04,4.276338514680484,4.275806218511142
2026-03-31,23.22,0.0,0.0,0.0,23.22,99.27,0.0,0.0,0.0,99.27,4.275193798449612,4.275860001081306
2026-04-01,23.16,0.0,0.0,0.0,23.16,99.0,0.0,0.0,0.0,99.0,4.274611398963731,4.275787933853822
2026-04-02,23.22,0.0,0.0,0.0,23.22,99.23,0.0,0.0,0.0,99.23,4.273471145564169,4.275730147848449
2026-04-06,23.18,0.0,0.0,0.0,23.18,99.05,0.0,0.0,0.0,99.05,4.273080241587575,4.275635227391534
2026-04-07,23.21,0.0,0.0,0.0,23.21,99.17,0.0,0.0,0.0,99.17,4.2727272727272725,4.275478487579622
2026-04-08,23.25,0.0,0.0,0.0,23.25,99.43,0.0,0.0,0.0,99.43,4.276559139784947,4.2755788613067
2026-04-09,23.27,0.0,0.0,0.0,23.27,99.49,0.0,0.0,0.0,99.49,4.275461968199398,4.275489298772464
2026-04-10,23.23,0.0,0.0,0.0,23.23,99.32,0.0,0.0,0.0,99.32,4.27550581145071,4.275369716445388
2026-04-13,23.28,0.0,0.0,0.0,23.28,99.52,0.0,0.0,0.0,99.52,4.274914089347079,4.275392887521962
2026-04-14,23.33,0.0,0.0,0.0,23.33,99.78,0.0,0.0,0.0,99.78,4.276896699528504,4.275412046242483
2026-04-15,23.31,0.0,0.0,0.0,23.31,99.62,0.0,0.0,0.0,99.62,4.273702273702274,4.27530110165853
2026-04-16,23.26,0.0,0.0,0.0,23.26,99.48,0.0,0.0,0.0,99.48,4.276870163370593,4.275424179719534
2026-04-17,23.36,0.0,0.0,0.0,23.36,99.85,0.0,0.0,0.0,99.85,4.274400684931507,4.275279209666882
2026-04-20,23.36,0.0,0.0,0.0,23.36,99.84,0.0,0.0,0.0,99.84,4.273972602739726,4.275150358226062
2026-04-21,23.28,0.0,0.0,0.0,23.28,99.47,0.0,0.0,0.0,99.47,4.2727663230240545,4.274900985392383
2026-04-22,23.29,0.0,0.0,0.0,23.29,99.61,0.0,0.0,0.0,99.61,4.2769428939458995,4.274981896323445
2026-04-23,23.27,0.0,0.0,0.0,23.27,99.45,0.0,0.0,0.0,99.45,4.273743016759776,4.274977800934612
2026-04-24,23.3,0.0,0.0,0.0,23.3,99.59,0.0,0.0,0.0,99.59,4.274248927038626,4.274823059786543
2026-04-27,23.27,0.0,0.0,0.0,23.27,99.44,0.0,0.0,0.0,99.44,4.273313278899871,4.274736012234791
2026-04-28,23.25,0.0,0.0,0.0,23.25,99.4,0.0,0.0,0.0,99.4,4.275268817204301,4.274682527360981
2026-04-29,23.15,0.0,0.0,0.0,23.15,98.96,0.0,0.0,0.0,98.96,4.274730021598272,4.274659338518414
2026-04-30,23.19,0.0,0.0,0.0,23.19,99.1,0.0,0.0,0.0,99.1,4.273393704182837,4.27459845377937
2026-05-01,23.13,0.0,0.0,0.0,23.13,98.9,0.0,0.0,0.0,98.9,4.27583225248595,4.274716509125459
2026-05-04,23.06,0.0,0.0,0.0,23.06,98.59,0.0,0.0,0.0,98.59,4.275368603642671,4.274830927228214
2026-05-05,23.09,0.0,0.0,0.0,23.09,98.77,0.0,0.0,0.0,98.77,4.2776093546990035,4.2750750313268
2026-05-06,23.19,0.0,0.0,0.0,23.19,99.19,0.0,0.0,0.0,99.19,4.277274687365243,4.275110808705815
2026-05-07,23.14,0.0,0.0,0.0,23.14,98.95,0.0,0.0,0.0,98.95,4.276145203111495,4.27514497045142
2026-05-08,23.2,0.0,0.0,0.0,23.2,99.18,0.0,0.0,0.0,99.18,4.275,4.275119679878884
2026-05-11,23.13,0.0,0.0,0.0,23.13,98.92,0.0,0.0,0.0,98.92,4.276696930393428,4.275208821931201
2026-05-12,23.07,0.0,0.0,0.0,23.07,98.63,0.0,0.0,0.0,98.63,4.275249241439099,4.275126449026731
2026-05-13,23.08,0.0,0.0,0.0,23.08,98.67,0.0,0.0,0.0,98.67,4.275129982668978,4.275197834475067
2026-05-14,23.06,0.0,0.0,0.0,23.06,98.64,0.0,0.0,0.0,98.64,4.277536860364267,4.2752311693247504
2026-05-15,22.93,0.0,0.0,0.0,22.93,98.02,0.0,0.0,0.0,98.02,4.274749236807676,4.275248596918559
2026-05-18,22.91,0.0,0.0,0.0,22.91,98.01,0.0,0.0,0.0,98.01,4.2780445220427765,4.275452192883711
2026-05-19,22.84,0.0,0.0,0.0,22.84,97.63,0.0,0.0,0.0,97.63,4.274518388791593,4.2755397961720885
2026-05-20,22.97,0.0,0.0,0.0,22.97,98.22,0.0,0.0,0.0,98.22,4.2760121898128,4.275493260965433
2026-05-21,22.99,0.0,0.0,0.0,22.99,98.34,0.0,0.0,0.0,98.34,4.277511961722489,4.275681708213569
2026-05-22,23.0,0.0,0.0,0.0,23.0,98.44,0.0,0.0,0.0,98.44,4.28,4.275969261861638
2026-05-26,23.09,0.0,0.0,0.0,23.09,98.72,0.0,0.0,0.0,98.72,4.275443915114768,4.276075793672382
2026-05-27,23.11,0.0,0.0,0.0,23.11,98.8,0.0,0.0,0.0,98.8,4.275205538727824,4.276072629748559
2026-05-28,23.15,0.0,0.0,0.0,23.15,99.0,0.0,0.0,0.0,99.0,4.27645788336933,4.276159022837112
2026-05-29,23.17,0.0,0.0,0.0,23.17,99.06,0.0,0.0,0.0,99.06,4.2753560638757016,4.2762571408217545
2026-06-01,23.08,0.0,0.0,0.0,23.08,98.68,0.0,0.0,0.0,98.68,4.2755632582322365,4.276243691109069
2026-06-02,23.08,0.0,0.0,0.0,23.08,98.71,0.0,0.0,0.0,98.71,4.27686308492201,4.276318415173035
2026-06-03,23.04,0.0,0.0,0.0,23.04,98.5,0.0,0.0,0.0,98.5,4.275173611111112,4.276196627993642
2026-06-04,23.07,0.0,0.0,0.0,23.07,98.66,0.0,0.0,0.0,98.66,4.276549631556133,4.276160375203186
2026-06-05,22.96,0.0,0.0,0.0,22.96,98.17,0.0,0.0,0.0,98.17,4.275696864111498,4.2761379582531855
2026-06-08,22.95,0.0,0.0,0.0,22.95,98.17,0.0,0.0,0.0,98.17,4.277559912854031,4.276265953895888
2026-06-09,23.01,0.0,0.0,0.0,23.01,98.37,0.0,0.0,0.0,98.37,4.27509778357236,4.276185996554834
2026-06-10,22.98,0.0,0.0,0.0,22.98,98.31,0.0,0.0,0.0,98.31,4.278067885117493,4.2763269287387535
2026-06-11,23.12,0.0,0.0,0.0,23.12,98.88,0.0,0.0,0.0,98.88,4.27681660899654,4.276411260055132
2026-06-12,23.09,0.0,0.0,0.0,23.09,98.76,0.0,0.0,0.0,98.76,4.277176266782157,4.276393230376026
2026-06-15,23.11,0.0,0.0,0.0,23.11,98.85,0.0,0.0,0.0,98.85,4.27736910428386,4.276524223749836
2026-06-16,23.15,0.0,0.0,0.0,23.15,98.97,0.0,0.0,0.0,98.97,4.275161987041037,4.276380096999748
2026-06-17,23.06,0.0,0.0,0.0,23.06,98.61,0.0,0.0,0.0,98.61,4.27623590633131,4.276465972876734
2026-06-18,23.12,0.0,0.0,0.0,23.12,98.9,0.0,0.0,0.0,98.9,4.277681660899654,4.276549446431077
2026-06-22,23.06,0.0,0.0,0.0,23.06,98.63,0.0,0.0,0.0,98.63,4.277103209019948,4.27652900879595
2026-06-23,23.08,0.0,0.0,0.0,23.08,98.71,0.0,0.0,0.0,98.71,4.27686308492201,4.27637216304205
2026-06-24,23.19,0.0,0.0,0.0,23.19,99.19,0.0,0.0,0.0,99.19,4.277274687365243,4.276463701654575
2026-06-25,23.21,0.0,0.0,0.0,23.21,99.25,0.0,0.0,0.0,99.25,4.27617406290392,4.276512127863379
2026-06-26,23.23,0.0,0.0,0.0,23.23,99.34,0.0,0.0,0.0,99.34,4.276366767111494,4.2765075720504875
2026-06-29,23.23,0.0,0.0,0.0,23.23,99.37,0.0,0.0,0.0,99.37,4.277658200602669,4.276622678886836
2026-06-30,23.13,0.0,0.0,0.0,23.13,98.98,0.0,0.0,0.0,98.98,4.279290964115868,4.276809064181018
2026-07-01,23.04,0.0,0.0,0.0,23.04,98.5,0.0,0.0,0.0,98.5,4.275173611111112,4.276724590490472
2026-07-02,23.05,0.0,0.0,0.0,23.05,98.61,0.0,0.0,0.0,98.61,4.278091106290672,4.27687046524945
2026-07-06,23.06,0.0,0.0,0.0,23.06,98.66,0.0,0.0,0.0,98.66,4.2784041630529055,4.276963191824288
2026-07-07,22.95,0.0,0.0,0.0,22.95,98.21,0.0,0.0,0.0,98.21,4.279302832244008,4.277143490230914
2026-07-08,22.93,0.0,0.0,0.0,22.93,98.04,0.0,0.0,0.0,98.04,4.275621456607065,4.277046567418566
2026-07-09,22.95,0.0,0.0,0.0,22.95,98.18,0.0,0.0,0.0,98.18,4.2779956427015255,4.277191460375024
2026-07-10,22.93,0.0,0.0,0.0,22.93,98.08,0.0,0.0,0.0,98.08,4.277365896205844,4.2771563609294425
2026-07-13,22.86,0.0,0.0,0.0,22.86,97.71,0.0,0.0,0.0,97.71,4.274278215223097,4.27702944124077
2026-07-14,22.91,0.0,0.0,0.0,22.91,98.0,0.0,0.0,0.0,98.0,4.277608031427325,4.277051029473029
2026-07-15,22.96,0.0,0.0,0.0,22.96,98.14,0.0,0.0,0.0,98.14,4.274390243902439,4.276902086453957
2026-07-16,22.94,0.0,0.0,0.0,22.94,98.13,0.0,0.0,0.0,98.13,4.277680906713164,4.277028032437564
2026-07-17,22.96,0.0,0.0,0.0,22.96,98.2,0.0,0.0,0.0,98.2,4.2770034843205575,4.277066411337026
2026-07-20,22.9,0.0,0.0,0.0,22.9,97.95,0.0,0.0,0.0,97.95,4.277292576419215,4.277046957113004
2026-07-21,22.85,0.0,0.0,0.0,22.85,97.74,0.0,0.0,0.0,97.74,4.277461706783369,4.277064882001175
2026-07-22,22.82,0.0,0.0,0.0,22.82,97.58,0.0,0.0,0.0,97.58,4.276073619631902,4.27702540873667
2026-07-23,22.76,0.0,0.0,0.0,22.76,97.34,0.0,0.0,0.0,97.34,4.276801405975395,4.277001744667177
2026-07-24,22.79,0.0,0.0,0.0,22.79,97.46,0.0,0.0,0.0,97.46,4.276437033786748,4.277014893211319
2026-07-27,22.83,0.0,0.0,0.0,22.83,97.69,0.0,0.0,0.0,97.69,4.279018834866404,4.277147496599064
2026-07-28,22.89,0.0,0.0,0.0,22.89,97.92,0.0,0.0,0.0,97.92,4.277850589777195,4.277157116057791
2026-07-29,22.82,0.0,0.0,0.0,22.82,97.55,0.0,0.0,0.0,97.55,4.27475898334794,4.276930517019394
2026-07-30,22.83,0.0,0.0,0.0,22.83,97.62,0.0,0.0,0.0,97.62,4.275952693823917,4.276969471155034
2026-07-31,22.76,0.0,0.0,0.0,22.76,97.37,0.0,0.0,0.0,97.37,4.278119507908611,4.276970891235932
2026-08-03,22.73,0.0,0.0,0.0,22.73,97.26,0.0,0.0,0.0,97.26,4.278926528816542,4.276997009524114
2026-08-04,22.82,0.0,0.0,0.0,22.82,97.66,0.0,0.0,0.0,97.66,4.279579316389132,4.277010833731369
2026-08-05,22.83,0.0,0.0,0.0,22.83,97.71,0.0,0.0,0.0,97.71,4.279894875164258,4.277224504659229
2026-08-06,22.77,0.0,0.0,0.0,22.77,97.43,0.0,0.0,0.0,97.43,4.278875713658323,4.27726850820707
2026-08-07,22.82,0.0,0.0,0.0,22.82,97.6,0.0,0.0,0.0,97.6,4.276950043821209,4.277247715587837
2026-08-10,22.74,0.0,0.0,0.0,22.74,97.24,0.0,0.0,0.0,97.24,4.276165347405453,4.277342072196955
2026-08-11,22.76,0.0,0.0,0.0,22.76,97.32,0.0,0.0,0.0,97.32,4.275922671353251,4.277257804193251
2026-08-12,22.78,0.0,0.0,0.0,22.78,97.43,0.0,0.0,0.0,97.43,4.276997366110623,4.27738816030366
2026-08-13,22.85,0.0,0.0,0.0,22.85,97.69,0.0,0.0,0.0,97.69,4.2752735229759296,4.277267791116798
2026-08-14,22.79,0.0,0.0,0.0,22.79,97.48,0.0,0.0,0.0,97.48,4.277314611671787,4.27728334748436
2026-08-17,22.74,0.0,0.0,0.0,22.74,97.25,0.0,0.0,0.0,97.25,4.27660510114336,4.2772489737205674
2026-08-18,22.76,0.0,0.0,0.0,22.76,97.35,0.0,0.0,0.0,97.35,4.277240773286467,4.277237927045722
2026-08-19,22.86,0.0,0.0,0.0,22.86,97.82,0.0,0.0,0.0,97.82,4.279090113735783,4.277388751750916
2026-08-20,22.8,0.0,0.0,0.0,22.8,97.49,0.0,0.0,0.0,97.49,4.275877192982456,4.2773425411012695
2026-08-21,22.77,0.0,0.0,0.0,22.77,97.35,0.0,0.0,0.0,97.35,4.275362318840579,4.277288805353961
2026-08-24,22.81,0.0,0.0,0.0,22.81,97.55,0.0,0.0,0.0,97.55,4.276633055677334,4.277169516394507
2026-08-25,22.9,0.0,0.0,0.0,22.9,98.01,0.0,0.0,0.0,98.01,4.279912663755459,4.277272620093421
2026-08-26,22.88,0.0,0.0,0.0,22.88,97.86,0.0,0.0,0.0,97.86,4.2770979020979025,4.277389566030919
2026-08-27,22.85,0.0,0.0,0.0,22.85,97.83,0.0,0.0,0.0,97.83,4.281400437636761,4.277661953221561
2026-08-28,22.79,0.0,0.0,0.0,22.79,97.49,0.0,0.0,0.0,97.49,4.277753400614304,4.277643647856846
2026-08-31,22.77,0.0,0.0,0.0,22.77,97.41,0.0,0.0,0.0,97.41,4.277997364953887,4.277597189663713
2026-09-01,22.62,0.0,0.0,0.0,22.62,96.77,0.0,0.0,0.0,96.77,4.278072502210433,4.277521848954778
2026-09-02,22.63,0.0,0.0,0.0,22.63,96.84,0.0,0.0,0.0,96.84,4.279275298276624,4.277490870110396
2026-09-03,22.66,0.0,0.0,0.0,22.66,96.95,0.0,0.0,0.0,96.95,4.27846425419241,4.277470297137101
2026-09-04,22.67,0.0,0.0,0.0,22.67,97.0,0.0,0.0,0.0,97.0,4.278782531980591,4.27756192154507
2026-09-08,22.64,0.0,0.0,0.0,22.64,96.9,0.0,0.0,0.0,96.9,4.280035335689046,4.27775542095925
2026-09-09,22.61,0.0,0.0,0.0,22.61,96.68,0.0,0.0,0.0,96.68,4.275984077841663,4.27775849128367
2026-09-10,22.45,0.0,0.0,0.0,22.45,96.05,0.0,0.0,0.0,96.05,4.278396436525613,4.2778284448044195
2026-09-11,22.42,0.0,0.0,0.0,22.42,95.98,0.0,0.0,0.0,95.98,4.28099910793934,4.278114724052591
2026-09-14,22.42,0.0,0.0,0.0,22.42,95.89,0.0,0.0,0.0,95.89,4.276984834968777,4.278098235217439
2026-09-15,22.41,0.0,0.0,0.0,22.41,95.85,0.0,0.0,0.0,95.85,4.27710843373494,4.278123401847018
2026-09-16,22.39,0.0,0.0,0.0,22.39,95.81,0.0,0.0,0.0,95.81,4.279142474318892,4.2782184868986395
2026-09-17,22.51,0.0,0.0,0.0,22.51,96.33,0.0,0.0,0.0,96.33,4.2794313638382935,4.278235549403766
2026-09-18,22.42,0.0,0.0,0.0,22.42,95.96,0.0,0.0,0.0,95.96,4.280107047279214,4.278447042118603
2026-09-21,22.48,0.0,0.0,0.0,22.48,96.21,0.0,0.0,0.0,96.21,4.279804270462633,4.278669139699706
2026-09-22,22.49,0.0,0.0,0.0,22.49,96.25,0.0,0.0,0.0,96.25,4.27967985771454,4.278821479801566
2026-09-23,22.3,0.0,0.0,0.0,22.3,95.41,0.0,0.0,0.0,95.41,4.278475336322869,4.2787496134299365
2026-09-24,22.19,0.0,0.0,0.0,22.19,94.95,0.0,0.0,0.0,94.95,4.278954484001803,4.278842442525131
2026-09-25,22.25,0.0,0.0,0.0,22.25,95.12,0.0,0.0,0.0,95.12,4.275056179775281,4.2785252296320575
2026-09-28,22.13,0.0,0.0,0.0,22.13,94.65,0.0,0.0,0.0,94.65,4.276999548124718,4.278487537007578
2026-09-29,22.11,0.0,0.0,0.0,22.11,94.6,0.0,0.0,0.0,94.6,4.278606965174129,4.278518017018591
2026-09-30,22.1,0.0,0.0,0.0,22.1,94.54,0.0,0.0,0.0,94.54,4.277828054298642,4.278505794623001
2026-10-01,22.07,0.0,0.0,0.0,22.07,94.42,0.0,0.0,0.0,94.42,4.278205709107386,4.278452315164539
2026-10-02,22.03,0.0,0.0,0.0,22.03,94.25,0.0,0.0,0.0,94.25,4.278256922378574,4.278441948573847
2026-10-05,21.99,0.0,0.0,0.0,21.99,94.13,0.0,0.0,0.0,94.13,4.2805820827648935,4.278531926113063
2026-10-06,22.05,0.0,0.0,0.0,22.05,94.36,0.0,0.0,0.0,94.36,4.279365079365079,4.278498413296864
2026-10-07,21.94,0.0,0.0,0.0,21.94,93.89,0.0,0.0,0.0,93.89,4.279398359161349,4.278669127362848
