date,SPBO,div_SPBO,div_cumsum_SPBO,div_adj_SPBO,SPBO*,CORP,div_CORP,div_cumsum_CORP,div_adj_CORP,CORP*,ratio*,ratio*_ma
2026-01-02,29.33,0.0,0.0,0.0,29.33,97.82,0.0,0.0,0.0,97.82,3.3351517217865667,
2026-01-05,29.38,0.0,0.0,0.0,29.38,98.02,0.0,0.0,0.0,98.02,3.336283185840708,
2026-01-06,29.4,0.0,0.0,0.0,29.4,98.05,0.0,0.0,0.0,98.05,3.3350340136054424,
2026-01-07,29.42,0.0,0.0,0.0,29.42,98.1,0.0,0.0,0.0,98.1,3.3344663494221614,
2026-01-08,29.36,0.0,0.0,0.0,29.36,97.9,0.0,0.0,0.0,97.9,3.3344686648501365,
2026-01-09,29.43,0.0,0.0,0.0,29.43,98.11,0.0,0.0,0.0,98.11,3.3336731226639484,
2026-01-12,29.4,0.0,0.0,0.0,29.4,98.04,0.0,0.0,0.0,98.04,3.334693877551021,
2026-01-13,29.46,0.0,0.0,0.0,29.46,98.19,0.0,0.0,0.0,98.19,3.3329938900203664,
2026-01-14,29.52,0.0,0.0,0.0,29.52,98.45,0.0,0.0,0.0,98.45,3.335027100271003,
2026-01-15,29.49,0.0,0.0,0.0,29.49,98.29,0.0,0.0,0.0,98.29,3.332994235334012,
2026-01-16,29.42,0.0,0.0,0.0,29.42,98.08,0.0,0.0,0.0,98.08,3.3337865397688646,
2026-01-20,29.29,0.0,0.0,0.0,29.29,97.63,0.0,0.0,0.0,97.63,3.3332195288494364,
2026-01-21,29.42,0.0,0.0,0.0,29.42,98.07,0.0,0.0,0.0,98.07,3.3334466349422156,
2026-01-22,29.47,0.0,0.0,0.0,29.47,98.2,0.0,0.0,0.0,98.2,3.3322022395656603,
2026-01-23,29.49,0.0,0.0,0.0,29.49,98.25,0.0,0.0,0.0,98.25,3.3316378433367246,
2026-01-26,29.51,0.0,0.0,0.0,29.51,98.34,0.0,0.0,0.0,98.34,3.3324296848525923,
2026-01-27,29.49,0.0,0.0,0.0,29.49,98.28,0.0,0.0,0.0,98.28,3.3326551373346898,
2026-01-28,29.46,0.0,0.0,0.0,29.46,98.16,0.0,0.0,0.0,98.16,3.331975560081466,
2026-01-29,29.47,0.0,0.0,0.0,29.47,98.27,0.0,0.0,0.0,98.27,3.334577536477774,
2026-01-30,29.45,0.0,0.0,0.0,29.45,98.2,0.0,0.0,0.0,98.2,3.3344651952461803,3.333759103090048
2026-02-02,29.3,0.0,0.0,0.0,29.3,97.78,0.0,0.0,0.0,97.78,3.3372013651877133,3.333861585260106
2026-02-03,29.3,0.0,0.0,0.0,29.3,97.77,0.0,0.0,0.0,97.77,3.3368600682593854,3.3338904293810403
2026-02-04,29.29,0.0,0.0,0.0,29.29,97.7,0.0,0.0,0.0,97.7,3.3356094230112667,3.333919199851331
2026-02-05,29.4,0.0,0.0,0.0,29.4,98.11,0.0,0.0,0.0,98.11,3.337074829931973,3.334049623876821
2026-02-06,29.42,0.0,0.0,0.0,29.42,98.13,0.0,0.0,0.0,98.13,3.335486063902107,3.33410049382942
2026-02-09,29.42,0.0,0.0,0.0,29.42,98.18,0.0,0.0,0.0,98.18,3.33718558803535,3.33427611709799
2026-02-10,29.49,0.0,0.0,0.0,29.49,98.38,0.0,0.0,0.0,98.38,3.336046117327908,3.3343437290868345
2026-02-11,29.46,0.0,0.0,0.0,29.46,98.29,0.0,0.0,0.0,98.29,3.336388323150034,3.334513450743318
2026-02-12,29.55,0.0,0.0,0.0,29.55,98.65,0.0,0.0,0.0,98.65,3.3384094754653133,3.334682569503033
2026-02-13,29.63,0.0,0.0,0.0,29.63,98.91,0.0,0.0,0.0,98.91,3.338170772865339,3.3349413963795995
2026-02-17,29.68,0.0,0.0,0.0,29.68,99.02,0.0,0.0,0.0,99.02,3.336253369272237,3.3350647378547684
2026-02-18,29.65,0.0,0.0,0.0,29.65,98.88,0.0,0.0,0.0,98.88,3.3349072512647555,3.335149123975534
2026-02-19,29.67,0.0,0.0,0.0,29.67,98.94,0.0,0.0,0.0,98.94,3.3346814964610716,3.3352108670514773
2026-02-20,29.65,0.0,0.0,0.0,29.65,98.97,0.0,0.0,0.0,98.97,3.3379426644182124,3.3354978882941047
2026-02-23,29.68,0.0,0.0,0.0,29.68,99.08,0.0,0.0,0.0,99.08,3.338274932614555,3.3358297427579964
2026-02-24,29.68,0.0,0.0,0.0,29.68,99.04,0.0,0.0,0.0,99.04,3.3369272237196768,3.3360546197013505
2026-02-25,29.66,0.0,0.0,0.0,29.66,98.98,0.0,0.0,0.0,98.98,3.3371544167228593,3.336279583670759
2026-02-26,29.69,0.0,0.0,0.0,29.69,99.07,0.0,0.0,0.0,99.07,3.336813742000673,3.3365214927667197
2026-02-27,29.69,0.0,0.0,0.0,29.69,99.09,0.0,0.0,0.0,99.09,3.3374873694846747,3.3366669844170644
2026-03-02,29.45,0.0,0.0,0.0,29.45,98.4,0.0,0.0,0.0,98.4,3.34125636672326,3.337006542990918
2026-03-03,29.46,0.0,0.0,0.0,29.46,98.32,0.0,0.0,0.0,98.32,3.3374066530889337,3.3370168073859796
2026-03-04,29.48,0.0,0.0,0.0,29.48,98.32,0.0,0.0,0.0,98.32,3.3351424694708274,3.3369309274465513
2026-03-05,29.36,0.0,0.0,0.0,29.36,98.0,0.0,0.0,0.0,98.0,3.337874659400545,3.3370441892660154
2026-03-06,29.3,0.0,0.0,0.0,29.3,97.8,0.0,0.0,0.0,97.8,3.3378839590443685,3.337084645721635
2026-03-09,29.43,0.0,0.0,0.0,29.43,98.14,0.0,0.0,0.0,98.14,3.3346924906557933,3.3370449670593194
2026-03-10,29.27,0.0,0.0,0.0,29.27,97.76,0.0,0.0,0.0,97.76,3.339938503587291,3.3371826128369166
2026-03-11,29.08,0.0,0.0,0.0,29.08,97.18,0.0,0.0,0.0,97.18,3.3418156808803308,3.3374710910145375
2026-03-12,28.93,0.0,0.0,0.0,28.93,96.76,0.0,0.0,0.0,96.76,3.3446249567922575,3.337882922696649
2026-03-13,28.85,0.0,0.0,0.0,28.85,96.44,0.0,0.0,0.0,96.44,3.3428076256499133,3.338102830205879
2026-03-16,28.96,0.0,0.0,0.0,28.96,96.74,0.0,0.0,0.0,96.74,3.340469613259668,3.3382177722255952
2026-03-17,29.1,0.0,0.0,0.0,29.1,97.16,0.0,0.0,0.0,97.16,3.3388316151202746,3.3383466845179974
2026-03-18,28.98,0.0,0.0,0.0,28.98,96.76,0.0,0.0,0.0,96.76,3.3388543823326433,3.3385440410713914
2026-03-19,29.08,0.0,0.0,0.0,29.08,97.0,0.0,0.0,0.0,97.0,3.335625859697387,3.3385912592332074
2026-03-20,28.77,0.0,0.0,0.0,28.77,96.08,0.0,0.0,0.0,96.08,3.3395898505387556,3.3386736185392345
2026-03-23,28.93,0.0,0.0,0.0,28.93,96.52,0.0,0.0,0.0,96.52,3.3363290701693744,3.3385763254169754
2026-03-24,28.88,0.0,0.0,0.0,28.88,96.36,0.0,0.0,0.0,96.36,3.3365650969529086,3.3385582190786374
2026-03-25,28.96,0.0,0.0,0.0,28.96,96.64,0.0,0.0,0.0,96.64,3.3370165745856353,3.3385513269717757
2026-03-26,28.75,0.0,0.0,0.0,28.75,96.03,0.0,0.0,0.0,96.03,3.340173913043478,3.3387193355239164
2026-03-27,28.72,0.0,0.0,0.0,28.72,95.87,0.0,0.0,0.0,95.87,3.3380919220055714,3.3387495631499613
2026-03-30,28.87,0.0,0.0,0.0,28.87,96.29,0.0,0.0,0.0,96.29,3.335296155178386,3.3384515525727174
2026-03-31,29.03,0.0,0.0,0.0,29.03,96.8,0.0,0.0,0.0,96.8,3.334481570788839,3.338305298457713
2026-04-01,28.93,0.0,0.0,0.0,28.93,96.52,0.0,0.0,0.0,96.52,3.3363290701693744,3.33836462849264
2026-04-02,29.03,0.0,0.0,0.0,29.03,96.83,0.0,0.0,0.0,96.83,3.3355149844987944,3.338246644747552
2026-04-06,28.99,0.0,0.0,0.0,28.99,96.71,0.0,0.0,0.0,96.71,3.3359779234218694,3.3381513429664276
2026-04-07,29.02,0.0,0.0,0.0,29.02,96.86,0.0,0.0,0.0,96.86,3.337698139214335,3.3383016253943545
2026-04-08,29.12,0.0,0.0,0.0,29.12,97.16,0.0,0.0,0.0,97.16,3.3365384615384612,3.3381316232919125
2026-04-09,29.13,0.0,0.0,0.0,29.13,97.22,0.0,0.0,0.0,97.22,3.3374527978029525,3.337913479138044
2026-04-10,29.07,0.0,0.0,0.0,29.07,97.06,0.0,0.0,0.0,97.06,3.3388372893016856,3.3376240957635153
2026-04-13,29.15,0.0,0.0,0.0,29.15,97.33,0.0,0.0,0.0,97.33,3.3389365351629503,3.337430541239167
2026-04-14,29.24,0.0,0.0,0.0,29.24,97.59,0.0,0.0,0.0,97.59,3.3375512995896037,3.3372846255556636
2026-04-15,29.23,0.0,0.0,0.0,29.23,97.54,0.0,0.0,0.0,97.54,3.336982552172426,3.3371921724082716
2026-04-16,29.13,0.0,0.0,0.0,29.13,97.22,0.0,0.0,0.0,97.22,3.3374527978029525,3.3371220931817875
2026-04-17,29.27,0.0,0.0,0.0,29.27,97.7,0.0,0.0,0.0,97.7,3.337888623163649,3.3372352313551006
2026-04-20,29.27,0.0,0.0,0.0,29.27,97.72,0.0,0.0,0.0,97.72,3.338571916638196,3.337184334660072
2026-04-21,29.17,0.0,0.0,0.0,29.17,97.34,0.0,0.0,0.0,97.34,3.3369900582790537,3.337217384065556
2026-04-22,29.22,0.0,0.0,0.0,29.22,97.48,0.0,0.0,0.0,97.48,3.3360711841204655,3.337192688423934
2026-04-23,29.16,0.0,0.0,0.0,29.16,97.36,0.0,0.0,0.0,97.36,3.3388203017832647,3.3372828747838157
2026-04-24,29.18,0.0,0.0,0.0,29.18,97.43,0.0,0.0,0.0,97.43,3.3389307745030847,3.3372207178567956
2026-04-27,29.12,0.0,0.0,0.0,29.12,97.23,0.0,0.0,0.0,97.23,3.338942307692308,3.3372632371411326
2026-04-28,29.12,0.0,0.0,0.0,29.12,97.22,0.0,0.0,0.0,97.22,3.338598901098901,3.3374283744371582
2026-04-29,28.99,0.0,0.0,0.0,28.99,96.8,0.0,0.0,0.0,96.8,3.339082442221456,3.3376584180087887
2026-04-30,29.01,0.0,0.0,0.0,29.01,96.92,0.0,0.0,0.0,96.92,3.3409169251982074,3.337887810760231
2026-05-01,28.94,0.0,0.0,0.0,28.94,96.7,0.0,0.0,0.0,96.7,3.34139599170698,3.3381818611206397
2026-05-04,28.86,0.0,0.0,0.0,28.86,96.36,0.0,0.0,0.0,96.36,3.3388773388773387,3.3383268318934136
2026-05-05,28.94,0.0,0.0,0.0,28.94,96.6,0.0,0.0,0.0,96.6,3.3379405666897024,3.338338953267182
2026-05-06,29.07,0.0,0.0,0.0,29.07,97.02,0.0,0.0,0.0,97.02,3.3374613003095974,3.3383850952057386
2026-05-07,28.97,0.0,0.0,0.0,28.97,96.76,0.0,0.0,0.0,96.76,3.3400069036934763,3.338512800500265
2026-05-08,29.07,0.0,0.0,0.0,29.07,97.06,0.0,0.0,0.0,97.06,3.3388372893016856,3.338512800500265
2026-05-11,29.01,0.0,0.0,0.0,29.01,96.85,0.0,0.0,0.0,96.85,3.3385039641502927,3.338491171949632
2026-05-12,28.93,0.0,0.0,0.0,28.93,96.53,0.0,0.0,0.0,96.53,3.3366747321119945,3.3384473435757513
2026-05-13,28.94,0.0,0.0,0.0,28.94,96.56,0.0,0.0,0.0,96.56,3.336558396682792,3.33842613580127
2026-05-14,28.93,0.0,0.0,0.0,28.93,96.55,0.0,0.0,0.0,96.55,3.3373660559972347,3.3384217987109843
2026-05-15,28.76,0.0,0.0,0.0,28.76,96.03,0.0,0.0,0.0,96.03,3.339012517385257,3.3384779934220647
2026-05-18,28.73,0.0,0.0,0.0,28.73,95.88,0.0,0.0,0.0,95.88,3.3372781065088755,3.3384133029155985
2026-05-19,28.62,0.0,0.0,0.0,28.62,95.52,0.0,0.0,0.0,95.52,3.3375262054507333,3.3384401102741825
2026-05-20,28.8,0.0,0.0,0.0,28.8,96.13,0.0,0.0,0.0,96.13,3.337847222222222,3.33852891217927
2026-05-21,28.86,0.0,0.0,0.0,28.86,96.23,0.0,0.0,0.0,96.23,3.3343728343728345,3.338306538808749
2026-05-22,28.9,0.0,0.0,0.0,28.9,96.38,0.0,0.0,0.0,96.38,3.334948096885813,3.338107404927885
2026-05-26,28.98,0.0,0.0,0.0,28.98,96.71,0.0,0.0,0.0,96.71,3.3371290545203585,3.338016742269288
2026-05-27,29.03,0.0,0.0,0.0,29.03,96.81,0.0,0.0,0.0,96.81,3.3348260420254907,3.3378280993156175
2026-05-28,29.08,0.0,0.0,0.0,29.08,97.02,0.0,0.0,0.0,97.02,3.3363136176066024,3.3376896580848743
2026-05-29,29.09,0.0,0.0,0.0,29.09,97.12,0.0,0.0,0.0,97.12,3.338604331385356,3.337574028394232
2026-06-01,28.98,0.0,0.0,0.0,28.98,96.69,0.0,0.0,0.0,96.69,3.336438923395445,3.337326174978655
2026-06-02,28.99,0.0,0.0,0.0,28.99,96.68,0.0,0.0,0.0,96.68,3.334943083822008,3.3371294622258887
2026-06-03,28.93,0.0,0.0,0.0,28.93,96.48,0.0,0.0,0.0,96.48,3.334946422398894,3.336979755011348
2026-06-04,28.98,0.0,0.0,0.0,28.98,96.63,0.0,0.0,0.0,96.63,3.3343685300207038,3.336825116496903
2026-06-05,28.82,0.0,0.0,0.0,28.82,96.09,0.0,0.0,0.0,96.09,3.334142956280361,3.336531919126248
2026-06-08,28.8,0.0,0.0,0.0,28.8,96.02,0.0,0.0,0.0,96.02,3.3340277777777776,3.336291443550052
2026-06-09,28.88,0.0,0.0,0.0,28.88,96.28,0.0,0.0,0.0,96.28,3.3337950138504158,3.3360559960350584
2026-06-10,28.83,0.0,0.0,0.0,28.83,96.15,0.0,0.0,0.0,96.15,3.3350676378772115,3.3359756413233193
2026-06-11,29.03,0.0,0.0,0.0,29.03,96.8,0.0,0.0,0.0,96.8,3.334481570788839,3.3358718000286216
2026-06-12,29.0,0.0,0.0,0.0,29.0,96.71,0.0,0.0,0.0,96.71,3.334827586206896,3.335744876539105
2026-06-15,29.02,0.0,0.0,0.0,29.02,96.76,0.0,0.0,0.0,96.76,3.334252239834597,3.335506862661572
2026-06-16,29.03,0.0,0.0,0.0,29.03,96.87,0.0,0.0,0.0,96.87,3.336892869445401,3.335487600808398
2026-06-17,28.96,0.0,0.0,0.0,28.96,96.52,0.0,0.0,0.0,96.52,3.3328729281767955,3.3352549369447013
2026-06-18,29.03,0.0,0.0,0.0,29.03,96.77,0.0,0.0,0.0,96.77,3.333448157078884,3.3350349836875344
2026-06-22,28.96,0.0,0.0,0.0,28.96,96.55,0.0,0.0,0.0,96.55,3.3339088397790055,3.3350117839578433
2026-06-23,28.99,0.0,0.0,0.0,28.99,96.68,0.0,0.0,0.0,96.68,3.334943083822008,3.3350115333046526
2026-06-24,29.11,0.0,0.0,0.0,29.11,97.07,0.0,0.0,0.0,97.07,3.3345929233940224,3.334884726748336
2026-06-25,29.14,0.0,0.0,0.0,29.14,97.19,0.0,0.0,0.0,97.19,3.335277968428277,3.3349073230684754
2026-06-26,29.15,0.0,0.0,0.0,29.15,97.26,0.0,0.0,0.0,97.26,3.3365351629502578,3.3349184003356576
2026-06-29,29.19,0.0,0.0,0.0,29.19,97.4,0.0,0.0,0.0,97.4,3.336759164097294,3.3348261419712544
2026-06-30,29.04,0.0,0.0,0.0,29.04,96.9,0.0,0.0,0.0,96.9,3.3367768595041327,3.3348430387766888
2026-07-01,28.87,0.0,0.0,0.0,28.87,96.33,0.0,0.0,0.0,96.33,3.336681676480776,3.3349299684096274
2026-07-02,28.92,0.0,0.0,0.0,28.92,96.52,0.0,0.0,0.0,96.52,3.337482710926694,3.3350567828360176
2026-07-06,28.94,0.0,0.0,0.0,28.94,96.52,0.0,0.0,0.0,96.52,3.335176226675881,3.3350971676687764
2026-07-07,28.76,0.0,0.0,0.0,28.76,96.03,0.0,0.0,0.0,96.03,3.339012517385257,3.3353406457240213
2026-07-08,28.72,0.0,0.0,0.0,28.72,95.87,0.0,0.0,0.0,95.87,3.3380919220055714,3.335543852935411
2026-07-09,28.75,0.0,0.0,0.0,28.75,95.97,0.0,0.0,0.0,95.97,3.3380869565217393,3.335758450068977
2026-07-10,28.7,0.0,0.0,0.0,28.7,95.79,0.0,0.0,0.0,95.79,3.3376306620209064,3.3358866012761617
2026-07-13,28.58,0.0,0.0,0.0,28.58,95.41,0.0,0.0,0.0,95.41,3.3383484954513647,3.336079947509288
2026-07-14,28.62,0.0,0.0,0.0,28.62,95.64,0.0,0.0,0.0,95.64,3.341719077568134,3.33642452207735
2026-07-15,28.72,0.0,0.0,0.0,28.72,95.9,0.0,0.0,0.0,95.9,3.339136490250697,3.3366687345981547
2026-07-16,28.71,0.0,0.0,0.0,28.71,95.88,0.0,0.0,0.0,95.88,3.3396029258098223,3.3368042374163758
2026-07-17,28.73,0.0,0.0,0.0,28.73,95.93,0.0,0.0,0.0,95.93,3.3390184476157327,3.337111513388323
2026-07-20,28.64,0.0,0.0,0.0,28.64,95.63,0.0,0.0,0.0,95.63,3.339036312849162,3.337390921176837
2026-07-21,28.58,0.0,0.0,0.0,28.58,95.45,0.0,0.0,0.0,95.45,3.3397480755773272,3.337682882966753
2026-07-22,28.53,0.0,0.0,0.0,28.53,95.27,0.0,0.0,0.0,95.27,3.3392919733613735,3.337900327443721
2026-07-23,28.44,0.0,0.0,0.0,28.44,94.99,0.0,0.0,0.0,94.99,3.3400140646976086,3.3381713845089003
2026-07-24,28.45,0.0,0.0,0.0,28.45,95.02,0.0,0.0,0.0,95.02,3.3398945518453425,3.3384022136797533
2026-07-27,28.51,0.0,0.0,0.0,28.51,95.2,0.0,0.0,0.0,95.2,3.3391792353560152,3.3385344173000417
2026-07-28,28.58,0.0,0.0,0.0,28.58,95.48,0.0,0.0,0.0,95.48,3.3407977606717987,3.338736347128767
2026-07-29,28.44,0.0,0.0,0.0,28.44,95.1,0.0,0.0,0.0,95.1,3.343881856540084,3.339091596980564
2026-07-30,28.5,0.0,0.0,0.0,28.5,95.27,0.0,0.0,0.0,95.27,3.3428070175438593,3.3393978640337187
2026-07-31,28.44,0.0,0.0,0.0,28.44,95.08,0.0,0.0,0.0,95.08,3.343178621659634,3.3396826595703657
2026-08-03,28.4,0.0,0.0,0.0,28.4,94.87,0.0,0.0,0.0,94.87,3.3404929577464793,3.3399484961238954
2026-08-04,28.54,0.0,0.0,0.0,28.54,95.31,0.0,0.0,0.0,95.31,3.339523475823406,3.3399740440458032
2026-08-05,28.55,0.0,0.0,0.0,28.55,95.35,0.0,0.0,0.0,95.35,3.339754816112084,3.3400571887511283
2026-08-06,28.47,0.0,0.0,0.0,28.47,95.1,0.0,0.0,0.0,95.1,3.3403582718651212,3.340170754518298
2026-08-07,28.51,0.0,0.0,0.0,28.51,95.23,0.0,0.0,0.0,95.23,3.340231497720098,3.340300796303257
2026-08-10,28.37,0.0,0.0,0.0,28.37,94.84,0.0,0.0,0.0,94.84,3.342967923863236,3.3405317677238506
2026-08-11,28.38,0.0,0.0,0.0,28.38,94.92,0.0,0.0,0.0,94.92,3.3446088794926006,3.340676257820074
2026-08-12,28.42,0.0,0.0,0.0,28.42,94.97,0.0,0.0,0.0,94.97,3.341660802251935,3.340802473420136
2026-08-13,28.51,0.0,0.0,0.0,28.51,95.27,0.0,0.0,0.0,95.27,3.3416345142055417,3.340904052839922
2026-08-14,28.42,0.0,0.0,0.0,28.42,95.08,0.0,0.0,0.0,95.08,3.3455313159746654,3.3412296962578685
2026-08-17,28.34,0.0,0.0,0.0,28.34,94.76,0.0,0.0,0.0,94.76,3.343683839096683,3.341462072570245
2026-08-18,28.37,0.0,0.0,0.0,28.37,94.82,0.0,0.0,0.0,94.82,3.342262953824462,3.341587816482601
2026-08-19,28.52,0.0,0.0,0.0,28.52,95.28,0.0,0.0,0.0,95.28,3.3408134642356244,3.3416638910263137
2026-08-20,28.42,0.0,0.0,0.0,28.42,95.01,0.0,0.0,0.0,95.01,3.3430682617874736,3.341816600880807
2026-08-21,28.39,0.0,0.0,0.0,28.39,94.89,0.0,0.0,0.0,94.89,3.3423740753786544,3.3419405770574726
2026-08-24,28.45,0.0,0.0,0.0,28.45,95.03,0.0,0.0,0.0,95.03,3.3402460456942005,3.3419939175743822
2026-08-25,28.59,0.0,0.0,0.0,28.59,95.51,0.0,0.0,0.0,95.51,3.340678558936691,3.341987957487627
2026-08-26,28.58,0.0,0.0,0.0,28.58,95.46,0.0,0.0,0.0,95.46,3.3400979706088174,3.3417987631910635
2026-08-27,28.55,0.0,0.0,0.0,28.55,95.44,0.0,0.0,0.0,95.44,3.342907180385289,3.341803771333135
2026-08-28,28.45,0.0,0.0,0.0,28.45,95.09,0.0,0.0,0.0,95.09,3.3423550087873464,3.3417625906895205
2026-08-31,28.44,0.0,0.0,0.0,28.44,94.98,0.0,0.0,0.0,94.98,3.339662447257384,3.3417210651650655
2026-09-01,28.19,0.0,0.0,0.0,28.19,94.2,0.0,0.0,0.0,94.2,3.3416105001773677,3.341825416382764
2026-09-02,28.21,0.0,0.0,0.0,28.21,94.28,0.0,0.0,0.0,94.28,3.3420772775611485,3.3419415394552168
2026-09-03,28.27,0.0,0.0,0.0,28.27,94.38,0.0,0.0,0.0,94.38,3.33852140077821,3.3418496959008714
2026-09-04,28.27,0.0,0.0,0.0,28.27,94.39,0.0,0.0,0.0,94.39,3.3388751326494517,3.341781877647339
2026-09-08,28.24,0.0,0.0,0.0,28.24,94.35,0.0,0.0,0.0,94.35,3.3410056657223794,3.3416837647402966
2026-09-09,28.2,0.0,0.0,0.0,28.2,94.24,0.0,0.0,0.0,94.24,3.3418439716312056,3.341545519347226
2026-09-10,28.01,0.0,0.0,0.0,28.01,93.59,0.0,0.0,0.0,93.59,3.341306676187076,3.341527813043984
2026-09-11,27.98,0.0,0.0,0.0,27.98,93.48,0.0,0.0,0.0,93.48,3.3409578270192997,3.341493978684672
2026-09-14,27.97,0.0,0.0,0.0,27.97,93.4,0.0,0.0,0.0,93.4,3.3392920986771544,3.3411820178197957
2026-09-15,27.98,0.0,0.0,0.0,27.98,93.41,0.0,0.0,0.0,93.41,3.338456040028592,3.3409206278663914
2026-09-16,28.0,0.0,0.0,0.0,28.0,93.43,0.0,0.0,0.0,93.43,3.3367857142857145,3.340646765889454
2026-09-17,28.15,0.0,0.0,0.0,28.15,93.88,0.0,0.0,0.0,93.88,3.3349911190053287,3.340355648627939
2026-09-18,28.06,0.0,0.0,0.0,28.06,93.57,0.0,0.0,0.0,93.57,3.33464005702067,3.339934238389599
2026-09-21,28.13,0.0,0.0,0.0,28.13,93.86,0.0,0.0,0.0,93.86,3.336651261997867,3.33964809772056
2026-09-22,28.15,0.0,0.0,0.0,28.15,93.86,0.0,0.0,0.0,93.86,3.3342806394316167,3.3393498274074305
2026-09-23,27.88,0.0,0.0,0.0,27.88,93.02,0.0,0.0,0.0,93.02,3.336441893830703,3.3391379941521313
2026-09-24,27.72,0.0,0.0,0.0,27.72,92.53,0.0,0.0,0.0,92.53,3.338023088023088,3.339034250022844
2026-09-25,27.74,0.0,0.0,0.0,27.74,92.58,0.0,0.0,0.0,92.58,3.3374188896899786,3.3387598354880788
2026-09-28,27.58,0.0,0.0,0.0,27.58,92.08,0.0,0.0,0.0,92.08,3.338651196519217,3.3385746448746723
2026-09-29,27.56,0.0,0.0,0.0,27.56,92.03,0.0,0.0,0.0,92.03,3.339259796806967,3.3385545123521516
2026-09-30,27.49,0.0,0.0,0.0,27.49,91.8,0.0,0.0,0.0,91.8,3.3393961440523827,3.3384437945459027
2026-10-01,27.44,0.0,0.0,0.0,27.44,91.63,0.0,0.0,0.0,91.63,3.339285714285714,3.338304216382131
2026-10-02,27.41,0.0,0.0,0.0,27.41,91.45,0.0,0.0,0.0,91.45,3.3363735862823787,3.3381968256573393
2026-10-05,27.42,0.0,0.0,0.0,27.42,91.46,0.0,0.0,0.0,91.46,3.335521517140773,3.3380291448819053
2026-10-06,27.49,0.0,0.0,0.0,27.49,91.7,0.0,0.0,0.0,91.7,3.3357584576209534,3.337766784476834
2026-10-07,27.3,0.0,0.0,0.0,27.3,91.21,0.0,0.0,0.0,91.21,3.3410256410256407,3.3377258679465553
