date,GOOG,div_GOOG,div_cumsum_GOOG,div_adj_GOOG,GOOG*,GOOGL,div_GOOGL,div_cumsum_GOOGL,div_adj_GOOGL,GOOGL*,ratio*,ratio*_ma
2026-01-02,315.32,0.0,0.0,0.0,315.32,315.15,0.0,0.0,0.0,315.15,0.9994608651528606,
2026-01-05,317.32,0.0,0.0,0.0,317.32,316.54,0.0,0.0,0.0,316.54,0.9975419135257785,
2026-01-06,314.55,0.0,0.0,0.0,314.55,314.34,0.0,0.0,0.0,314.34,0.9993323795898902,
2026-01-07,322.43,0.0,0.0,0.0,322.43,321.98,0.0,0.0,0.0,321.98,0.9986043482306237,
2026-01-08,326.01,0.0,0.0,0.0,326.01,325.44,0.0,0.0,0.0,325.44,0.9982515873746204,
2026-01-09,329.14,0.0,0.0,0.0,329.14,328.57,0.0,0.0,0.0,328.57,0.9982682141338033,
2026-01-12,332.73,0.0,0.0,0.0,332.73,331.86,0.0,0.0,0.0,331.86,0.9973852673338743,
2026-01-13,336.43,0.0,0.0,0.0,336.43,335.97,0.0,0.0,0.0,335.97,0.9986327021965937,
2026-01-14,336.31,0.0,0.0,0.0,336.31,335.84,0.0,0.0,0.0,335.84,0.9986024798548957,
2026-01-15,333.16,0.0,0.0,0.0,333.16,332.78,0.0,0.0,0.0,332.78,0.9988594068915835,
2026-01-16,330.34,0.0,0.0,0.0,330.34,330.0,0.0,0.0,0.0,330.0,0.9989707574014652,
2026-01-20,322.16,0.0,0.0,0.0,322.16,322.0,0.0,0.0,0.0,322.0,0.9995033523714923,
2026-01-21,328.38,0.0,0.0,0.0,328.38,328.38,0.0,0.0,0.0,328.38,1.0,
2026-01-22,330.84,0.0,0.0,0.0,330.84,330.54,0.0,0.0,0.0,330.54,0.9990932172651434,
2026-01-23,328.43,0.0,0.0,0.0,328.43,327.93,0.0,0.0,0.0,327.93,0.9984776055780532,
2026-01-26,333.59,0.0,0.0,0.0,333.59,333.26,0.0,0.0,0.0,333.26,0.9990107617134807,
2026-01-27,335.0,0.0,0.0,0.0,335.0,334.55,0.0,0.0,0.0,334.55,0.9986567164179104,
2026-01-28,336.28,0.0,0.0,0.0,336.28,336.01,0.0,0.0,0.0,336.01,0.9991970976567147,
2026-01-29,338.66,0.0,0.0,0.0,338.66,338.25,0.0,0.0,0.0,338.25,0.9987893462469732,
2026-01-30,338.53,0.0,0.0,0.0,338.53,338.0,0.0,0.0,0.0,338.0,0.9984344075857384,0.9987536213260748
2026-02-02,344.9,0.0,0.0,0.0,344.9,343.69,0.0,0.0,0.0,343.69,0.9964917367352857,0.9986051649051959
2026-02-03,340.7,0.0,0.0,0.0,340.7,339.71,0.0,0.0,0.0,339.71,0.9970942177869093,0.9985827801182527
2026-02-04,333.34,0.0,0.0,0.0,333.34,333.04,0.0,0.0,0.0,333.04,0.9991000179996401,0.9985711620387401
2026-02-05,331.33,0.0,0.0,0.0,331.33,331.25,0.0,0.0,0.0,331.25,0.9997585488787614,0.9986288720711469
2026-02-06,323.1,0.0,0.0,0.0,323.1,322.86,0.0,0.0,0.0,322.86,0.9992571959145775,0.9986791524981449
2026-02-09,324.4,0.0,0.0,0.0,324.4,324.32,0.0,0.0,0.0,324.32,0.9997533908754624,0.9987534113352277
2026-02-10,318.63,0.0,0.0,0.0,318.63,318.58,0.0,0.0,0.0,318.58,0.9998430781784514,0.9988763018774567
2026-02-11,311.33,0.0,0.0,0.0,311.33,310.96,0.0,0.0,0.0,310.96,0.9988115504448656,0.9988852442898702
2026-02-12,309.37,0.0,0.0,0.0,309.37,309.0,0.0,0.0,0.0,309.0,0.998804021075088,0.9988953213508799
2026-02-13,306.02,0.0,0.0,0.0,306.02,305.72,0.0,0.0,0.0,305.72,0.9990196719168684,0.9989033346021442
2026-02-17,302.82,0.0,0.0,0.0,302.82,302.02,0.0,0.0,0.0,302.02,0.9973581665675979,0.9988227050604508
2026-02-18,303.94,0.0,0.0,0.0,303.94,303.33,0.0,0.0,0.0,303.33,0.9979930249391327,0.9987471886888326
2026-02-19,303.56,0.0,0.0,0.0,303.56,302.85,0.0,0.0,0.0,302.85,0.9976610884174464,0.9986302431097049
2026-02-20,314.9,0.0,0.0,0.0,314.9,314.98,0.0,0.0,0.0,314.98,1.0002540489044143,0.9986882846916686
2026-02-23,311.69,0.0,0.0,0.0,311.69,311.49,0.0,0.0,0.0,311.49,0.999358336809009,0.9987323212532164
2026-02-24,310.92,0.0,0.0,0.0,310.92,310.9,0.0,0.0,0.0,310.9,0.9999356747716454,0.9987785669061247
2026-02-25,313.03,0.0,0.0,0.0,313.03,312.9,0.0,0.0,0.0,312.9,0.999584704341437,0.9988249663023009
2026-02-26,307.15,0.0,0.0,0.0,307.15,307.38,0.0,0.0,0.0,307.38,1.0007488197948886,0.9989025524092098
2026-02-27,311.43,0.0,0.0,0.0,311.43,311.76,0.0,0.0,0.0,311.76,1.0010596281668431,0.9990160665052032
2026-03-02,306.36,0.0,0.0,0.0,306.36,306.52,0.0,0.0,0.0,306.52,1.0005222613918265,0.9991204591955075
2026-03-03,303.56,0.0,0.0,0.0,303.56,303.58,0.0,0.0,0.0,303.58,1.0000658848333113,0.9992991666004087
2026-03-04,303.45,0.0,0.0,0.0,303.45,303.13,0.0,0.0,0.0,303.13,0.998945460537156,0.999391728737921
2026-03-05,300.91,0.0,0.0,0.0,300.91,300.88,0.0,0.0,0.0,300.88,0.9999003024160047,0.9994317429587394
2026-03-06,298.3,0.0,0.0,0.0,298.3,298.52,0.0,0.0,0.0,298.52,1.000737512571237,0.9994806911433631
2026-03-09,306.01,0.0,0.0,0.0,306.01,306.36,0.0,0.0,0.0,306.36,1.0011437534721088,0.9995750190212398
2026-03-10,306.93,0.0,0.0,0.0,306.93,307.04,0.0,0.0,0.0,307.04,1.0003583879060371,0.9996052688727686
2026-03-11,308.42,0.0,0.0,0.0,308.42,308.7,0.0,0.0,0.0,308.7,1.0009078529278257,0.9996585076102372
2026-03-12,303.21,0.0,0.0,0.0,303.21,303.55,0.0,0.0,0.0,303.55,1.0011213350483164,0.9997739968404098
2026-03-13,301.46,0.0,0.0,0.0,301.46,302.28,0.0,0.0,0.0,302.28,1.0027200955350626,0.9999698005634083
2026-03-16,304.42,0.0,0.0,0.0,304.42,305.56,0.0,0.0,0.0,305.56,1.0037448262269233,1.0002060582789112
2026-03-17,309.41,0.0,0.0,0.0,309.41,310.92,0.0,0.0,0.0,310.92,1.0048802559710417,1.0005821627490834
2026-03-18,306.3,0.0,0.0,0.0,306.3,307.69,0.0,0.0,0.0,307.69,1.0045380346065949,1.0009094132324567
2026-03-19,305.73,0.0,0.0,0.0,305.73,307.13,0.0,0.0,0.0,307.13,1.0045792038726982,1.0012553190052191
2026-03-20,298.79,0.0,0.0,0.0,298.79,301.0,0.0,0.0,0.0,301.0,1.0073964992134943,1.001612441520673
2026-03-23,299.02,0.0,0.0,0.0,299.02,302.06,0.0,0.0,0.0,302.06,1.0101665440438767,1.0021528518824163
2026-03-24,289.2,0.0,0.0,0.0,289.2,290.44,0.0,0.0,0.0,290.44,1.0042876901798063,1.0023704526528245
2026-03-25,289.59,0.0,0.0,0.0,289.59,290.93,0.0,0.0,0.0,290.93,1.0046272316033014,1.0026225790159178
2026-03-26,280.74,0.0,0.0,0.0,280.74,280.92,0.0,0.0,0.0,280.92,1.00064116264159,1.0026171961582526
2026-03-27,273.76,0.0,0.0,0.0,273.76,274.34,0.0,0.0,0.0,274.34,1.0021186440677965,1.0026701469533004
2026-03-30,273.14,0.0,0.0,0.0,273.14,273.5,0.0,0.0,0.0,273.5,1.0013180054184667,1.0027099341546326
2026-03-31,286.86,0.0,0.0,0.0,286.86,287.56,0.0,0.0,0.0,287.56,1.0024402147388969,1.0028286506499118
2026-04-01,294.9,0.0,0.0,0.0,294.9,297.39,0.0,0.0,0.0,297.39,1.0084435401831129,1.0033035546322098
2026-04-02,294.46,0.0,0.0,0.0,294.46,295.77,0.0,0.0,0.0,295.77,1.0044488215716905,1.003530980589994
2026-04-06,297.66,0.0,0.0,0.0,297.66,299.99,0.0,0.0,0.0,299.99,1.007827722905328,1.0038854911066983
2026-04-07,303.93,0.0,0.0,0.0,303.93,305.46,0.0,0.0,0.0,305.46,1.0050340538939886,1.0040800061277924
2026-04-08,314.74,0.0,0.0,0.0,314.74,317.32,0.0,0.0,0.0,317.32,1.0081972421681387,1.0044719488408975
2026-04-09,316.37,0.0,0.0,0.0,316.37,318.49,0.0,0.0,0.0,318.49,1.006701014634763,1.0047616069262444
2026-04-10,315.72,0.0,0.0,0.0,315.72,317.24,0.0,0.0,0.0,317.24,1.0048143924996833,1.0049462597988126
2026-04-13,319.21,0.0,0.0,0.0,319.21,321.31,0.0,0.0,0.0,321.31,1.0065787412675042,1.005139192085435
2026-04-14,330.58,0.0,0.0,0.0,330.58,332.91,0.0,0.0,0.0,332.91,1.0070482182830178,1.0053043616882396
2026-04-15,334.47,0.0,0.0,0.0,334.47,337.12,0.0,0.0,0.0,337.12,1.0079229826292342,1.0054564980211491
2026-04-16,332.77,0.0,0.0,0.0,332.77,336.02,0.0,0.0,0.0,336.02,1.009766505394116,1.005717921560525
2026-04-17,339.4,0.0,0.0,0.0,339.4,341.68,0.0,0.0,0.0,341.68,1.0067177371832647,1.0058248482260534
2026-04-20,335.4,0.0,0.0,0.0,335.4,337.42,0.0,0.0,0.0,337.42,1.0060226595110318,1.0057561562409305
2026-04-21,330.47,0.0,0.0,0.0,330.47,332.29,0.0,0.0,0.0,332.29,1.0055073077737766,1.0055231944274254
2026-04-22,337.73,0.0,0.0,0.0,337.73,339.32,0.0,0.0,0.0,339.32,1.0047079027625618,1.005544205056563
2026-04-23,337.75,0.0,0.0,0.0,337.75,338.89,0.0,0.0,0.0,338.89,1.0033752775721687,1.0054816073550064
2026-04-24,342.32,0.0,0.0,0.0,342.32,344.4,0.0,0.0,0.0,344.4,1.006076186024772,1.0057533585241658
2026-04-27,348.52,0.0,0.0,0.0,348.52,350.34,0.0,0.0,0.0,350.34,1.0052220819465167,1.0059085304181017
2026-04-28,347.5,0.0,0.0,0.0,347.5,349.78,0.0,0.0,0.0,349.78,1.0065611510791366,1.0061706877011352
2026-04-29,347.31,0.0,0.0,0.0,347.31,349.94,0.0,0.0,0.0,349.94,1.0075724856756212,1.0064273012479714
2026-04-30,381.94,0.0,0.0,0.0,381.94,384.8,0.0,0.0,0.0,384.8,1.0074880871341048,1.006379528595521
2026-05-01,383.22,0.0,0.0,0.0,383.22,385.69,0.0,0.0,0.0,385.69,1.0064453838526173,1.0064793567095673
2026-05-04,379.64,0.0,0.0,0.0,379.64,383.25,0.0,0.0,0.0,383.25,1.009509008534401,1.006563420991021
2026-05-05,384.27,0.0,0.0,0.0,384.27,388.43,0.0,0.0,0.0,388.43,1.0108257214979053,1.0068530043712167
2026-05-06,395.14,0.0,0.0,0.0,395.14,398.04,0.0,0.0,0.0,398.04,1.0073391709267603,1.006810100809148
2026-05-07,395.3,0.0,0.0,0.0,395.3,397.99,0.0,0.0,0.0,397.99,1.0068049582595497,1.006815297990387
2026-05-08,397.05,0.0,0.0,0.0,397.05,400.8,0.0,0.0,0.0,400.8,1.0094446543256517,1.0070468110816857
2026-05-11,386.77,0.0,0.0,0.0,386.77,388.64,0.0,0.0,0.0,388.64,1.0048349148072497,1.006959619758673
2026-05-12,383.82,0.0,0.0,0.0,383.82,387.35,0.0,0.0,0.0,387.35,1.009197019436194,1.0070670598163318
2026-05-13,399.04,0.0,0.0,0.0,399.04,402.62,0.0,0.0,0.0,402.62,1.0089715316760224,1.007119487268671
2026-05-14,397.17,0.0,0.0,0.0,397.17,401.07,0.0,0.0,0.0,401.07,1.0098194727698466,1.0071221356374578
2026-05-15,393.32,0.0,0.0,0.0,393.32,396.78,0.0,0.0,0.0,396.78,1.0087969083697752,1.0072260941967832
2026-05-18,393.11,0.0,0.0,0.0,393.11,396.94,0.0,0.0,0.0,396.94,1.0097428200758056,1.007412102225022
2026-05-19,384.9,0.0,0.0,0.0,384.9,387.66,0.0,0.0,0.0,387.66,1.007170693686672,1.0074952715206666
2026-05-20,384.9,0.0,0.0,0.0,384.9,388.91,0.0,0.0,0.0,388.91,1.010418290465056,1.0077807909057914
2026-05-21,383.47,0.0,0.0,0.0,383.47,387.66,0.0,0.0,0.0,387.66,1.0109265392338385,1.008158353988875
2026-05-22,379.38,0.0,0.0,0.0,379.38,382.97,0.0,0.0,0.0,382.97,1.0094628077389425,1.0083276850745833
2026-05-26,384.84,0.0,0.0,0.0,384.84,388.88,0.0,0.0,0.0,388.88,1.0104978692443614,1.0085914744394757
2026-05-27,384.83,0.0,0.0,0.0,384.83,388.83,0.0,0.0,0.0,388.83,1.0103942000363797,1.0087831268873377
2026-05-28,386.12,0.0,0.0,0.0,386.12,390.13,0.0,0.0,0.0,390.13,1.010385372423081,1.0089237712247108
2026-05-29,376.43,0.0,0.0,0.0,376.43,380.34,0.0,0.0,0.0,380.34,1.010387057354621,1.0090687197357364
2026-06-01,372.58,0.0,0.0,0.0,372.58,376.37,0.0,0.0,0.0,376.37,1.0101723119866874,1.00925506614244
2026-06-02,358.39,0.0,0.0,0.0,358.39,361.85,0.0,0.0,0.0,361.85,1.0096542872289964,1.00926233007717
2026-06-03,355.68,0.0,0.0,0.0,355.68,358.99,0.0,0.0,0.0,358.99,1.0093061178587495,1.009186349895212
2026-06-04,369.27,0.0,0.0,0.0,369.27,372.19,0.0,0.0,0.0,372.19,1.007907493162185,1.0092147660069835
2026-06-05,365.76,0.0,0.0,0.0,365.76,368.53,0.0,0.0,0.0,368.53,1.0075732720909887,1.0092531816985553
2026-06-08,361.17,0.0,0.0,0.0,361.17,363.31,0.0,0.0,0.0,363.31,1.0059251875847939,1.0090772083615123
2026-06-09,362.29,0.0,0.0,0.0,362.29,364.26,0.0,0.0,0.0,364.26,1.0054376328355736,1.0091073442629284
2026-06-10,353.32,0.0,0.0,0.0,353.32,356.38,0.0,0.0,0.0,356.38,1.0086607041775162,1.0090805284999946
2026-06-11,356.56,0.0,0.0,0.0,356.56,357.77,0.0,0.0,0.0,357.77,1.0033935382544312,1.008801628828915
2026-06-12,358.16,0.0,0.0,0.0,358.16,359.68,0.0,0.0,0.0,359.68,1.0042439133348224,1.008522850857164
2026-06-15,367.11,0.0,0.0,0.0,367.11,369.35,0.0,0.0,0.0,369.35,1.0061017133829098,1.0083880911078205
2026-06-16,371.1,0.0,0.0,0.0,371.1,373.25,0.0,0.0,0.0,373.25,1.0057935866343304,1.0081906294357468
2026-06-17,362.1,0.0,0.0,0.0,362.1,363.79,0.0,0.0,0.0,363.79,1.0046672190002761,1.008065455701427
2026-06-18,367.46,0.0,0.0,0.0,367.46,368.03,0.0,0.0,0.0,368.03,1.001551189245088,1.0076221006404287
2026-06-22,348.78,0.0,0.0,0.0,348.78,349.68,0.0,0.0,0.0,349.68,1.002580423189403,1.007204794838207
2026-06-23,346.08,0.0,0.0,0.0,346.08,346.13,0.0,0.0,0.0,346.13,1.0001444752658346,1.0067388782145517
2026-06-24,345.04,0.0,0.0,0.0,345.04,345.29,0.0,0.0,0.0,345.29,1.0007245536749363,1.0062502124360801
2026-06-25,342.19,0.0,0.0,0.0,342.19,343.71,0.0,0.0,0.0,343.71,1.0044419766796224,1.0059526012682425
2026-06-26,334.69,0.0,0.0,0.0,334.69,337.39,0.0,0.0,0.0,337.39,1.0080671666318084,1.0058366909786787
2026-06-29,351.28,0.0,0.0,0.0,351.28,353.65,0.0,0.0,0.0,353.65,1.006746754725575,1.0056546758472265
2026-06-30,353.33,0.0,0.0,0.0,353.33,357.37,0.0,0.0,0.0,357.37,1.0114340701327371,1.005717763754529
2026-07-01,357.89,0.0,0.0,0.0,357.89,361.21,0.0,0.0,0.0,361.21,1.009276593366677,1.005698879061413
2026-07-02,356.18,0.0,0.0,0.0,356.18,359.91,0.0,0.0,0.0,359.91,1.010472233140547,1.005757184825503
2026-07-06,364.9,0.0,0.0,0.0,364.9,366.46,0.0,0.0,0.0,366.46,1.0042751438750344,1.0055755673611453
2026-07-07,363.62,0.0,0.0,0.0,363.62,367.03,0.0,0.0,0.0,367.03,1.0093779220064902,1.0056657998569203
2026-07-08,358.71,0.0,0.0,0.0,358.71,361.92,0.0,0.0,0.0,361.92,1.0089487329597726,1.0058169771256693
2026-07-09,356.24,0.0,0.0,0.0,356.24,358.89,0.0,0.0,0.0,358.89,1.0074388052997978,1.0059170357488807
2026-07-10,355.03,0.0,0.0,0.0,355.03,357.18,0.0,0.0,0.0,357.18,1.006055826268203,1.005786791853415
2026-07-13,350.67,0.0,0.0,0.0,350.67,352.51,0.0,0.0,0.0,352.51,1.005247098411612,1.0058794698612739
2026-07-14,357.33,0.0,0.0,0.0,357.33,359.51,0.0,0.0,0.0,359.51,1.006100803179134,1.0059723143534893
2026-07-15,370.21,0.0,0.0,0.0,370.21,370.92,0.0,0.0,0.0,370.92,1.0019178304205723,1.0057631202053725
2026-07-16,353.81,0.0,0.0,0.0,353.81,354.46,0.0,0.0,0.0,354.46,1.0018371442299538,1.0055652980851537
2026-07-17,346.12,0.0,0.0,0.0,346.12,346.77,0.0,0.0,0.0,346.77,1.0018779614006703,1.0054258352051735
2026-07-20,351.37,0.0,0.0,0.0,351.37,351.99,0.0,0.0,0.0,351.99,1.0017645217292312,1.0054365018293807
2026-07-21,346.19,0.0,0.0,0.0,346.19,347.15,0.0,0.0,0.0,347.15,1.002773043704324,1.0054461328551265
2026-07-22,341.91,0.0,0.0,0.0,341.91,342.09,0.0,0.0,0.0,342.09,1.0005264543300867,1.0054652318083392
2026-07-23,318.34,0.0,0.0,0.0,318.34,317.69,0.0,0.0,0.0,317.69,0.9979581579443363,1.0053269120218093
2026-07-24,319.09,0.0,0.0,0.0,319.09,319.74,0.0,0.0,0.0,319.74,1.002037042840578,1.005206665329857
2026-07-27,326.57,0.0,0.0,0.0,326.57,326.56,0.0,0.0,0.0,326.56,0.9999693786936951,1.0048017759329515
2026-07-28,332.6,0.0,0.0,0.0,332.6,333.71,0.0,0.0,0.0,333.71,1.0033373421527358,1.0046313053043094
2026-07-29,335.76,0.0,0.0,0.0,335.76,336.71,0.0,0.0,0.0,336.71,1.0028294019537765,1.0042010718953613
2026-07-30,333.68,0.0,0.0,0.0,333.68,333.66,0.0,0.0,0.0,333.66,0.9999400623351715,1.003734245343786
2026-07-31,356.65,0.0,0.0,0.0,356.65,356.13,0.0,0.0,0.0,356.13,0.9985419879433619,1.0031377330839268
2026-08-03,372.47,0.0,0.0,0.0,372.47,373.51,0.0,0.0,0.0,373.51,1.0027921711815715,1.0030635844492537
2026-08-04,375.35,0.0,0.0,0.0,375.35,377.65,0.0,0.0,0.0,377.65,1.0061276142267217,1.0029010690602653
2026-08-05,360.13,0.0,0.0,0.0,360.13,362.43,0.0,0.0,0.0,362.43,1.0063865826229417,1.0027729615434238
2026-08-06,356.62,0.0,0.0,0.0,356.62,357.75,0.0,0.0,0.0,357.75,1.003168638887331,1.0025594532228004
2026-08-07,353.47,0.0,0.0,0.0,353.47,354.3,0.0,0.0,0.0,354.3,1.0023481483577106,1.0023740693272758
2026-08-10,355.84,0.0,0.0,0.0,355.84,357.52,0.0,0.0,0.0,357.52,1.0047212230215827,1.0023477755577743
2026-08-11,343.0,0.0,0.0,0.0,343.0,343.8,0.0,0.0,0.0,343.8,1.002332361516035,1.0021593534746194
2026-08-12,342.37,0.0,0.0,0.0,342.37,343.54,0.0,0.0,0.0,343.54,1.0034173554925958,1.0022343297282208
2026-08-13,343.94,0.0,0.0,0.0,343.94,346.36,0.0,0.0,0.0,346.36,1.0070361109495842,1.002494278064202
2026-08-14,343.54,0.0,0.0,0.0,343.54,345.9,0.0,0.0,0.0,345.9,1.0068696512778714,1.0027438625580622
2026-08-17,341.45,0.0,0.0,0.0,341.45,344.0,0.0,0.0,0.0,344.0,1.0074681505344854,1.003029043998325
2026-08-18,341.28,0.0,0.0,0.0,341.28,344.2,0.0,0.0,0.0,344.2,1.0085560243788092,1.0033181930320492
2026-08-19,341.7,0.0,0.0,0.0,341.7,344.72,0.0,0.0,0.0,344.72,1.008838162130524,1.003733778422071
2026-08-20,338.2,0.0,0.0,0.0,338.2,340.67,0.0,0.0,0.0,340.67,1.0073033707865169,1.00420103906418
2026-08-21,341.75,0.0,0.0,0.0,341.75,344.82,0.0,0.0,0.0,344.82,1.008983174835406,1.0045483456639215
2026-08-24,344.59,0.0,0.0,0.0,344.59,348.06,0.0,0.0,0.0,348.06,1.0100699381874112,1.0050533736386071
2026-08-25,343.34,0.0,0.0,0.0,343.34,346.96,0.0,0.0,0.0,346.96,1.0105434845925323,1.005413680760597
2026-08-26,339.1,0.0,0.0,0.0,339.1,342.0,0.0,0.0,0.0,342.0,1.0085520495429077,1.0056998131400536
2026-08-27,337.71,0.0,0.0,0.0,337.71,340.65,0.0,0.0,0.0,340.65,1.0087056942346984,1.00613809473503
2026-08-28,342.88,0.0,0.0,0.0,342.88,346.59,0.0,0.0,0.0,346.59,1.0108201119925337,1.0067520009374884
2026-08-31,335.41,0.0,0.0,0.0,335.41,339.35,0.0,0.0,0.0,339.35,1.0117468173280462,1.0071997332448124
2026-09-01,332.03,0.0,0.0,0.0,332.03,335.02,0.0,0.0,0.0,335.02,1.0090052103725566,1.007343613052104
2026-09-02,333.78,0.0,0.0,0.0,333.78,337.12,0.0,0.0,0.0,337.12,1.010006591167835,1.0075246134793487
2026-09-03,339.08,0.0,0.0,0.0,339.08,342.48,0.0,0.0,0.0,342.48,1.0100271322401795,1.007867538146991
2026-09-04,335.31,0.0,0.0,0.0,335.31,338.46,0.0,0.0,0.0,338.46,1.0093942918493335,1.008219845321572
2026-09-08,335.38,0.0,0.0,0.0,335.38,338.36,0.0,0.0,0.0,338.36,1.0088854433776613,1.0084280563393762
2026-09-09,328.38,0.0,0.0,0.0,328.38,330.65,0.0,0.0,0.0,330.65,1.006912723064742,1.0086570744168115
2026-09-10,330.39,0.0,0.0,0.0,330.39,332.6,0.0,0.0,0.0,332.6,1.0066890644389965,1.0088206598641316
2026-09-11,335.45,0.0,0.0,0.0,335.45,338.5,0.0,0.0,0.0,338.5,1.0090922641228202,1.0089234675227936
2026-09-14,345.71,0.0,0.0,0.0,345.71,349.39,0.0,0.0,0.0,349.39,1.010644760059009,1.0091122229618503
2026-09-15,341.43,0.0,0.0,0.0,341.43,344.98,0.0,0.0,0.0,344.98,1.0103974460357907,1.0092586877369154
2026-09-16,339.36,0.0,0.0,0.0,339.36,342.87,0.0,0.0,0.0,342.87,1.0103429985855727,1.0093480364472538
2026-09-17,343.68,0.0,0.0,0.0,343.68,347.33,0.0,0.0,0.0,347.33,1.0106203445065176,1.0094371455660534
2026-09-18,344.41,0.0,0.0,0.0,344.41,349.54,0.0,0.0,0.0,349.54,1.0148950378908859,1.0098167289212718
2026-09-21,350.87,0.0,0.0,0.0,350.87,354.97,0.0,0.0,0.0,354.97,1.0116852395474107,1.009951832156872
2026-09-22,347.41,0.0,0.0,0.0,347.41,351.16,0.0,0.0,0.0,351.16,1.0107941625169108,1.009988043373347
2026-09-23,334.98,0.0,0.0,0.0,334.98,337.83,0.0,0.0,0.0,337.83,1.0085079706251119,1.009886267674976
2026-09-24,339.01,0.0,0.0,0.0,339.01,342.36,0.0,0.0,0.0,342.36,1.0098817144037049,1.0099527509180157
2026-09-25,341.08,0.0,0.0,0.0,341.08,343.92,0.0,0.0,0.0,343.92,1.0083264923185178,1.0099337908222068
2026-09-28,339.16,0.0,0.0,0.0,339.16,342.75,0.0,0.0,0.0,342.75,1.0105849746432363,1.009922033954742
2026-09-29,337.32,0.0,0.0,0.0,337.32,340.92,0.0,0.0,0.0,340.92,1.0106723585912487,1.009868311017902
2026-09-30,345.25,0.0,0.0,0.0,345.25,349.06,0.0,0.0,0.0,349.06,1.0110354815351195,1.00996982457603
