date,TFI,div_TFI,div_cumsum_TFI,div_adj_TFI,TFI*,MUB,div_MUB,div_cumsum_MUB,div_adj_MUB,MUB*,ratio*,ratio*_ma
2026-01-02,45.75,0.0,0.0,0.0,45.75,107.24,0.0,0.0,0.0,107.24,2.3440437158469942,
2026-01-05,45.79,0.0,0.0,0.0,45.79,107.34,0.0,0.0,0.0,107.34,2.344179951954575,
2026-01-06,45.8,0.0,0.0,0.0,45.8,107.42,0.0,0.0,0.0,107.42,2.3454148471615723,
2026-01-07,45.93,0.0,0.0,0.0,45.93,107.65,0.0,0.0,0.0,107.65,2.3437840191595907,
2026-01-08,45.9,0.0,0.0,0.0,45.9,107.53,0.0,0.0,0.0,107.53,2.3427015250544665,
2026-01-09,45.95,0.0,0.0,0.0,45.95,107.66,0.0,0.0,0.0,107.66,2.3429815016322086,
2026-01-12,45.93,0.0,0.0,0.0,45.93,107.55,0.0,0.0,0.0,107.55,2.341606792945787,
2026-01-13,45.9,0.0,0.0,0.0,45.9,107.59,0.0,0.0,0.0,107.59,2.34400871459695,
2026-01-14,45.99,0.0,0.0,0.0,45.99,107.77,0.0,0.0,0.0,107.77,2.343335507719069,
2026-01-15,45.98,0.0,0.0,0.0,45.98,107.73,0.0,0.0,0.0,107.73,2.3429752066115705,
2026-01-16,45.93,0.0,0.0,0.0,45.93,107.61,0.0,0.0,0.0,107.61,2.3429131286740694,
2026-01-20,45.79,0.0,0.0,0.0,45.79,107.23,0.0,0.0,0.0,107.23,2.3417776807163135,
2026-01-21,45.9,0.0,0.0,0.0,45.9,107.5,0.0,0.0,0.0,107.5,2.3420479302832247,
2026-01-22,45.86,0.0,0.0,0.0,45.86,107.49,0.0,0.0,0.0,107.49,2.343872655909289,
2026-01-23,45.9,0.0,0.0,0.0,45.9,107.61,0.0,0.0,0.0,107.61,2.3444444444444446,
2026-01-26,45.9,0.0,0.0,0.0,45.9,107.66,0.0,0.0,0.0,107.66,2.345533769063181,
2026-01-27,45.95,0.0,0.0,0.0,45.95,107.73,0.0,0.0,0.0,107.73,2.344504896626768,
2026-01-28,45.96,0.0,0.0,0.0,45.96,107.81,0.0,0.0,0.0,107.81,2.3457354221061792,
2026-01-29,45.95,0.0,0.0,0.0,45.95,107.7,0.0,0.0,0.0,107.7,2.3438520130576714,
2026-01-30,46.02,0.0,0.0,0.0,46.02,107.85,0.0,0.0,0.0,107.85,2.3435462842242503,2.343663000389409
2026-02-02,45.87,0.0,0.0,0.0,45.87,107.66,0.0,0.0,0.0,107.66,2.3470678003052106,2.3438142046123196
2026-02-03,45.92,0.0,0.0,0.0,45.92,107.63,0.0,0.0,0.0,107.63,2.3438588850174216,2.343798151265462
2026-02-04,46.01,0.0,0.0,0.0,46.01,107.62,0.0,0.0,0.0,107.62,2.339056726798522,2.343480245247309
2026-02-05,46.05,0.0,0.0,0.0,46.05,107.81,0.0,0.0,0.0,107.81,2.341150922909881,2.3433485904348244
2026-02-06,46.07,0.0,0.0,0.0,46.07,107.69,0.0,0.0,0.0,107.69,2.337529845886694,2.343090006476435
2026-02-09,46.1,0.0,0.0,0.0,46.1,107.79,0.0,0.0,0.0,107.79,2.338177874186551,2.3428498251041523
2026-02-10,46.15,0.0,0.0,0.0,46.15,107.96,0.0,0.0,0.0,107.96,2.3393282773564463,2.3427358993246856
2026-02-11,46.09,0.0,0.0,0.0,46.09,107.83,0.0,0.0,0.0,107.83,2.339553048383597,2.3425131160140173
2026-02-12,46.19,0.0,0.0,0.0,46.19,108.09,0.0,0.0,0.0,108.09,2.3401169084217366,2.342352186049151
2026-02-13,46.29,0.0,0.0,0.0,46.29,108.26,0.0,0.0,0.0,108.26,2.3387340678332253,2.3421401291102337
2026-02-17,46.26,0.0,0.0,0.0,46.26,108.33,0.0,0.0,0.0,108.33,2.3417639429312582,2.3420826698230934
2026-02-18,46.24,0.0,0.0,0.0,46.24,108.31,0.0,0.0,0.0,108.31,2.342344290657439,2.3421110003201493
2026-02-19,46.24,0.0,0.0,0.0,46.24,108.46,0.0,0.0,0.0,108.46,2.3455882352941173,2.342288015570694
2026-02-20,46.28,0.0,0.0,0.0,46.28,108.54,0.0,0.0,0.0,108.54,2.3452895419187554,2.3423588598711675
2026-02-23,46.34,0.0,0.0,0.0,46.34,108.51,0.0,0.0,0.0,108.51,2.3416055243849807,2.3422169138681945
2026-02-24,46.4,0.0,0.0,0.0,46.4,108.71,0.0,0.0,0.0,108.71,2.3428879310344826,2.3420846219667597
2026-02-25,46.41,0.0,0.0,0.0,46.41,108.75,0.0,0.0,0.0,108.75,2.343244990303814,2.3420216266506118
2026-02-26,46.45,0.0,0.0,0.0,46.45,108.92,0.0,0.0,0.0,108.92,2.3448869752421957,2.3419792043074126
2026-02-27,46.5,0.0,0.0,0.0,46.5,108.92,0.0,0.0,0.0,108.92,2.3423655913978494,2.3419048832244216
2026-03-02,46.18,0.0,0.0,0.0,46.18,108.27,0.0,0.0,0.0,108.27,2.344521437851884,2.341953640905803
2026-03-03,45.97,0.0,0.0,0.0,45.97,107.76,0.0,0.0,0.0,107.76,2.3441374809658475,2.3418071249388346
2026-03-04,45.99,0.0,0.0,0.0,45.99,107.75,0.0,0.0,0.0,107.75,2.3429006305718634,2.3417592122165574
2026-03-05,45.95,0.0,0.0,0.0,45.95,107.62,0.0,0.0,0.0,107.62,2.3421109902067463,2.341911925386968
2026-03-06,45.91,0.0,0.0,0.0,45.91,107.55,0.0,0.0,0.0,107.55,2.34262687867567,2.3419857231752577
2026-03-09,45.91,0.0,0.0,0.0,45.91,107.68,0.0,0.0,0.0,107.68,2.345458505772163,2.3423821561695313
2026-03-10,45.84,0.0,0.0,0.0,45.84,107.47,0.0,0.0,0.0,107.47,2.344458987783595,2.3426962118493835
2026-03-11,45.77,0.0,0.0,0.0,45.77,107.24,0.0,0.0,0.0,107.24,2.3430194450513433,2.342880770234128
2026-03-12,45.61,0.0,0.0,0.0,45.61,106.98,0.0,0.0,0.0,106.98,2.3455382591536944,2.343180030772633
2026-03-13,45.73,0.0,0.0,0.0,45.73,107.25,0.0,0.0,0.0,107.25,2.345287557402143,2.3434385632216532
2026-03-16,45.74,0.0,0.0,0.0,45.74,107.38,0.0,0.0,0.0,107.38,2.3476169654569303,2.3438827081028384
2026-03-17,45.74,0.0,0.0,0.0,45.74,107.22,0.0,0.0,0.0,107.22,2.344118933100131,2.3440004576112825
2026-03-18,45.64,0.0,0.0,0.0,45.64,106.97,0.0,0.0,0.0,106.97,2.3437773882559156,2.3440721124912063
2026-03-19,45.63,0.0,0.0,0.0,45.63,106.85,0.0,0.0,0.0,106.85,2.3416611878150335,2.343875760117252
2026-03-20,45.18,0.0,0.0,0.0,45.18,105.91,0.0,0.0,0.0,105.91,2.3441788401947763,2.343820225031053
2026-03-23,45.35,0.0,0.0,0.0,45.35,106.41,0.0,0.0,0.0,106.41,2.3464167585446525,2.3440607867390364
2026-03-24,45.1,0.0,0.0,0.0,45.1,105.67,0.0,0.0,0.0,105.67,2.3430155210643013,2.344067166240527
2026-03-25,45.2,0.0,0.0,0.0,45.2,106.0,0.0,0.0,0.0,106.0,2.3451327433628317,2.3441615538934784
2026-03-26,45.07,0.0,0.0,0.0,45.07,105.6,0.0,0.0,0.0,105.6,2.3430219658309297,2.3440683034229153
2026-03-27,45.1,0.0,0.0,0.0,45.1,105.64,0.0,0.0,0.0,105.64,2.342350332594235,2.344067540482734
2026-03-30,45.19,0.0,0.0,0.0,45.19,105.95,0.0,0.0,0.0,105.95,2.3445452533746405,2.344068731258872
2026-03-31,45.34,0.0,0.0,0.0,45.34,106.15,0.0,0.0,0.0,106.15,2.3411998235553595,2.343921848388348
2026-04-01,45.3,0.0,0.0,0.0,45.3,106.31,0.0,0.0,0.0,106.31,2.3467991169977926,2.3441167727096444
2026-04-02,45.36,0.0,0.0,0.0,45.36,106.49,0.0,0.0,0.0,106.49,2.3476631393298057,2.3443943801657974
2026-04-06,45.33,0.0,0.0,0.0,45.33,106.45,0.0,0.0,0.0,106.45,2.3483344363556147,2.3446797580497942
2026-04-07,45.37,0.0,0.0,0.0,45.37,106.57,0.0,0.0,0.0,106.57,2.348908970685475,2.34485228129546
2026-04-08,45.48,0.0,0.0,0.0,45.48,106.76,0.0,0.0,0.0,106.76,2.3474054529463504,2.344999604553598
2026-04-09,45.55,0.0,0.0,0.0,45.55,107.0,0.0,0.0,0.0,107.0,2.349066959385291,2.3453019802702952
2026-04-10,45.57,0.0,0.0,0.0,45.57,106.84,0.0,0.0,0.0,106.84,2.3445249067368885,2.345251312649455
2026-04-13,45.6,0.0,0.0,0.0,45.6,107.0,0.0,0.0,0.0,107.0,2.3464912280701755,2.3453114961828563
2026-04-14,45.61,0.0,0.0,0.0,45.61,107.08,0.0,0.0,0.0,107.08,2.3477307607980706,2.345317185949914
2026-04-15,45.57,0.0,0.0,0.0,45.57,106.88,0.0,0.0,0.0,106.88,2.345402677199912,2.3453813731549027
2026-04-16,45.6,0.0,0.0,0.0,45.6,106.98,0.0,0.0,0.0,106.98,2.346052631578947,2.345495135321054
2026-04-17,45.76,0.0,0.0,0.0,45.76,107.37,0.0,0.0,0.0,107.37,2.346372377622378,2.3457306948114214
2026-04-20,45.74,0.0,0.0,0.0,45.74,107.42,0.0,0.0,0.0,107.42,2.3484914735461304,2.3459463264789893
2026-04-21,45.66,0.0,0.0,0.0,45.66,107.24,0.0,0.0,0.0,107.24,2.348664038545773,2.346058690479045
2026-04-22,45.7,0.0,0.0,0.0,45.7,107.31,0.0,0.0,0.0,107.31,2.348140043763676,2.346314916614014
2026-04-23,45.7,0.0,0.0,0.0,45.7,107.33,0.0,0.0,0.0,107.33,2.348577680525164,2.3464871634721307
2026-04-24,45.75,0.0,0.0,0.0,45.75,107.37,0.0,0.0,0.0,107.37,2.3468852459016394,2.346680327475666
2026-04-27,45.74,0.0,0.0,0.0,45.74,107.41,0.0,0.0,0.0,107.41,2.3482728465238303,2.3469764531721458
2026-04-28,45.66,0.0,0.0,0.0,45.66,107.3,0.0,0.0,0.0,107.3,2.349978098992554,2.3472480954530415
2026-04-29,45.52,0.0,0.0,0.0,45.52,107.04,0.0,0.0,0.0,107.04,2.351493848857645,2.3477627967181554
2026-04-30,45.58,0.0,0.0,0.0,45.58,107.13,0.0,0.0,0.0,107.13,2.350372970601141,2.347941489398323
2026-05-01,45.43,0.0,0.0,0.0,45.43,106.81,0.0,0.0,0.0,106.81,2.351089588377724,2.348112811850719
2026-05-04,45.43,0.0,0.0,0.0,45.43,106.69,0.0,0.0,0.0,106.69,2.348448162007484,2.3481184981333127
2026-05-05,45.41,0.0,0.0,0.0,45.41,106.77,0.0,0.0,0.0,106.77,2.3512442193349483,2.3482352605657857
2026-05-06,45.52,0.0,0.0,0.0,45.52,106.99,0.0,0.0,0.0,106.99,2.3503954305799644,2.348384759447467
2026-05-07,45.48,0.0,0.0,0.0,45.48,106.99,0.0,0.0,0.0,106.99,2.352462620932278,2.348554542524816
2026-05-08,45.51,0.0,0.0,0.0,45.51,107.0,0.0,0.0,0.0,107.0,2.3511316194243026,2.348884878159187
2026-05-11,45.5,0.0,0.0,0.0,45.5,106.94,0.0,0.0,0.0,106.94,2.3503296703296703,2.3490768002721616
2026-05-12,45.43,0.0,0.0,0.0,45.43,106.72,0.0,0.0,0.0,106.72,2.349108518600044,2.3491456881622605
2026-05-13,45.38,0.0,0.0,0.0,45.38,106.64,0.0,0.0,0.0,106.64,2.349933891582195,2.349372248881374
2026-05-14,45.38,0.0,0.0,0.0,45.38,106.66,0.0,0.0,0.0,106.66,2.3503746143675626,2.3495883480208053
2026-05-15,45.16,0.0,0.0,0.0,45.16,106.12,0.0,0.0,0.0,106.12,2.349867139061116,2.349763086092742
2026-05-18,45.18,0.0,0.0,0.0,45.18,106.08,0.0,0.0,0.0,106.08,2.347941567065073,2.349735590768689
2026-05-19,45.07,0.0,0.0,0.0,45.07,105.67,0.0,0.0,0.0,105.67,2.344575105391613,2.349531144110981
2026-05-20,45.15,0.0,0.0,0.0,45.15,105.93,0.0,0.0,0.0,105.93,2.3461794019933557,2.349433112022465
2026-05-21,45.19,0.0,0.0,0.0,45.19,106.08,0.0,0.0,0.0,106.08,2.347421996016818,2.349375327797048
2026-05-22,45.19,0.0,0.0,0.0,45.19,106.17,0.0,0.0,0.0,106.17,2.349413587076787,2.3495017448558055
2026-05-26,45.4,0.0,0.0,0.0,45.4,106.65,0.0,0.0,0.0,106.65,2.3491189427312777,2.3495440496661777
2026-05-27,45.46,0.0,0.0,0.0,45.46,106.89,0.0,0.0,0.0,106.89,2.351297844258689,2.3496100369294846
2026-05-28,45.53,0.0,0.0,0.0,45.53,107.03,0.0,0.0,0.0,107.03,2.3507577421480343,2.349573231594004
2026-05-29,45.59,0.0,0.0,0.0,45.59,107.17,0.0,0.0,0.0,107.17,2.350734810265409,2.3495913235772177
2026-06-01,45.49,0.0,0.0,0.0,45.49,106.94,0.0,0.0,0.0,106.94,2.350846339854913,2.349579161151077
2026-06-02,45.59,0.0,0.0,0.0,45.59,107.1,0.0,0.0,0.0,107.1,2.3491993858302256,2.3496167223422137
2026-06-03,45.58,0.0,0.0,0.0,45.58,107.01,0.0,0.0,0.0,107.01,2.347740236946029,2.349441523222768
2026-06-04,45.63,0.0,0.0,0.0,45.63,107.19,0.0,0.0,0.0,107.19,2.3491124260355027,2.349377372995545
2026-06-05,45.56,0.0,0.0,0.0,45.56,106.97,0.0,0.0,0.0,106.97,2.347892888498683,2.349148886373865
2026-06-08,45.56,0.0,0.0,0.0,45.56,106.94,0.0,0.0,0.0,106.94,2.3472344161545213,2.348954026210376
2026-06-09,45.59,0.0,0.0,0.0,45.59,107.04,0.0,0.0,0.0,107.04,2.347883307742926,2.348831708081039
2026-06-10,45.5,0.0,0.0,0.0,45.5,106.82,0.0,0.0,0.0,106.82,2.3476923076923075,2.348760897535652
2026-06-11,45.61,0.0,0.0,0.0,45.61,107.06,0.0,0.0,0.0,107.06,2.3472922604691955,2.3486288159800024
2026-06-12,45.55,0.0,0.0,0.0,45.55,107.05,0.0,0.0,0.0,107.05,2.350164654226125,2.3486183179729303
2026-06-15,45.59,0.0,0.0,0.0,45.59,107.17,0.0,0.0,0.0,107.17,2.350734810265409,2.348661701533145
2026-06-16,45.59,0.0,0.0,0.0,45.59,107.17,0.0,0.0,0.0,107.17,2.350734810265409,2.3488013636931617
2026-06-17,45.54,0.0,0.0,0.0,45.54,106.98,0.0,0.0,0.0,106.98,2.3491436100131753,2.3490297889242395
2026-06-18,45.67,0.0,0.0,0.0,45.67,107.33,0.0,0.0,0.0,107.33,2.350120429165754,2.3492268402828596
2026-06-22,45.67,0.0,0.0,0.0,45.67,107.32,0.0,0.0,0.0,107.32,2.349901467046201,2.3493508138343286
2026-06-23,45.61,0.0,0.0,0.0,45.61,107.26,0.0,0.0,0.0,107.26,2.351677263757948,2.3494639976683867
2026-06-24,45.71,0.0,0.0,0.0,45.71,107.46,0.0,0.0,0.0,107.46,2.3509078976154014,2.3495534454125933
2026-06-25,45.73,0.0,0.0,0.0,45.73,107.58,0.0,0.0,0.0,107.58,2.352503826809534,2.349613744540135
2026-06-26,45.76,0.0,0.0,0.0,45.76,107.6,0.0,0.0,0.0,107.6,2.3513986013986012,2.3496457875026637
2026-06-29,45.81,0.0,0.0,0.0,45.81,107.71,0.0,0.0,0.0,107.71,2.351233355162628,2.3496707147475244
2026-06-30,45.8,0.0,0.0,0.0,45.8,107.62,0.0,0.0,0.0,107.62,2.3497816593886465,2.3496174807242114
2026-07-01,45.64,0.0,0.0,0.0,45.64,107.34,0.0,0.0,0.0,107.34,2.3518843120070114,2.3497517270330506
2026-07-02,45.73,0.0,0.0,0.0,45.73,107.5,0.0,0.0,0.0,107.5,2.3507544281653185,2.349902436594015
2026-07-06,45.72,0.0,0.0,0.0,45.72,107.57,0.0,0.0,0.0,107.57,2.3527996500437443,2.3500867977944266
2026-07-07,45.6,0.0,0.0,0.0,45.6,107.24,0.0,0.0,0.0,107.24,2.351754385964912,2.3502798726677385
2026-07-08,45.55,0.0,0.0,0.0,45.55,106.91,0.0,0.0,0.0,106.91,2.347091108671789,2.350272707293602
2026-07-09,45.55,0.0,0.0,0.0,45.55,106.94,0.0,0.0,0.0,106.94,2.34774972557629,2.3502660281852696
2026-07-10,45.54,0.0,0.0,0.0,45.54,107.01,0.0,0.0,0.0,107.01,2.349802371541502,2.35037153137773
2026-07-13,45.54,0.0,0.0,0.0,45.54,106.9,0.0,0.0,0.0,106.9,2.347386912604304,2.350376263984485
2026-07-14,45.57,0.0,0.0,0.0,45.57,106.95,0.0,0.0,0.0,106.95,2.3469387755102042,2.350214970048689
2026-07-15,45.49,0.0,0.0,0.0,45.49,106.76,0.0,0.0,0.0,106.76,2.346889426247527,2.350022700847795
2026-07-16,45.42,0.0,0.0,0.0,45.42,106.62,0.0,0.0,0.0,106.62,2.347424042272127,2.3498571624481306
2026-07-17,45.39,0.0,0.0,0.0,45.39,106.58,0.0,0.0,0.0,106.58,2.348094293897334,2.349804696642339
2026-07-20,45.32,0.0,0.0,0.0,45.32,106.4,0.0,0.0,0.0,106.4,2.3477493380406003,2.3496861420860813
2026-07-21,45.23,0.0,0.0,0.0,45.23,106.17,0.0,0.0,0.0,106.17,2.3473358390448817,2.3495578606860152
2026-07-22,45.1,0.0,0.0,0.0,45.1,105.88,0.0,0.0,0.0,105.88,2.347671840354767,2.349357589515856
2026-07-23,44.84,0.0,0.0,0.0,44.84,105.26,0.0,0.0,0.0,105.26,2.347457627118644,2.3491850759910182
2026-07-24,44.89,0.0,0.0,0.0,44.89,105.55,0.0,0.0,0.0,105.55,2.3513031855647135,2.3491250439287774
2026-07-27,45.02,0.0,0.0,0.0,45.02,105.8,0.0,0.0,0.0,105.8,2.3500666370501997,2.3490584457113575
2026-07-28,45.09,0.0,0.0,0.0,45.09,106.0,0.0,0.0,0.0,106.0,2.3508538478598355,2.3490394703462174
2026-07-29,45.0,0.0,0.0,0.0,45.0,105.77,0.0,0.0,0.0,105.77,2.3504444444444443,2.3490726095990073
2026-07-30,45.0,0.0,0.0,0.0,45.0,105.76,0.0,0.0,0.0,105.76,2.3502222222222224,2.348989505109768
2026-07-31,44.9,0.0,0.0,0.0,44.9,105.64,0.0,0.0,0.0,105.64,2.352783964365256,2.349090981919765
2026-08-03,44.83,0.0,0.0,0.0,44.83,105.45,0.0,0.0,0.0,105.45,2.352219495873299,2.349061974211243
2026-08-04,44.94,0.0,0.0,0.0,44.94,105.76,0.0,0.0,0.0,105.76,2.3533600356030266,2.349142256693148
2026-08-05,44.98,0.0,0.0,0.0,44.98,105.82,0.0,0.0,0.0,105.82,2.352601156069364,2.349417759063027
2026-08-06,44.94,0.0,0.0,0.0,44.94,105.66,0.0,0.0,0.0,105.66,2.3511348464619495,2.34958701510731
2026-08-07,45.06,0.0,0.0,0.0,45.06,105.94,0.0,0.0,0.0,105.94,2.3510874389702616,2.349651268478748
2026-08-10,45.03,0.0,0.0,0.0,45.03,105.85,0.0,0.0,0.0,105.85,2.3506551188096823,2.3498146787890173
2026-08-11,45.07,0.0,0.0,0.0,45.07,105.93,0.0,0.0,0.0,105.93,2.3503439094741516,2.3499849354872144
2026-08-12,45.07,0.0,0.0,0.0,45.07,105.98,0.0,0.0,0.0,105.98,2.3514532948746396,2.35021312891857
2026-08-13,45.15,0.0,0.0,0.0,45.15,106.16,0.0,0.0,0.0,106.16,2.3512735326688814,2.350405603438408
2026-08-14,45.09,0.0,0.0,0.0,45.09,105.86,0.0,0.0,0.0,105.86,2.3477489465513415,2.350388336071108
2026-08-17,44.92,0.0,0.0,0.0,44.92,105.56,0.0,0.0,0.0,105.56,2.3499554764024935,2.3504986429892023
2026-08-18,44.84,0.0,0.0,0.0,44.84,105.37,0.0,0.0,0.0,105.37,2.3499107939339874,2.3506273907336577
2026-08-19,44.93,0.0,0.0,0.0,44.93,105.68,0.0,0.0,0.0,105.68,2.3521032717560653,2.350848962303723
2026-08-20,44.91,0.0,0.0,0.0,44.91,105.47,0.0,0.0,0.0,105.47,2.3484747272322424,2.350899817309403
2026-08-21,44.87,0.0,0.0,0.0,44.87,105.34,0.0,0.0,0.0,105.34,2.347671049699131,2.3507182105161237
2026-08-24,44.84,0.0,0.0,0.0,44.84,105.41,0.0,0.0,0.0,105.41,2.350802854594112,2.3507550213933195
2026-08-25,44.87,0.0,0.0,0.0,44.87,105.58,0.0,0.0,0.0,105.58,2.3530198350791176,2.350863320754283
2026-08-26,44.8,0.0,0.0,0.0,44.8,105.45,0.0,0.0,0.0,105.45,2.3537946428571432,2.3510308306749184
2026-08-27,44.77,0.0,0.0,0.0,44.77,105.39,0.0,0.0,0.0,105.39,2.354031717668081,2.3512213054472113
2026-08-28,44.7,0.0,0.0,0.0,44.7,105.22,0.0,0.0,0.0,105.22,2.3539149888143176,2.351277856669664
2026-08-31,44.66,0.0,0.0,0.0,44.66,105.1,0.0,0.0,0.0,105.1,2.35333631885356,2.3513336978186774
2026-09-01,44.31,0.0,0.0,0.0,44.31,104.33,0.0,0.0,0.0,104.33,2.354547506206274,2.35139307134884
2026-09-02,44.29,0.0,0.0,0.0,44.29,104.22,0.0,0.0,0.0,104.22,2.353127116730639,2.3514193693819037
2026-09-03,44.21,0.0,0.0,0.0,44.21,104.0,0.0,0.0,0.0,104.0,2.352408957249491,2.3514830749212807
2026-09-04,44.22,0.0,0.0,0.0,44.22,104.03,0.0,0.0,0.0,104.03,2.3525554047942108,2.351556473212478
2026-09-08,44.25,0.0,0.0,0.0,44.25,104.02,0.0,0.0,0.0,104.02,2.350734463276836,2.3515604404358355
2026-09-09,44.04,0.0,0.0,0.0,44.04,103.48,0.0,0.0,0.0,103.48,2.3496821071752954,2.351527350320893
2026-09-10,43.68,0.0,0.0,0.0,43.68,102.72,0.0,0.0,0.0,102.72,2.3516483516483517,2.351537103159578
2026-09-11,43.79,0.0,0.0,0.0,43.79,103.17,0.0,0.0,0.0,103.17,2.3560173555606303,2.351774294304166
2026-09-14,43.76,0.0,0.0,0.0,43.76,103.11,0.0,0.0,0.0,103.11,2.3562614259597807,2.352199918274588
2026-09-15,43.6,0.0,0.0,0.0,43.6,102.87,0.0,0.0,0.0,102.87,2.3594036697247707,2.352672327940702
2026-09-16,43.6,0.0,0.0,0.0,43.6,102.82,0.0,0.0,0.0,102.82,2.358256880733945,2.3530896322806996
2026-09-17,43.73,0.0,0.0,0.0,43.73,103.16,0.0,0.0,0.0,103.16,2.3590212668648527,2.353435532036139
2026-09-18,43.62,0.0,0.0,0.0,43.62,102.88,0.0,0.0,0.0,102.88,2.3585511233379184,2.353939351841423
2026-09-21,43.59,0.0,0.0,0.0,43.59,102.86,0.0,0.0,0.0,102.86,2.359715531085111,2.354541575910722
2026-09-22,43.55,0.0,0.0,0.0,43.55,102.75,0.0,0.0,0.0,102.75,2.3593570608495984,2.354969286223496
2026-09-23,43.26,0.0,0.0,0.0,43.26,102.04,0.0,0.0,0.0,102.04,2.358760980120204,2.3552563434755505
2026-09-24,43.06,0.0,0.0,0.0,43.06,101.59,0.0,0.0,0.0,101.59,2.3592661402693915,2.355529918346163
2026-09-25,42.86,0.0,0.0,0.0,42.86,101.17,0.0,0.0,0.0,101.17,2.360475968268782,2.3558521308761984
2026-09-28,42.58,0.0,0.0,0.0,42.58,100.61,0.0,0.0,0.0,100.61,2.362846406763739,2.356298701773669
2026-09-29,42.41,0.0,0.0,0.0,42.41,100.28,0.0,0.0,0.0,100.28,2.3645366658806886,2.3568587191250256
2026-09-30,42.81,0.0,0.0,0.0,42.81,101.13,0.0,0.0,0.0,101.13,2.3622985283812192,2.3572462702337726
