date,XLK,div_XLK,div_cumsum_XLK,div_adj_XLK,XLK*,IYW,div_IYW,div_cumsum_IYW,div_adj_IYW,IYW*,ratio*,ratio*_ma
2026-01-02,144.3,0.0,0.0,0.0,144.3,199.89,0.0,0.0,0.0,199.89,1.385239085239085,
2026-01-05,144.62,0.0,0.0,0.0,144.62,200.4,0.0,0.0,0.0,200.4,1.3857004563684139,
2026-01-06,146.65,0.0,0.0,0.0,146.65,202.33,0.0,0.0,0.0,202.33,1.3796795090351177,
2026-01-07,146.53,0.0,0.0,0.0,146.53,202.65,0.0,0.0,0.0,202.65,1.3829932437043608,
2026-01-08,144.24,0.0,0.0,0.0,144.24,199.78,0.0,0.0,0.0,199.78,1.3850526899611757,
2026-01-09,146.15,0.0,0.0,0.0,146.15,201.75,0.0,0.0,0.0,201.75,1.3804310639753676,
2026-01-12,146.79,0.0,0.0,0.0,146.79,202.42,0.0,0.0,0.0,202.42,1.3789767695347095,
2026-01-13,146.48,0.0,0.0,0.0,146.48,201.9,0.0,0.0,0.0,201.9,1.3783451665756419,
2026-01-14,144.7,0.0,0.0,0.0,144.7,199.26,0.0,0.0,0.0,199.26,1.37705597788528,
2026-01-15,145.46,0.0,0.0,0.0,145.46,199.9,0.0,0.0,0.0,199.9,1.3742609652138045,
2026-01-16,145.62,0.0,0.0,0.0,145.62,199.89,0.0,0.0,0.0,199.89,1.372682323856613,
2026-01-20,141.84,0.0,0.0,0.0,141.84,194.71,0.0,0.0,0.0,194.71,1.3727439368302312,
2026-01-21,143.81,0.0,0.0,0.0,143.81,197.17,0.0,0.0,0.0,197.17,1.371045128989639,
2026-01-22,144.88,0.0,0.0,0.0,144.88,198.93,0.0,0.0,0.0,198.93,1.3730673660960797,
2026-01-23,145.09,0.0,0.0,0.0,145.09,199.72,0.0,0.0,0.0,199.72,1.3765249155696464,
2026-01-26,146.08,0.0,0.0,0.0,146.08,201.24,0.0,0.0,0.0,201.24,1.3776013143483024,
2026-01-27,148.05,0.0,0.0,0.0,148.05,203.7,0.0,0.0,0.0,203.7,1.3758865248226948,
2026-01-28,149.23,0.0,0.0,0.0,149.23,204.72,0.0,0.0,0.0,204.72,1.3718421228975408,
2026-01-29,146.87,0.0,0.0,0.0,146.87,201.89,0.0,0.0,0.0,201.89,1.3746170082385782,
2026-01-30,143.88,0.0,0.0,0.0,143.88,198.37,0.0,0.0,0.0,198.37,1.3787183764247986,1.377623197278354
2026-02-02,145.26,0.0,0.0,0.0,145.26,199.62,0.0,0.0,0.0,199.62,1.3742255266418837,1.3770725193484938
2026-02-03,142.08,0.0,0.0,0.0,142.08,194.92,0.0,0.0,0.0,194.92,1.371903153153153,1.3763826541877309
2026-02-04,138.12,0.0,0.0,0.0,138.12,190.39,0.0,0.0,0.0,190.39,1.3784390385172312,1.3763206306618365
2026-02-05,135.63,0.0,0.0,0.0,135.63,186.75,0.0,0.0,0.0,186.75,1.3769077637690776,1.3760163566650725
2026-02-06,141.13,0.0,0.0,0.0,141.13,193.49,0.0,0.0,0.0,193.49,1.3710054559625877,1.375313994965143
2026-02-09,143.35,0.0,0.0,0.0,143.35,196.32,0.0,0.0,0.0,196.32,1.3695151726543424,1.374768200399092
2026-02-10,142.55,0.0,0.0,0.0,142.55,195.31,0.0,0.0,0.0,195.31,1.370115748860049,1.3743251493653588
2026-02-11,142.97,0.0,0.0,0.0,142.97,195.5,0.0,0.0,0.0,195.5,1.3674197384066586,1.3737788779569098
2026-02-12,139.21,0.0,0.0,0.0,139.21,190.79,0.0,0.0,0.0,190.79,1.3705193592414338,1.3734520470247173
2026-02-13,139.56,0.0,0.0,0.0,139.56,190.54,0.0,0.0,0.0,190.54,1.3652909143020922,1.3730035444791318
2026-02-17,139.48,0.0,0.0,0.0,139.48,190.48,0.0,0.0,0.0,190.48,1.365643819902495,1.3726516192814258
2026-02-18,140.91,0.0,0.0,0.0,140.91,192.48,0.0,0.0,0.0,192.48,1.3659782840110708,1.3723133366404678
2026-02-19,140.21,0.0,0.0,0.0,140.21,191.64,0.0,0.0,0.0,191.64,1.366806932458455,1.3721014268139087
2026-02-20,140.88,0.0,0.0,0.0,140.88,192.93,0.0,0.0,0.0,192.93,1.3694633730834753,1.3719212271632784
2026-02-23,138.52,0.0,0.0,0.0,138.52,189.8,0.0,0.0,0.0,189.8,1.3701992492058908,1.3716049438450906
2026-02-24,140.32,0.0,0.0,0.0,140.32,192.22,0.0,0.0,0.0,192.22,1.3698688711516533,1.371218321685258
2026-02-25,143.01,0.0,0.0,0.0,143.01,195.98,0.0,0.0,0.0,195.98,1.3703936787637228,1.3709436793823095
2026-02-26,141.01,0.0,0.0,0.0,141.01,193.2,0.0,0.0,0.0,193.2,1.370115594638678,1.3708573529693664
2026-02-27,138.76,0.0,0.0,0.0,138.76,189.58,0.0,0.0,0.0,189.58,1.3662438743153649,1.3704386962732056
2026-03-02,139.54,0.0,0.0,0.0,139.54,191.17,0.0,0.0,0.0,191.17,1.3700014332807797,1.3700028491160048
2026-03-03,137.5,0.0,0.0,0.0,137.5,188.91,0.0,0.0,0.0,188.91,1.373890909090909,1.369986118238456
2026-03-04,139.84,0.0,0.0,0.0,139.84,191.44,0.0,0.0,0.0,191.44,1.3689931350114417,1.3698406173313704
2026-03-05,140.18,0.0,0.0,0.0,140.18,191.71,0.0,0.0,0.0,191.71,1.367598801540876,1.3692986054825527
2026-03-06,137.29,0.0,0.0,0.0,137.29,188.34,0.0,0.0,0.0,188.34,1.3718406293247871,1.3690452487603382
2026-03-09,139.76,0.0,0.0,0.0,139.76,191.75,0.0,0.0,0.0,191.75,1.371994848311391,1.3690947183777782
2026-03-10,139.76,0.0,0.0,0.0,139.76,191.75,0.0,0.0,0.0,191.75,1.371994848311391,1.3692187021606306
2026-03-11,140.43,0.0,0.0,0.0,140.43,192.67,0.0,0.0,0.0,192.67,1.3720002848394217,1.3693129289595993
2026-03-12,137.84,0.0,0.0,0.0,137.84,189.04,0.0,0.0,0.0,189.04,1.3714451538015089,1.3695141997293419
2026-03-13,136.8,0.0,0.0,0.0,136.8,187.24,0.0,0.0,0.0,187.24,1.3687134502923977,1.36942390428189
2026-03-16,138.78,0.0,0.0,0.0,138.78,189.87,0.0,0.0,0.0,189.87,1.3681366191093818,1.3695661895222546
2026-03-17,139.54,0.0,0.0,0.0,139.54,190.81,0.069826,0.069826,0.069826,190.879826,1.3679219291959297,1.3696800949869263
2026-03-18,137.96,0.0,0.0,0.0,137.96,188.65,0.0,0.069826,0.069826,188.719826,1.367931472890693,1.3697777544309075
2026-03-19,138.43,0.0,0.0,0.0,138.43,188.68,0.0,0.069826,0.069826,188.749826,1.3635037636350502,1.3696125959897372
2026-03-20,135.29,0.0,0.0,0.0,135.29,184.48,0.0,0.069826,0.069826,184.549826,1.3641054475570995,1.3693446997134184
2026-03-23,136.95,0.16751,0.16751,0.0,136.95,186.91,0.0,0.069826,0.0,186.91,1.3648046732384083,1.3690749709150443
2026-03-24,136.15,0.0,0.16751,0.0,136.15,184.88,0.0,0.069826,0.0,184.88,1.3579140653690782,1.3684772306259156
2026-03-25,136.76,0.0,0.16751,0.0,136.76,185.94,0.0,0.069826,0.0,185.94,1.3596080725358293,1.3679379503145208
2026-03-26,132.5,0.0,0.16751,0.0,132.5,180.01,0.0,0.069826,0.0,180.01,1.358566037735849,1.3673604724693793
2026-03-27,129.92,0.0,0.16751,0.0,129.92,176.09,0.0,0.069826,0.0,176.09,1.355372536945813,1.3668169056009019
2026-03-30,127.5,0.0,0.16751,0.0,127.5,173.53,0.0,0.069826,0.0,173.53,1.3610196078431374,1.3663678143290197
2026-03-31,132.9,0.0,0.16751,0.0,132.9,181.42,0.0,0.069826,0.0,181.42,1.365086531226486,1.3659275954357986
2026-04-01,134.91,0.0,0.16751,0.0,134.91,184.42,0.0,0.069826,0.0,184.42,1.3669853976725224,1.3658272085688528
2026-04-02,135.99,0.0,0.16751,0.0,135.99,185.38,0.0,0.069826,0.0,185.38,1.363188469740422,1.36560669197883
2026-04-06,136.78,0.0,0.16751,0.0,136.78,186.55,0.0,0.069826,0.0,186.55,1.3638689866939613,1.3652081098472884
2026-04-07,137.43,0.0,0.16751,0.0,137.43,187.31,0.0,0.069826,0.0,187.31,1.3629484100996871,1.3647557879367036
2026-04-08,141.69,0.0,0.16751,0.0,141.69,193.1,0.0,0.069826,0.0,193.1,1.3628343566941916,1.3642977633558435
2026-04-09,142.07,0.0,0.16751,0.0,142.07,193.64,0.0,0.069826,0.0,193.64,1.3629900753149855,1.3638472528796215
2026-04-10,142.62,0.0,0.16751,0.0,142.62,194.27,0.0,0.069826,0.0,194.27,1.3621511709437666,1.3633825537367343
2026-04-13,145.61,0.0,0.16751,0.0,145.61,197.94,0.0,0.069826,0.0,197.94,1.3593846576471396,1.3629161141044714
2026-04-14,147.94,0.0,0.16751,0.0,147.94,201.83,0.0,0.069826,0.0,201.83,1.3642692983642017,1.3627227480672126
2026-04-15,150.3,0.0,0.16751,0.0,150.3,205.23,0.0,0.069826,0.0,205.23,1.3654690618762473,1.3626001047012284
2026-04-16,152.02,0.0,0.16751,0.0,152.02,206.56,0.0,0.069826,0.0,206.56,1.3587685830811735,1.3621419602107525
2026-04-17,154.35,0.0,0.16751,0.0,154.35,210.07,0.0,0.069826,0.0,210.07,1.3609977324263038,1.3620166586503153
2026-04-20,154.56,0.0,0.16751,0.0,154.56,210.43,0.0,0.069826,0.0,210.43,1.3614777432712215,1.3618852734360212
2026-04-21,154.69,0.0,0.16751,0.0,154.69,209.44,0.0,0.069826,0.0,209.44,1.3539336737992114,1.3613417234640615
2026-04-22,158.09,0.0,0.16751,0.0,158.09,214.13,0.0,0.069826,0.0,214.13,1.3544816243911695,1.361170101415166
2026-04-23,155.84,0.0,0.16751,0.0,155.84,211.56,0.0,0.069826,0.0,211.56,1.3575462012320327,1.3610670078499763
2026-04-24,160.22,0.0,0.16751,0.0,160.22,217.17,0.0,0.069826,0.0,217.17,1.3554487579578078,1.360911143861074
2026-04-27,160.57,0.0,0.16751,0.0,160.57,218.42,0.0,0.069826,0.0,218.42,1.360279006040979,1.3611564673158323
2026-04-28,157.85,0.0,0.16751,0.0,157.85,215.31,0.0,0.069826,0.0,215.31,1.3640164713335445,1.3613063104903529
2026-04-29,159.11,0.0,0.16751,0.0,159.11,215.94,0.0,0.069826,0.0,215.94,1.3571742819433095,1.3609106980261938
2026-04-30,159.5,0.0,0.16751,0.0,159.5,218.11,0.0,0.069826,0.0,218.11,1.367460815047022,1.360934468894919
2026-05-01,161.87,0.0,0.16751,0.0,161.87,221.01,0.0,0.069826,0.0,221.01,1.3653549144375114,1.3610427911297733
2026-05-04,162.05,0.0,0.16751,0.0,162.05,221.03,0.0,0.069826,0.0,221.03,1.3639617402036408,1.3610474288052574
2026-05-05,165.63,0.0,0.16751,0.0,165.63,225.18,0.0,0.069826,0.0,225.18,1.3595363158848035,1.3608768240945133
2026-05-06,170.03,0.0,0.16751,0.0,170.03,232.12,0.0,0.069826,0.0,232.12,1.3651708522025525,1.3609936488699312
2026-05-07,169.69,0.0,0.16751,0.0,169.69,232.26,0.0,0.069826,0.0,232.26,1.368731215746361,1.3612807058915
2026-05-08,175.52,0.0,0.16751,0.0,175.52,238.64,0.0,0.069826,0.0,238.64,1.3596171376481312,1.3611540042267183
2026-05-11,177.88,0.0,0.16751,0.0,177.88,240.04,0.0,0.069826,0.0,240.04,1.3494490667865977,1.3606572246836912
2026-05-12,175.2,0.0,0.16751,0.0,175.2,237.07,0.0,0.069826,0.0,237.07,1.3531392694063928,1.3601007232358007
2026-05-13,176.85,0.0,0.16751,0.0,176.85,240.66,0.0,0.069826,0.0,240.66,1.3608142493638677,1.3598679826101816
2026-05-14,179.5,0.0,0.16751,0.0,179.5,243.06,0.0,0.069826,0.0,243.06,1.3540947075208913,1.3596342888321675
2026-05-15,176.26,0.0,0.16751,0.0,176.26,238.8,0.0,0.069826,0.0,238.8,1.35481674798593,1.359325239610149
2026-05-18,174.36,0.0,0.16751,0.0,174.36,236.39,0.0,0.069826,0.0,236.39,1.3557582014223444,1.359039262517705
2026-05-19,173.24,0.0,0.16751,0.0,173.24,234.56,0.0,0.069826,0.0,234.56,1.353959824520896,1.3590405700537893
2026-05-20,177.14,0.0,0.16751,0.0,177.14,239.33,0.0,0.069826,0.0,239.33,1.351078243197471,1.3588704009941044
2026-05-21,178.6,0.0,0.16751,0.0,178.6,240.08,0.0,0.069826,0.0,240.08,1.3442329227323628,1.3582047370691208
2026-05-22,180.39,0.0,0.16751,0.0,180.39,241.77,0.0,0.069826,0.0,241.77,1.340262764011309,1.3574454373717961
2026-05-26,185.14,0.0,0.16751,0.0,185.14,247.42,0.0,0.069826,0.0,247.42,1.336394080155558,1.356251191077525
2026-05-27,184.43,0.0,0.16751,0.0,184.43,246.33,0.0,0.069826,0.0,246.33,1.335628693813371,1.3548318022015162
2026-05-28,186.85,0.0,0.16751,0.0,186.85,249.53,0.0,0.069826,0.0,249.53,1.3354562483275354,1.3537459005207275
2026-05-29,191.02,0.0,0.16751,0.0,191.02,252.92,0.0,0.069826,0.0,252.92,1.3240498377133283,1.3515753516540427
2026-06-01,195.76,0.0,0.16751,0.0,195.76,257.97,0.0,0.069826,0.0,257.97,1.3177870862280345,1.349196960243569
2026-06-02,198.21,0.0,0.16751,0.0,198.21,259.94,0.0,0.069826,0.0,259.94,1.3114373644114827,1.3465707414539612
2026-06-03,196.23,0.0,0.16751,0.0,196.23,257.56,0.0,0.069826,0.0,257.56,1.3125414054935536,1.3442209959343985
2026-06-04,193.17,0.0,0.16751,0.0,193.17,256.42,0.0,0.069826,0.0,256.42,1.3274317958275097,1.3423340431156465
2026-06-05,180.3,0.0,0.16751,0.0,180.3,241.25,0.0,0.069826,0.0,241.25,1.3380476982806433,1.3407998672423607
2026-06-08,184.18,0.0,0.16751,0.0,184.18,245.13,0.0,0.069826,0.0,245.13,1.330926267781518,1.3393653237490297
2026-06-09,180.77,0.0,0.16751,0.0,180.77,241.08,0.0,0.069826,0.0,241.08,1.3336283675388616,1.338574288786643
2026-06-10,176.63,0.0,0.16751,0.0,176.63,235.4,0.0,0.069826,0.0,235.4,1.3327294344109155,1.3375537970368692
2026-06-11,183.21,0.0,0.16751,0.0,183.21,243.35,0.0,0.069826,0.0,243.35,1.3282571912013537,1.3359259441287434
2026-06-12,184.8,0.0,0.16751,0.0,184.8,244.83,0.0,0.069826,0.0,244.83,1.3248376623376623,1.3344630918695821
2026-06-15,191.79,0.0,0.16751,0.0,191.79,253.97,0.071819,0.141645,0.071819,254.041819,1.324583236873664,1.3329514163139686
2026-06-16,186.44,0.0,0.16751,0.0,186.44,248.07,0.0,0.141645,0.071819,248.141819,1.3309473235357219,1.3317108724196376
2026-06-17,185.8,0.0,0.16751,0.0,185.8,246.39,0.0,0.141645,0.071819,246.461819,1.3264898762109794,1.3303373750041418
2026-06-18,191.44,0.0,0.16751,0.0,191.44,253.57,0.0,0.141645,0.071819,253.641819,1.3249154774341831,1.3290292367159773
2026-06-22,192.15,0.22792,0.39543,0.0,192.15,253.28,0.0,0.141645,0.0,253.28,1.318136872235233,1.3277244341911207
2026-06-23,184.19,0.0,0.39543,0.0,184.19,243.37,0.0,0.141645,0.0,243.37,1.3212986589934308,1.326776228940227
2026-06-24,183.05,0.0,0.39543,0.0,183.05,242.19,0.0,0.141645,0.0,242.19,1.3230811253755803,1.326110581201228
2026-06-25,184.57,0.0,0.39543,0.0,184.57,243.99,0.0,0.141645,0.0,243.99,1.3219374762962564,1.3254260203253723
2026-06-26,181.11,0.0,0.39543,0.0,181.11,239.66,0.0,0.141645,0.0,239.66,1.3232841919275578,1.3248174175053735
2026-06-29,185.41,0.0,0.39543,0.0,185.41,246.21,0.0,0.141645,0.0,246.21,1.3279219028099887,1.3250110207602066
2026-06-30,190.52,0.0,0.39543,0.0,190.52,252.23,0.0,0.141645,0.0,252.23,1.3239030023094687,1.3253168165642781
2026-07-01,185.62,0.0,0.39543,0.0,185.62,248.75,0.0,0.141645,0.0,248.75,1.3401034371296197,1.326750120200185
2026-07-02,180.59,0.0,0.39543,0.0,180.59,243.48,0.0,0.141645,0.0,243.48,1.348247411263082,1.3285354204886617
2026-07-06,183.57,0.0,0.39543,0.0,183.57,247.39,0.0,0.141645,0.0,247.39,1.3476602930762107,1.3295468453510966
2026-07-07,179.18,0.0,0.39543,0.0,179.18,243.28,0.0,0.141645,0.0,243.28,1.3577408192878668,1.3305315014014576
2026-07-08,181.4,0.0,0.39543,0.0,181.4,245.1,0.0,0.141645,0.0,245.1,1.3511576626240351,1.3315430711435836
2026-07-09,185.35,0.0,0.39543,0.0,185.35,249.28,0.0,0.141645,0.0,249.28,1.3449150256271918,1.332107404048
2026-07-10,185.78,0.0,0.39543,0.0,185.78,250.08,0.0,0.141645,0.0,250.08,1.3461083001399505,1.3327763473344518
2026-07-13,181.28,0.0,0.39543,0.0,181.28,244.77,0.0,0.141645,0.0,244.77,1.3502316857899384,1.333875072063881
2026-07-14,183.62,0.0,0.39543,0.0,183.62,248.19,0.0,0.141645,0.0,248.19,1.3516501470428057,1.3352156962991384
2026-07-15,181.58,0.0,0.39543,0.0,181.58,248.45,0.0,0.141645,0.0,248.45,1.368267430333737,1.3373999059721418
2026-07-16,177.52,0.0,0.39543,0.0,177.52,242.7,0.0,0.141645,0.0,242.7,1.367169896349707,1.3392110346128412
2026-07-17,175.59,0.0,0.39543,0.0,175.59,239.24,0.0,0.141645,0.0,239.24,1.3624921692579304,1.3410111492651886
2026-07-20,175.71,0.0,0.39543,0.0,175.71,239.97,0.0,0.141645,0.0,239.97,1.3657162369813898,1.343051187242549
2026-07-21,180.78,0.0,0.39543,0.0,180.78,244.45,0.0,0.141645,0.0,244.45,1.3521960393848875,1.3447541456000318
2026-07-22,180.27,0.0,0.39543,0.0,180.27,243.28,0.0,0.141645,0.0,243.28,1.349531258667554,1.346165775583738
2026-07-23,178.45,0.0,0.39543,0.0,178.45,238.54,0.0,0.141645,0.0,238.54,1.3367329784253292,1.3468483682362256
2026-07-24,175.88,0.0,0.39543,0.0,175.88,236.08,0.0,0.141645,0.0,236.08,1.342278826472595,1.3478654357450424
2026-07-27,174.3,0.0,0.39543,0.0,174.3,235.05,0.0,0.141645,0.0,235.05,1.3485370051635113,1.3491280764068398
2026-07-28,171.09,0.0,0.39543,0.0,171.09,232.2,0.0,0.141645,0.0,232.2,1.35718043135192,1.3505910028339365
2026-07-29,166.57,0.0,0.39543,0.0,166.57,227.34,0.0,0.141645,0.0,227.34,1.3648316023293512,1.3526374328349307
2026-07-30,175.73,0.0,0.39543,0.0,175.73,236.96,0.0,0.141645,0.0,236.96,1.348432254026063,1.3530538736797528
2026-07-31,175.35,0.0,0.39543,0.0,175.35,238.04,0.0,0.141645,0.0,238.04,1.3575135443398916,1.3535171803335933
2026-08-03,178.04,0.0,0.39543,0.0,178.04,243.68,0.0,0.141645,0.0,243.68,1.3686811952370255,1.354568225441634
2026-08-04,186.9,0.0,0.39543,0.0,186.9,253.55,0.0,0.141645,0.0,253.55,1.3566078116639915,1.3545115750604402
2026-08-05,185.91,0.0,0.39543,0.0,185.91,251.27,0.0,0.141645,0.0,251.27,1.351567962992846,1.3545320900788809
2026-08-06,185.33,0.0,0.39543,0.0,185.33,250.59,0.0,0.141645,0.0,250.59,1.3521286354071116,1.3548927705678768
2026-08-07,187.97,0.0,0.39543,0.0,187.97,254.05,0.0,0.141645,0.0,254.05,1.3515454593818164,1.35516462852997
2026-08-10,186.32,0.0,0.39543,0.0,186.32,252.38,0.0,0.141645,0.0,252.38,1.3545513095749249,1.3553806097192194
2026-08-11,186.09,0.0,0.39543,0.0,186.09,251.02,0.0,0.141645,0.0,251.02,1.3489171906066957,1.355243961897414
2026-08-12,188.86,0.0,0.39543,0.0,188.86,253.08,0.0,0.141645,0.0,253.08,1.340040241448692,1.3538326024531617
2026-08-13,190.77,0.0,0.39543,0.0,190.77,256.59,0.0,0.141645,0.0,256.59,1.3450228023274098,1.3527252477520468
2026-08-14,190.01,0.0,0.39543,0.0,190.01,255.5,0.0,0.141645,0.0,255.5,1.3446660702068314,1.3518339427994919
2026-08-17,190.32,0.0,0.39543,0.0,190.32,254.79,0.0,0.141645,0.0,254.79,1.3387452711223202,1.3504853945065383
2026-08-18,185.62,0.0,0.39543,0.0,185.62,249.58,0.0,0.141645,0.0,249.58,1.3445749380454692,1.3501043394395675
2026-08-19,183.64,0.0,0.39543,0.0,183.64,247.8,0.0,0.141645,0.0,247.8,1.3493792202134614,1.3500967375168629
2026-08-20,183.1,0.0,0.39543,0.0,183.1,246.8,0.0,0.141645,0.0,246.8,1.3478973238667395,1.3506549547889333
2026-08-21,183.31,0.0,0.39543,0.0,183.31,247.25,0.0,0.141645,0.0,247.25,1.3488080301129235,1.3509814149709498
2026-08-24,180.05,0.0,0.39543,0.0,180.05,244.11,0.0,0.141645,0.0,244.11,1.355790058317134,1.351344067628631
2026-08-25,181.74,0.0,0.39543,0.0,181.74,246.04,0.0,0.141645,0.0,246.04,1.3538021349180147,1.3511751528069356
2026-08-26,182.84,0.0,0.39543,0.0,182.84,246.67,0.0,0.141645,0.0,246.67,1.3491030409100853,1.3503887247359725
2026-08-27,188.61,0.0,0.39543,0.0,188.61,253.81,0.0,0.141645,0.0,253.81,1.3456868670802185,1.3502514553886802
2026-08-28,185.69,0.0,0.39543,0.0,185.69,251.2,0.0,0.141645,0.0,251.2,1.352792288222306,1.350015392582801
2026-08-31,186.5,0.0,0.39543,0.0,186.5,251.28,0.0,0.141645,0.0,251.28,1.3473458445040214,1.3489486250461507
2026-09-01,183.64,0.0,0.39543,0.0,183.64,247.94,0.0,0.141645,0.0,247.94,1.3501415813548248,1.3486253135306925
2026-09-02,183.6,0.0,0.39543,0.0,183.6,248.38,0.0,0.141645,0.0,248.38,1.3528322440087146,1.3486885275814857
2026-09-03,185.97,0.0,0.39543,0.0,185.97,252.54,0.0,0.141645,0.0,252.54,1.3579609614453945,1.3489801438834
2026-09-04,187.28,0.0,0.39543,0.0,187.28,253.31,0.0,0.141645,0.0,253.31,1.3525736864587783,1.3490315552372478
2026-09-08,187.87,0.0,0.39543,0.0,187.87,253.08,0.0,0.141645,0.0,253.08,1.347101719273966,1.3486590757222001
2026-09-09,187.87,0.0,0.39543,0.0,187.87,252.88,0.0,0.141645,0.0,252.88,1.3460371533507212,1.3485150738594012
2026-09-10,185.22,0.0,0.39543,0.0,185.22,250.31,0.0,0.141645,0.0,250.31,1.3514199330525862,1.3490840584395962
2026-09-11,187.67,0.0,0.39543,0.0,187.67,253.25,0.0,0.141645,0.0,253.25,1.3494431715244846,1.34930507689945
2026-09-14,184.28,0.0,0.39543,0.0,184.28,251.1,0.0,0.141645,0.0,251.1,1.3626003907097894,1.3502017929245977
2026-09-15,183.74,0.0,0.39543,0.0,183.74,250.08,0.049132,0.190777,0.049132,250.129132,1.3613210623707412,1.3513305824870188
2026-09-16,183.93,0.0,0.39543,0.0,183.93,250.15,0.0,0.190777,0.049132,250.199132,1.3602953949872234,1.3521166053341065
2026-09-17,188.06,0.0,0.39543,0.0,188.06,255.42,0.0,0.190777,0.049132,255.46913199999997,1.3584448154844198,1.3525698850976542
2026-09-18,189.6,0.0,0.39543,0.0,189.6,256.87,0.0,0.190777,0.049132,256.919132,1.3550587130801688,1.3529279545583257
2026-09-21,194.85,0.220686,0.616116,0.0,194.85,264.46,0.0,0.190777,0.0,264.46,1.3572491660251476,1.353350011353937
2026-09-22,196.27,0.0,0.616116,0.0,196.27,265.99,0.0,0.190777,0.0,265.99,1.3552249452285117,1.3533217556995059
2026-09-23,195.34,0.0,0.616116,0.0,195.34,264.52,0.0,0.190777,0.0,264.52,1.3541517354356505,1.3533392357253877
2026-09-24,194.71,0.0,0.616116,0.0,194.71,264.31,0.0,0.190777,0.0,264.31,1.3574546761850956,1.3537568174891381
2026-09-25,196.27,0.0,0.616116,0.0,196.27,266.12,0.0,0.190777,0.0,266.12,1.3558872981097467,1.3542668390406145
2026-09-28,194.53,0.0,0.616116,0.0,194.53,263.57,0.0,0.190777,0.0,263.57,1.354906698195651,1.3543725595392817
2026-09-29,194.5,0.0,0.616116,0.0,194.5,263.34,0.0,0.190777,0.0,263.34,1.3539331619537274,1.3547019254117671
2026-09-30,196.8,0.0,0.616116,0.0,196.8,266.57,0.0,0.190777,0.0,266.57,1.3545223577235772,1.3549209642302047
