date,FNCL,div_FNCL,div_cumsum_FNCL,div_adj_FNCL,FNCL*,VFH,div_VFH,div_cumsum_VFH,div_adj_VFH,VFH*,ratio*,ratio*_ma
2026-01-02,78.01,0.0,0.0,0.0,78.01,133.96,0.0,0.0,0.0,133.96,1.7172157415715934,
2026-01-05,79.8,0.0,0.0,0.0,79.8,136.99,0.0,0.0,0.0,136.99,1.7166666666666668,
2026-01-06,80.18,0.0,0.0,0.0,80.18,137.67,0.0,0.0,0.0,137.67,1.7170117236218505,
2026-01-07,79.11,0.0,0.0,0.0,79.11,135.73,0.0,0.0,0.0,135.73,1.7157122993300467,
2026-01-08,79.61,0.0,0.0,0.0,79.61,136.63,0.0,0.0,0.0,136.63,1.716241678181133,
2026-01-09,79.34,0.0,0.0,0.0,79.34,136.16,0.0,0.0,0.0,136.16,1.7161583060247037,
2026-01-12,78.68,0.0,0.0,0.0,78.68,135.0,0.0,0.0,0.0,135.0,1.7158108795119469,
2026-01-13,77.27,0.0,0.0,0.0,77.27,132.57,0.0,0.0,0.0,132.57,1.7156723178465123,
2026-01-14,77.22,0.0,0.0,0.0,77.22,132.54,0.0,0.0,0.0,132.54,1.7163947163947164,
2026-01-15,77.65,0.0,0.0,0.0,77.65,133.27,0.0,0.0,0.0,133.27,1.7162910495814552,
2026-01-16,77.62,0.0,0.0,0.0,77.62,133.38,0.0,0.0,0.0,133.38,1.718371553723267,
2026-01-20,76.02,0.0,0.0,0.0,76.02,130.43,0.0,0.0,0.0,130.43,1.7157327019205475,
2026-01-21,76.49,0.0,0.0,0.0,76.49,131.39,0.0,0.0,0.0,131.39,1.717740881160936,
2026-01-22,77.03,0.0,0.0,0.0,77.03,132.18,0.0,0.0,0.0,132.18,1.7159548227963133,
2026-01-23,75.87,0.0,0.0,0.0,75.87,130.21,0.0,0.0,0.0,130.21,1.716225121919072,
2026-01-26,76.3,0.0,0.0,0.0,76.3,131.0,0.0,0.0,0.0,131.0,1.7169069462647446,
2026-01-27,75.78,0.0,0.0,0.0,75.78,130.13,0.0,0.0,0.0,130.13,1.7172077065188702,
2026-01-28,75.69,0.0,0.0,0.0,75.69,130.0,0.0,0.0,0.0,130.0,1.717532038578412,
2026-01-29,76.47,0.0,0.0,0.0,76.47,131.31,0.0,0.0,0.0,131.31,1.7171439780306004,
2026-01-30,76.22,0.0,0.0,0.0,76.22,130.89,0.0,0.0,0.0,130.89,1.7172658094988191,1.7166628469571106
2026-02-02,77.01,0.0,0.0,0.0,77.01,132.3,0.0,0.0,0.0,132.3,1.7179587066614725,1.7166999952116044
2026-02-03,76.38,0.0,0.0,0.0,76.38,131.17,0.0,0.0,0.0,131.17,1.717334380727939,1.7167333809146679
2026-02-04,76.95,0.0,0.0,0.0,76.95,132.26,0.0,0.0,0.0,132.26,1.7187784275503573,1.716821716111093
2026-02-05,76.05,0.0,0.0,0.0,76.05,130.59,0.0,0.0,0.0,130.59,1.7171597633136095,1.7168940893102715
2026-02-06,77.48,0.0,0.0,0.0,77.48,133.03,0.0,0.0,0.0,133.03,1.7169592152813629,1.7169299661652828
2026-02-09,77.09,0.0,0.0,0.0,77.09,132.39,0.0,0.0,0.0,132.39,1.7173433648981706,1.7169892191089562
2026-02-10,76.55,0.0,0.0,0.0,76.55,131.42,0.0,0.0,0.0,131.42,1.7167864141084257,1.7170379958387803
2026-02-11,75.37,0.0,0.0,0.0,75.37,129.38,0.0,0.0,0.0,129.38,1.7165981159612576,1.7170842857445172
2026-02-12,73.82,0.0,0.0,0.0,73.82,126.87,0.0,0.0,0.0,126.87,1.7186399349769712,1.7171965466736303
2026-02-13,73.82,0.0,0.0,0.0,73.82,126.81,0.0,0.0,0.0,126.81,1.7178271471146034,1.7172733515502874
2026-02-17,74.51,0.0,0.0,0.0,74.51,127.99,0.0,0.0,0.0,127.99,1.7177560059052475,1.7172425741593866
2026-02-18,75.09,0.0,0.0,0.0,75.09,128.92,0.0,0.0,0.0,128.92,1.7168730856305765,1.717299593344888
2026-02-19,74.46,0.0,0.0,0.0,74.46,127.88,0.0,0.0,0.0,127.88,1.7174321783507924,1.717284158204381
2026-02-20,74.87,0.0,0.0,0.0,74.87,128.59,0.0,0.0,0.0,128.59,1.7175103512755443,1.7173619346283426
2026-02-23,72.32,0.0,0.0,0.0,72.32,124.18,0.0,0.0,0.0,124.18,1.717090707964602,1.717405213930619
2026-02-24,72.67,0.0,0.0,0.0,72.67,124.82,0.0,0.0,0.0,124.82,1.7176276317600108,1.7174412482053825
2026-02-25,73.89,0.0,0.0,0.0,73.89,126.89,0.0,0.0,0.0,126.89,1.7172824468804981,1.7174449852234637
2026-02-26,74.78,0.0,0.0,0.0,74.78,128.49,0.0,0.0,0.0,128.49,1.7182401711687618,1.717480391852981
2026-02-27,73.11,0.0,0.0,0.0,73.11,125.56,0.0,0.0,0.0,125.56,1.7174121187252087,1.7174937988877115
2026-03-02,73.19,0.0,0.0,0.0,73.19,125.67,0.0,0.0,0.0,125.67,1.717037846700369,1.7174824007477887
2026-03-03,73.02,0.0,0.0,0.0,73.02,125.42,0.0,0.0,0.0,125.42,1.7176116132566421,1.7174650460775474
2026-03-04,73.39,0.0,0.0,0.0,73.39,126.04,0.0,0.0,0.0,126.04,1.7174001907616843,1.7174683365792347
2026-03-05,72.93,0.0,0.0,0.0,72.93,125.2,0.0,0.0,0.0,125.2,1.7167146578911283,1.7173651480962733
2026-03-06,71.87,0.0,0.0,0.0,71.87,123.43,0.0,0.0,0.0,123.43,1.7174064282732713,1.7173774813442564
2026-03-09,71.53,0.0,0.0,0.0,71.53,122.83,0.0,0.0,0.0,122.83,1.7171816021249824,1.7173886006864376
2026-03-10,71.16,0.0,0.0,0.0,71.16,122.22,0.0,0.0,0.0,122.22,1.7175379426644182,1.7173983295747497
2026-03-11,70.54,0.0,0.0,0.0,70.54,121.11,0.0,0.0,0.0,121.11,1.7168982137794158,1.7174039195582993
2026-03-12,69.41,0.0,0.0,0.0,69.41,119.13,0.0,0.0,0.0,119.13,1.7163232963549921,1.7173901785779861
2026-03-13,69.39,0.0,0.0,0.0,69.39,119.23,0.0,0.0,0.0,119.23,1.7182591151462747,1.717371137586451
2026-03-16,70.0,0.0,0.0,0.0,70.0,120.18,0.0,0.0,0.0,120.18,1.7168571428571429,1.7173226373735784
2026-03-17,70.4,0.0,0.0,0.0,70.4,120.88,0.0,0.0,0.0,120.88,1.7170454545454543,1.7172871098055886
2026-03-18,69.54,0.0,0.0,0.0,69.54,119.34,0.0,0.0,0.0,119.34,1.716134598792062,1.7172501854636628
2026-03-19,69.55,0.0,0.0,0.0,69.55,119.45,0.0,0.0,0.0,119.45,1.717469446441409,1.7172520488681937
2026-03-20,69.23,0.298,0.298,0.298,69.528,119.52,0.0,0.0,0.0,119.52,1.7190196755264064,1.7173275150807368
2026-03-23,69.93,0.0,0.298,0.298,70.22800000000001,120.78,0.0,0.0,0.0,120.78,1.7198268496895823,1.7174643221669856
2026-03-24,69.97,0.0,0.298,0.0,69.97,120.45,0.3793,0.3793,0.0,120.45,1.7214520508789481,1.7176555431229326
2026-03-25,70.11,0.0,0.298,0.0,70.11,120.7,0.0,0.3793,0.0,120.7,1.7215803736984738,1.7178704394638313
2026-03-26,69.69,0.0,0.298,0.0,69.69,119.99,0.0,0.3793,0.0,119.99,1.7217678289568088,1.7180468223532337
2026-03-27,67.93,0.0,0.298,0.0,67.93,117.0,0.0,0.3793,0.0,117.0,1.7223612542322977,1.7182942791285882
2026-03-30,68.67,0.0,0.298,0.0,68.67,118.24,0.0,0.3793,0.0,118.24,1.7218581622251345,1.7185352949048265
2026-03-31,70.2,0.0,0.298,0.0,70.2,120.81,0.0,0.3793,0.0,120.81,1.7209401709401708,1.7187017227890031
2026-04-01,70.17,0.0,0.298,0.0,70.17,120.84,0.0,0.3793,0.0,120.84,1.722103463018384,1.7189368864018377
2026-04-02,70.48,0.0,0.298,0.0,70.48,121.32,0.0,0.3793,0.0,121.32,1.7213393870601588,1.7191681228602895
2026-04-06,70.99,0.0,0.298,0.0,70.99,122.19,0.0,0.3793,0.0,122.19,1.721228342020003,1.7193592185476263
2026-04-07,71.0,0.0,0.298,0.0,71.0,122.19,0.0,0.3793,0.0,122.19,1.7209859154929577,1.7195494342160245
2026-04-08,72.89,0.0,0.298,0.0,72.89,125.53,0.0,0.3793,0.0,125.53,1.7221841130470572,1.7197817427351567
2026-04-09,73.12,0.0,0.298,0.0,73.12,125.88,0.0,0.3793,0.0,125.88,1.721553610503282,1.7200145125713502
2026-04-10,72.36,0.0,0.298,0.0,72.36,124.56,0.0,0.3793,0.0,124.56,1.7213930348258706,1.7202679994948942
2026-04-13,73.61,0.0,0.298,0.0,73.61,126.68,0.0,0.3793,0.0,126.68,1.7209618258388808,1.7204031350295241
2026-04-14,73.86,0.0,0.298,0.0,73.86,127.15,0.0,0.3793,0.0,127.15,1.7215001353912809,1.7206352846562312
2026-04-15,74.43,0.0,0.298,0.0,74.43,128.13,0.0,0.3793,0.0,128.13,1.721483272873841,1.7208571755726503
2026-04-16,74.21,0.0,0.298,0.0,74.21,127.79,0.0,0.3793,0.0,127.79,1.7220051206036924,1.7211507016632317
2026-04-17,74.94,0.0,0.298,0.0,74.94,129.03,0.0,0.3793,0.0,129.03,1.7217774219375501,1.7213661004380392
2026-04-20,75.21,0.0,0.298,0.0,75.21,129.51,0.0,0.3793,0.0,129.51,1.7219784603111288,1.721514039677275
2026-04-21,74.7,0.0,0.298,0.0,74.7,128.67,0.0,0.3793,0.0,128.67,1.7224899598393573,1.7216471951847638
2026-04-22,74.58,0.0,0.298,0.0,74.58,128.43,0.0,0.3793,0.0,128.43,1.7220434432823815,1.7216767648049356
2026-04-23,74.01,0.0,0.298,0.0,74.01,127.44,0.0,0.3793,0.0,127.44,1.7219294689906768,1.721694219569546
2026-04-24,73.58,0.0,0.298,0.0,73.58,126.63,0.0,0.3793,0.0,126.63,1.720983963033433,1.721655026273377
2026-04-27,74.08,0.0,0.298,0.0,74.08,127.53,0.0,0.3793,0.0,127.53,1.7215172786177106,1.7216128274926477
2026-04-28,74.14,0.0,0.298,0.0,74.14,127.73,0.0,0.3793,0.0,127.73,1.7228216886970598,1.7216610038162439
2026-04-29,74.07,0.0,0.298,0.0,74.07,127.54,0.0,0.3793,0.0,127.54,1.7218847036587015,1.7217082304521703
2026-04-30,74.4,0.0,0.298,0.0,74.4,128.2,0.0,0.3793,0.0,128.2,1.7231182795698923,1.7217589712797459
2026-05-01,74.11,0.0,0.298,0.0,74.11,127.66,0.0,0.3793,0.0,127.66,1.7225745513425987,1.7218207294938679
2026-05-04,73.6,0.0,0.298,0.0,73.6,126.76,0.0,0.3793,0.0,126.76,1.7222826086956524,1.72187344282765
2026-05-05,73.73,0.0,0.298,0.0,73.73,126.98,0.0,0.3793,0.0,126.98,1.7222297572222975,1.7219356349141173
2026-05-06,74.03,0.0,0.298,0.0,74.03,127.59,0.0,0.3793,0.0,127.59,1.723490476833716,1.7220009531034504
2026-05-07,73.63,0.0,0.298,0.0,73.63,126.85,0.0,0.3793,0.0,126.85,1.7228032052152655,1.7220634328390492
2026-05-08,73.28,0.0,0.298,0.0,73.28,126.13,0.0,0.3793,0.0,126.13,1.721206331877729,1.722054097691642
2026-05-11,73.02,0.0,0.298,0.0,73.02,125.69,0.0,0.3793,0.0,125.69,1.7213092303478499,1.7220714679170908
2026-05-12,73.45,0.0,0.298,0.0,73.45,126.47,0.0,0.3793,0.0,126.47,1.7218515997277057,1.722089041133912
2026-05-13,72.61,0.0,0.298,0.0,72.61,125.0,0.0,0.3793,0.0,125.0,1.721525960611486,1.7220911755207944
2026-05-14,73.07,0.0,0.298,0.0,73.07,125.78,0.0,0.3793,0.0,125.78,1.7213630765019845,1.7220590733157088
2026-05-15,72.77,0.0,0.298,0.0,72.77,125.29,0.0,0.3793,0.0,125.29,1.721725985983235,1.7220565015179932
2026-05-18,73.6,0.0,0.298,0.0,73.6,126.77,0.0,0.3793,0.0,126.77,1.7224184782608696,1.7220785024154803
2026-05-19,72.78,0.0,0.298,0.0,72.78,125.3,0.0,0.3793,0.0,125.3,1.7216268205550975,1.7220353454512671
2026-05-20,73.62,0.0,0.298,0.0,73.62,126.76,0.0,0.3793,0.0,126.76,1.721814724259712,1.722023909500134
2026-05-21,73.79,0.0,0.298,0.0,73.79,127.01,0.0,0.3793,0.0,127.01,1.7212359398292452,1.721989233042062
2026-05-22,73.94,0.0,0.298,0.0,73.94,127.37,0.0,0.3793,0.0,127.37,1.722612929402218,1.7220706813605013
2026-05-26,73.99,0.0,0.298,0.0,73.99,127.36,0.0,0.3793,0.0,127.36,1.7213136910393299,1.722060501981582
2026-05-27,73.34,0.0,0.298,0.0,73.34,126.28,0.0,0.3793,0.0,126.28,1.7218434687755657,1.7220115909855074
2026-05-28,73.13,0.0,0.298,0.0,73.13,125.91,0.0,0.3793,0.0,125.91,1.7217284288253796,1.7220037772438412
2026-05-29,73.51,0.0,0.298,0.0,73.51,126.66,0.0,0.3793,0.0,126.66,1.7230308801523602,1.7219994072729652
2026-06-01,73.31,0.0,0.298,0.0,73.31,126.23,0.0,0.3793,0.0,126.23,1.7218660482880916,1.7219639821202393
2026-06-02,73.36,0.0,0.298,0.0,73.36,126.31,0.0,0.3793,0.0,126.31,1.721782988004362,1.721939001085675
2026-06-03,72.32,0.0,0.298,0.0,72.32,124.56,0.0,0.3793,0.0,124.56,1.722345132743363,1.7219447698617283
2026-06-04,74.25,0.0,0.298,0.0,74.25,127.9,0.0,0.3793,0.0,127.9,1.7225589225589226,1.7218981921479888
2026-06-05,74.39,0.0,0.298,0.0,74.39,128.08,0.0,0.3793,0.0,128.08,1.721736792579648,1.721844871516208
2026-06-08,73.98,0.0,0.298,0.0,73.98,127.4,0.0,0.3793,0.0,127.4,1.7220870505542039,1.7218889074500314
2026-06-09,74.72,0.0,0.298,0.0,74.72,128.68,0.0,0.3793,0.0,128.68,1.7221627408993576,1.7219315829776067
2026-06-10,74.44,0.0,0.298,0.0,74.44,128.19,0.0,0.3793,0.0,128.19,1.7220580333154218,1.7219419046569928
2026-06-11,75.05,0.0,0.298,0.0,75.05,129.24,0.0,0.3793,0.0,129.24,1.7220519653564292,1.72196820489424
2026-06-12,76.07,0.0,0.298,0.0,76.07,130.97,0.0,0.3793,0.0,130.97,1.721703693966084,1.7219852357674448
2026-06-15,76.28,0.0,0.298,0.0,76.28,131.38,0.0,0.3793,0.0,131.38,1.7223387519664393,1.7220158740666052
2026-06-16,77.41,0.0,0.298,0.0,77.41,133.24,0.0,0.3793,0.0,133.24,1.7212246479782976,1.7219561825524763
2026-06-17,76.89,0.0,0.298,0.0,76.89,132.4,0.0,0.3793,0.0,132.4,1.7219404343867863,1.721971863244061
2026-06-18,76.03,0.276,0.5740000000000001,0.276,76.306,131.44,0.0,0.3793,0.0,131.44,1.7225382014520483,1.7220080371036777
2026-06-22,76.39,0.0,0.5740000000000001,0.276,76.666,132.15,0.0,0.3793,0.0,132.15,1.7237106409620955,1.7221317721603202
2026-06-23,76.74,0.0,0.5740000000000001,0.276,77.01599999999999,132.68,0.0,0.3793,0.0,132.68,1.7227589072400542,1.722139071052212
2026-06-24,76.58,0.0,0.5740000000000001,0.0,76.58,131.49,0.8519,1.2312,0.0,131.49,1.7170279446330636,1.721924783731899
2026-06-25,76.25,0.0,0.5740000000000001,0.0,76.25,131.01,0.0,1.2312,0.0,131.01,1.7181639344262294,1.721740807014432
2026-06-26,76.5,0.0,0.5740000000000001,0.0,76.5,131.46,0.0,1.2312,0.0,131.46,1.7184313725490197,1.721575954200614
2026-06-29,76.67,0.0,0.5740000000000001,0.0,76.67,131.75,0.0,1.2312,0.0,131.75,1.7184035476718402,1.7213445875765878
2026-06-30,76.56,0.0,0.5740000000000001,0.0,76.56,131.6,0.0,1.2312,0.0,131.6,1.7189132706374084,1.721196948694054
2026-07-01,78.24,0.0,0.5740000000000001,0.0,78.24,134.35,0.0,1.2312,0.0,134.35,1.7171523517382414,1.7209654168807478
2026-07-02,79.24,0.0,0.5740000000000001,0.0,79.24,136.18,0.0,1.2312,0.0,136.18,1.7185764765270068,1.7207769840699298
2026-07-06,80.0,0.0,0.5740000000000001,0.0,80.0,137.48,0.0,1.2312,0.0,137.48,1.7185,1.7205740379419836
2026-07-07,79.88,0.0,0.5740000000000001,0.0,79.88,137.15,0.0,1.2312,0.0,137.15,1.7169504256384578,1.7203347195949241
2026-07-08,78.37,0.0,0.5740000000000001,0.0,78.37,134.5,0.0,1.2312,0.0,134.5,1.7162179405384712,1.7200412640941376
2026-07-09,79.17,0.0,0.5740000000000001,0.0,79.17,135.99,0.0,1.2312,0.0,135.99,1.7176960970064419,1.7198179318994922
2026-07-10,79.43,0.0,0.5740000000000001,0.0,79.43,136.45,0.0,1.2312,0.0,136.45,1.717864786604557,1.7196082695639483
2026-07-13,79.86,0.0,0.5740000000000001,0.0,79.86,137.24,0.0,1.2312,0.0,137.24,1.7185073879288757,1.7194310406925708
2026-07-14,80.12,0.0,0.5740000000000001,0.0,80.12,137.61,0.0,1.2312,0.0,137.61,1.7175486769845232,1.7192232898434927
2026-07-15,80.6,0.0,0.5740000000000001,0.0,80.6,138.45,0.0,1.2312,0.0,138.45,1.717741935483871,1.7189934490193644
2026-07-16,81.05,0.0,0.5740000000000001,0.0,81.05,139.19,0.0,1.2312,0.0,139.19,1.71733497840839,1.7187989655408689
2026-07-17,80.32,0.0,0.5740000000000001,0.0,80.32,137.94,0.0,1.2312,0.0,137.94,1.7173804780876496,1.718570967725912
2026-07-20,79.99,0.0,0.5740000000000001,0.0,79.99,137.35,0.0,1.2312,0.0,137.35,1.7170896362045256,1.718298539463536
2026-07-21,80.05,0.0,0.5740000000000001,0.0,80.05,137.44,0.0,1.2312,0.0,137.44,1.7169269206745785,1.7179593534491602
2026-07-22,79.89,0.0,0.5740000000000001,0.0,79.89,137.16,0.0,1.2312,0.0,137.16,1.7168606834397295,1.717664442259144
2026-07-23,79.52,0.0,0.5740000000000001,0.0,79.52,136.59,0.0,1.2312,0.0,136.59,1.7176810865191148,1.7176970993534464
2026-07-24,80.22,0.0,0.5740000000000001,0.0,80.22,137.81,0.0,1.2312,0.0,137.81,1.717900772874595,1.7176839412758649
2026-07-27,81.03,0.0,0.5740000000000001,0.0,81.03,139.18,0.0,1.2312,0.0,139.18,1.717635443662841,1.7176441448315558
2026-07-28,82.02,0.0,0.5740000000000001,0.0,82.02,140.93,0.0,1.2312,0.0,140.93,1.7182394537917582,1.7176359401375518
2026-07-29,80.82,0.0,0.5740000000000001,0.0,80.82,138.7,0.0,1.2312,0.0,138.7,1.7161593664934423,1.7174982449303535
2026-07-30,81.19,0.0,0.5740000000000001,0.0,81.19,139.42,0.0,1.2312,0.0,139.42,1.7172065525310998,1.7175009549699964
2026-07-31,81.06,0.0,0.5740000000000001,0.0,81.06,139.23,0.0,1.2312,0.0,139.23,1.7176165803108807,1.71745296015919
2026-08-03,81.81,0.0,0.5740000000000001,0.0,81.81,140.51,0.0,1.2312,0.0,140.51,1.7175161960640506,1.7174037699623927
2026-08-04,82.51,0.0,0.5740000000000001,0.0,82.51,141.76,0.0,1.2312,0.0,141.76,1.7180947763907404,1.7174609875000069
2026-08-05,82.67,0.0,0.5740000000000001,0.0,82.67,142.02,0.0,1.2312,0.0,142.02,1.7179146002177332,1.71754582048397
2026-08-06,82.28,0.0,0.5740000000000001,0.0,82.28,141.39,0.0,1.2312,0.0,141.39,1.7184005833738452,1.7175810448023399
2026-08-07,82.03,0.0,0.5740000000000001,0.0,82.03,140.9,0.0,1.2312,0.0,140.9,1.717664269169816,1.717571018930603
2026-08-10,82.18,0.0,0.5740000000000001,0.0,82.18,141.2,0.0,1.2312,0.0,141.2,1.7181796057434897,1.7175546298213338
2026-08-11,82.28,0.0,0.5740000000000001,0.0,82.28,141.38,0.0,1.2312,0.0,141.38,1.7182790471560525,1.7175911483299102
2026-08-12,82.46,0.0,0.5740000000000001,0.0,82.46,141.68,0.0,1.2312,0.0,141.68,1.7181663837011887,1.7176123707407762
2026-08-13,83.07,0.0,0.5740000000000001,0.0,83.07,142.74,0.0,1.2312,0.0,142.74,1.7183098591549297,1.7176611147781031
2026-08-14,83.04,0.0,0.5740000000000001,0.0,83.04,142.63,0.0,1.2312,0.0,142.63,1.717605973025048,1.7176723895249733
2026-08-17,82.22,0.0,0.5740000000000001,0.0,82.22,141.16,0.0,1.2312,0.0,141.16,1.7168572123570907,1.717660768332601
2026-08-18,82.41,0.0,0.5740000000000001,0.0,82.41,141.56,0.0,1.2312,0.0,141.56,1.717752699915059,1.717702057294625
2026-08-19,81.91,0.0,0.5740000000000001,0.0,81.91,140.65,0.0,1.2312,0.0,140.65,1.717128555731901,1.717715450909234
2026-08-20,81.17,0.0,0.5740000000000001,0.0,81.17,139.3,0.0,1.2312,0.0,139.3,1.7161512874214613,1.7176389609543512
2026-08-21,81.93,0.0,0.5740000000000001,0.0,81.93,140.72,0.0,1.2312,0.0,140.72,1.7175637739533747,1.7176221110082899
2026-08-24,82.8,0.0,0.5740000000000001,0.0,82.8,142.21,0.0,1.2312,0.0,142.21,1.7175120772946861,1.7176159426898825
2026-08-25,82.92,0.0,0.5740000000000001,0.0,82.92,142.41,0.0,1.2312,0.0,142.41,1.7174384949348769,1.7175758947470385
2026-08-26,82.82,0.0,0.5740000000000001,0.0,82.82,142.31,0.0,1.2312,0.0,142.31,1.718304757304999,1.7176831642876162
2026-08-27,82.43,0.0,0.5740000000000001,0.0,82.43,141.56,0.0,1.2312,0.0,141.56,1.717335921387844,1.7176896327304534
2026-08-28,82.63,0.0,0.5740000000000001,0.0,82.63,142.0,0.0,1.2312,0.0,142.0,1.7185041752390173,1.7177340124768605
2026-08-31,82.06,0.0,0.5740000000000001,0.0,82.06,140.96,0.0,1.2312,0.0,140.96,1.7177674872044846,1.717746577033882
2026-09-01,81.27,0.0,0.5740000000000001,0.0,81.27,139.56,0.0,1.2312,0.0,139.56,1.7172388335179034,1.7177037798902401
2026-09-02,82.0,0.0,0.5740000000000001,0.0,82.0,140.86,0.0,1.2312,0.0,140.86,1.7178048780487807,1.7176982937817926
2026-09-03,83.33,0.0,0.5740000000000001,0.0,83.33,143.09,0.0,1.2312,0.0,143.09,1.717148685947438,1.7176356989104722
2026-09-04,82.74,0.0,0.5740000000000001,0.0,82.74,142.05,0.0,1.2312,0.0,142.05,1.7168237853517043,1.7175936747195668
2026-09-08,81.6,0.0,0.5740000000000001,0.0,81.6,140.06,0.0,1.2312,0.0,140.06,1.716421568627451,1.7175057728637644
2026-09-09,81.14,0.0,0.5740000000000001,0.0,81.14,139.35,0.0,1.2312,0.0,139.35,1.7174020211979295,1.7174619215658584
2026-09-10,80.89,0.0,0.5740000000000001,0.0,80.89,138.91,0.0,1.2312,0.0,138.91,1.717270367165286,1.7174171207390632
2026-09-11,81.37,0.0,0.5740000000000001,0.0,81.37,139.68,0.0,1.2312,0.0,139.68,1.7166031707017329,1.7173317863164033
2026-09-14,81.11,0.0,0.5740000000000001,0.0,81.11,139.29,0.0,1.2312,0.0,139.29,1.7172974972259893,1.7173163625264505
2026-09-15,80.78,0.0,0.5740000000000001,0.0,80.78,138.66,0.0,1.2312,0.0,138.66,1.7165139886110423,1.7172992013391482
2026-09-16,79.46,0.0,0.5740000000000001,0.0,79.46,136.44,0.0,1.2312,0.0,136.44,1.7170903599295244,1.7172660843398713
2026-09-17,79.41,0.0,0.5740000000000001,0.0,79.41,136.35,0.0,1.2312,0.0,136.35,1.7170381564034756,1.71726156437345
2026-09-18,79.11,0.31,0.8840000000000001,0.31,79.42,136.32,0.0,1.2312,0.0,136.32,1.716444220599345,1.7172762110323443
2026-09-21,79.35,0.0,0.8840000000000001,0.31,79.66,136.76,0.0,1.2312,0.0,136.76,1.7167963846346974,1.7172378415664107
2026-09-22,77.82,0.0,0.8840000000000001,0.31,78.13,134.12,0.0,1.2312,0.0,134.12,1.7166261359273007,1.7171935444980413
2026-09-23,77.32,0.0,0.8840000000000001,0.0,77.32,132.87,0.4461,1.6773,0.0,132.87,1.718442834971547,1.7172437614998746
2026-09-24,77.24,0.0,0.8840000000000001,0.0,77.24,132.85,0.0,1.6773,0.0,132.85,1.7199637493526672,1.7173267111022579
2026-09-25,77.73,0.0,0.8840000000000001,0.0,77.73,133.67,0.0,1.6773,0.0,133.67,1.7196706548308245,1.7174434477744072
2026-09-28,76.84,0.0,0.8840000000000001,0.0,76.84,132.11,0.0,1.6773,0.0,132.11,1.7192868297761583,1.717482580501264
2026-09-29,76.58,0.0,0.8840000000000001,0.0,76.58,131.6,0.0,1.6773,0.0,131.6,1.7184643510054844,1.717517423691314
2026-09-30,75.72,0.0,0.8840000000000001,0.0,75.72,130.09,0.0,1.6773,0.0,130.09,1.7180401479133651,1.717557489411087
2026-10-01,75.87,0.0,0.8840000000000001,0.0,75.87,130.38,0.0,1.6773,0.0,130.38,1.7184657967576116,1.7175905353465286
2026-10-02,76.1,0.0,0.8840000000000001,0.0,76.1,130.81,0.0,1.6773,0.0,130.81,1.71892247043364,1.7176792245708388
