date,SPAB,div_SPAB,div_cumsum_SPAB,div_adj_SPAB,SPAB*,AGG,div_AGG,div_cumsum_AGG,div_adj_AGG,AGG*,ratio*,ratio*_ma
2026-01-02,25.74,0.0,0.0,0.0,25.74,99.85,0.0,0.0,0.0,99.85,3.8791763791763794,
2026-01-05,25.79,0.0,0.0,0.0,25.79,100.04,0.0,0.0,0.0,100.04,3.8790228770841417,
2026-01-06,25.79,0.0,0.0,0.0,25.79,100.02,0.0,0.0,0.0,100.02,3.8782473827064754,
2026-01-07,25.81,0.0,0.0,0.0,25.81,100.12,0.0,0.0,0.0,100.12,3.879116621464549,
2026-01-08,25.77,0.0,0.0,0.0,25.77,99.94,0.0,0.0,0.0,99.94,3.878152890958479,
2026-01-09,25.83,0.0,0.0,0.0,25.83,100.16,0.0,0.0,0.0,100.16,3.8776616337591947,
2026-01-12,25.81,0.0,0.0,0.0,25.81,100.11,0.0,0.0,0.0,100.11,3.878729174738474,
2026-01-13,25.82,0.0,0.0,0.0,25.82,100.2,0.0,0.0,0.0,100.2,3.8807126258714177,
2026-01-14,25.88,0.0,0.0,0.0,25.88,100.35,0.0,0.0,0.0,100.35,3.8775115919629055,
2026-01-15,25.85,0.0,0.0,0.0,25.85,100.22,0.0,0.0,0.0,100.22,3.876982591876209,
2026-01-16,25.8,0.0,0.0,0.0,25.8,100.05,0.0,0.0,0.0,100.05,3.877906976744186,
2026-01-20,25.71,0.0,0.0,0.0,25.71,99.67,0.0,0.0,0.0,99.67,3.8767016725009724,
2026-01-21,25.77,0.0,0.0,0.0,25.77,100.0,0.0,0.0,0.0,100.0,3.880481179666279,
2026-01-22,25.79,0.0,0.0,0.0,25.79,100.02,0.0,0.0,0.0,100.02,3.8782473827064754,
2026-01-23,25.81,0.0,0.0,0.0,25.81,100.11,0.0,0.0,0.0,100.11,3.878729174738474,
2026-01-26,25.84,0.0,0.0,0.0,25.84,100.26,0.0,0.0,0.0,100.26,3.880030959752322,
2026-01-27,25.82,0.0,0.0,0.0,25.82,100.19,0.0,0.0,0.0,100.19,3.8803253292021687,
2026-01-28,25.81,0.0,0.0,0.0,25.81,100.15,0.0,0.0,0.0,100.15,3.8802789616427744,
2026-01-29,25.82,0.0,0.0,0.0,25.82,100.15,0.0,0.0,0.0,100.15,3.8787761425251746,
2026-01-30,25.82,0.0,0.0,0.0,25.82,100.13,0.0,0.0,0.0,100.13,3.878001549186677,3.8787396549131863
2026-02-02,25.71,0.0,0.0,0.0,25.71,99.69,0.0,0.0,0.0,99.69,3.877479579929988,3.878654814950867
2026-02-03,25.7,0.0,0.0,0.0,25.7,99.7,0.0,0.0,0.0,99.7,3.879377431906615,3.87867254269199
2026-02-04,25.69,0.0,0.0,0.0,25.69,99.64,0.0,0.0,0.0,99.64,3.878551965745426,3.878687771843938
2026-02-05,25.8,0.0,0.0,0.0,25.8,100.07,0.0,0.0,0.0,100.07,3.878682170542635,3.878666049297842
2026-02-06,25.82,0.0,0.0,0.0,25.82,100.13,0.0,0.0,0.0,100.13,3.878001549186677,3.8786584822092522
2026-02-09,25.82,0.0,0.0,0.0,25.82,100.16,0.0,0.0,0.0,100.16,3.8791634391944227,3.878733572481014
2026-02-10,25.89,0.0,0.0,0.0,25.89,100.45,0.0,0.0,0.0,100.45,3.8798764001544996,3.878790933751815
2026-02-11,25.84,0.0,0.0,0.0,25.84,100.22,0.0,0.0,0.0,100.22,3.878482972136223,3.878679451065055
2026-02-12,25.96,0.0,0.0,0.0,25.96,100.67,0.0,0.0,0.0,100.67,3.87788906009245,3.8786983244715323
2026-02-13,26.05,0.0,0.0,0.0,26.05,100.99,0.0,0.0,0.0,100.99,3.876775431861804,3.8786879664708125
2026-02-17,26.05,0.0,0.0,0.0,26.05,101.0,0.0,0.0,0.0,101.0,3.877159309021113,3.8786505830846587
2026-02-18,26.01,0.0,0.0,0.0,26.01,100.86,0.0,0.0,0.0,100.86,3.877739331026528,3.878702466010936
2026-02-19,26.02,0.0,0.0,0.0,26.02,100.88,0.0,0.0,0.0,100.88,3.8770176787086856,3.878529290963056
2026-02-20,26.02,0.0,0.0,0.0,26.02,100.9,0.0,0.0,0.0,100.9,3.8777863182167565,3.878506237738571
2026-02-23,26.08,0.0,0.0,0.0,26.08,101.1,0.0,0.0,0.0,101.1,3.8765337423312882,3.878396466118212
2026-02-24,26.07,0.0,0.0,0.0,26.07,101.09,0.0,0.0,0.0,101.09,3.8776371308016877,3.87827677467068
2026-02-25,26.05,0.0,0.0,0.0,26.05,101.04,0.0,0.0,0.0,101.04,3.8786948176583493,3.8781952490934883
2026-02-26,26.09,0.0,0.0,0.0,26.09,101.2,0.0,0.0,0.0,101.2,3.8788807972403223,3.8781253408733662
2026-02-27,26.16,0.0,0.0,0.0,26.16,101.4,0.0,0.0,0.0,101.4,3.876146788990826,3.877993873196649
2026-03-02,25.97,0.0,0.0,0.0,25.97,100.68,0.0,0.0,0.0,100.68,3.8767809010396617,3.877932840789298
2026-03-03,25.93,0.0,0.0,0.0,25.93,100.57,0.0,0.0,0.0,100.57,3.878519089857308,3.8779848162856636
2026-03-04,25.92,0.0,0.0,0.0,25.92,100.53,0.0,0.0,0.0,100.53,3.878472222222222,3.8779395558014444
2026-03-05,25.85,0.0,0.0,0.0,25.85,100.24,0.0,0.0,0.0,100.24,3.877756286266924,3.8778997718275194
2026-03-06,25.81,0.0,0.0,0.0,25.81,100.12,0.0,0.0,0.0,100.12,3.879116621464549,3.877921494373615
2026-03-09,25.89,0.0,0.0,0.0,25.89,100.44,0.0,0.0,0.0,100.44,3.8794901506373116,3.8779959244461466
2026-03-10,25.82,0.0,0.0,0.0,25.82,100.11,0.0,0.0,0.0,100.11,3.8772269558481796,3.8778991002788343
2026-03-11,25.7,0.0,0.0,0.0,25.7,99.66,0.0,0.0,0.0,99.66,3.8778210116731517,3.8777963308547667
2026-03-12,25.61,0.0,0.0,0.0,25.61,99.29,0.0,0.0,0.0,99.29,3.8770011714174153,3.8777222408188265
2026-03-13,25.58,0.0,0.0,0.0,25.58,99.21,0.0,0.0,0.0,99.21,3.8784206411258797,3.877748819870498
2026-03-16,25.67,0.0,0.0,0.0,25.67,99.6,0.0,0.0,0.0,99.6,3.8800155823918967,3.8779108273970033
2026-03-17,25.72,0.0,0.0,0.0,25.72,99.8,0.0,0.0,0.0,99.8,3.880248833592535,3.8780653036255743
2026-03-18,25.63,0.0,0.0,0.0,25.63,99.38,0.0,0.0,0.0,99.38,3.8774873195474053,3.8780527030516176
2026-03-19,25.65,0.0,0.0,0.0,25.65,99.49,0.0,0.0,0.0,99.49,3.8787524366471735,3.878139440948542
2026-03-20,25.45,0.0,0.0,0.0,25.45,98.66,0.0,0.0,0.0,98.66,3.8766208251473477,3.878081166295072
2026-03-23,25.54,0.0,0.0,0.0,25.54,99.03,0.0,0.0,0.0,99.03,3.8774471417384495,3.8781268362654293
2026-03-24,25.47,0.0,0.0,0.0,25.47,98.76,0.0,0.0,0.0,98.76,3.8775029446407543,3.878120126957383
2026-03-25,25.56,0.0,0.0,0.0,25.56,99.11,0.0,0.0,0.0,99.11,3.87754303599374,3.8780625378741527
2026-03-26,25.43,0.0,0.0,0.0,25.43,98.55,0.0,0.0,0.0,98.55,3.8753440817931577,3.877885702101794
2026-03-27,25.42,0.0,0.0,0.0,25.42,98.54,0.0,0.0,0.0,98.54,3.876475216365067,3.8779021234705064
2026-03-30,25.55,0.0,0.0,0.0,25.55,99.04,0.0,0.0,0.0,99.04,3.8763209393346383,3.877879125385255
2026-03-31,25.62,0.0,0.0,0.0,25.62,99.27,0.0,0.0,0.0,99.27,3.874707259953161,3.8776885338900478
2026-04-01,25.55,0.0,0.0,0.0,25.55,99.0,0.0,0.0,0.0,99.0,3.8747553816046967,3.877502691859172
2026-04-02,25.6,0.0,0.0,0.0,25.6,99.23,0.0,0.0,0.0,99.23,3.876171875,3.8774234712958253
2026-04-06,25.55,0.0,0.0,0.0,25.55,99.05,0.0,0.0,0.0,99.05,3.8767123287671232,3.877303256660954
2026-04-07,25.58,0.0,0.0,0.0,25.58,99.17,0.0,0.0,0.0,99.17,3.876856919468335,3.8771715951025056
2026-04-08,25.64,0.0,0.0,0.0,25.64,99.43,0.0,0.0,0.0,99.43,3.8779251170046805,3.8772065031603304
2026-04-09,25.65,0.0,0.0,0.0,25.65,99.49,0.0,0.0,0.0,99.49,3.8787524366471735,3.877253074409031
2026-04-10,25.62,0.0,0.0,0.0,25.62,99.32,0.0,0.0,0.0,99.32,3.876658860265417,3.8772359588514314
2026-04-13,25.67,0.0,0.0,0.0,25.67,99.52,0.0,0.0,0.0,99.52,3.8768991040124656,3.877159881995761
2026-04-14,25.72,0.0,0.0,0.0,25.72,99.78,0.0,0.0,0.0,99.78,3.8794712286158632,3.8771326643069592
2026-04-15,25.7,0.0,0.0,0.0,25.7,99.62,0.0,0.0,0.0,99.62,3.876264591439689,3.8769334521993164
2026-04-16,25.66,0.0,0.0,0.0,25.66,99.48,0.0,0.0,0.0,99.48,3.876851130163679,3.876901642730131
2026-04-17,25.75,0.0,0.0,0.0,25.75,99.85,0.0,0.0,0.0,99.85,3.877669902912621,3.876847516043403
2026-04-20,25.74,0.0,0.0,0.0,25.74,99.84,0.0,0.0,0.0,99.84,3.8787878787878793,3.8769558687254295
2026-04-21,25.65,0.0,0.0,0.0,25.65,99.47,0.0,0.0,0.0,99.47,3.877972709551657,3.8769821471160903
2026-04-22,25.69,0.0,0.0,0.0,25.69,99.61,0.0,0.0,0.0,99.61,3.877384196185286,3.8769762096933165
2026-04-23,25.65,0.0,0.0,0.0,25.65,99.45,0.0,0.0,0.0,99.45,3.877192982456141,3.876958707016437
2026-04-24,25.67,0.0,0.0,0.0,25.67,99.59,0.0,0.0,0.0,99.59,3.879626022594468,3.877172804056502
2026-04-27,25.63,0.0,0.0,0.0,25.63,99.44,0.0,0.0,0.0,99.44,3.8798283261802577,3.877340459547262
2026-04-28,25.62,0.0,0.0,0.0,25.62,99.4,0.0,0.0,0.0,99.4,3.879781420765027,3.877513483618781
2026-04-29,25.52,0.0,0.0,0.0,25.52,98.96,0.0,0.0,0.0,98.96,3.8777429467084636,3.8776652679565466
2026-04-30,25.55,0.0,0.0,0.0,25.55,99.1,0.0,0.0,0.0,99.1,3.8786692759295494,3.8778609626727887
2026-05-01,25.49,0.0,0.0,0.0,25.49,98.9,0.0,0.0,0.0,98.9,3.8799529227147906,3.878050015058528
2026-05-04,25.41,0.0,0.0,0.0,25.41,98.59,0.0,0.0,0.0,98.59,3.879968516332153,3.8782128244367797
2026-05-05,25.47,0.0,0.0,0.0,25.47,98.77,0.0,0.0,0.0,98.77,3.877895563407931,3.8782647566337594
2026-05-06,25.56,0.0,0.0,0.0,25.56,99.19,0.0,0.0,0.0,99.19,3.8806729264475743,3.8784021471059043
2026-05-07,25.51,0.0,0.0,0.0,25.51,98.95,0.0,0.0,0.0,98.95,3.8788710309682477,3.878408076821958
2026-05-08,25.57,0.0,0.0,0.0,25.57,99.18,0.0,0.0,0.0,99.18,3.878764176769652,3.87851334264717
2026-05-11,25.51,0.0,0.0,0.0,25.51,98.92,0.0,0.0,0.0,98.92,3.8776950215601724,3.8785531385245555
2026-05-12,25.44,0.0,0.0,0.0,25.44,98.63,0.0,0.0,0.0,98.63,3.876965408805031,3.878427847534013
2026-05-13,25.44,0.0,0.0,0.0,25.44,98.67,0.0,0.0,0.0,98.67,3.8785377358490565,3.8785415047544824
2026-05-14,25.43,0.0,0.0,0.0,25.43,98.64,0.0,0.0,0.0,98.64,3.878883208808494,3.8786431086867226
2026-05-15,25.28,0.0,0.0,0.0,25.28,98.02,0.0,0.0,0.0,98.02,3.8773734177215187,3.8786282844271676
2026-05-18,25.26,0.0,0.0,0.0,25.26,98.01,0.0,0.0,0.0,98.01,3.880047505938242,3.8786912657846857
2026-05-19,25.19,0.0,0.0,0.0,25.19,97.63,0.0,0.0,0.0,97.63,3.8757443429932508,3.878579847456765
2026-05-20,25.31,0.0,0.0,0.0,25.31,98.22,0.0,0.0,0.0,98.22,3.8806795732911894,3.8787446163120607
2026-05-21,25.34,0.0,0.0,0.0,25.34,98.34,0.0,0.0,0.0,98.34,3.880820836621942,3.8789260090203506
2026-05-22,25.37,0.0,0.0,0.0,25.37,98.44,0.0,0.0,0.0,98.44,3.8801734331888054,3.8789533795500675
2026-05-26,25.45,0.0,0.0,0.0,25.45,98.72,0.0,0.0,0.0,98.72,3.8789783889980356,3.878910882690956
2026-05-27,25.47,0.0,0.0,0.0,25.47,98.8,0.0,0.0,0.0,98.8,3.8790734197094623,3.8788754826381777
2026-05-28,25.53,0.0,0.0,0.0,25.53,99.0,0.0,0.0,0.0,99.0,3.8777908343125733,3.8788778770183834
2026-05-29,25.54,0.0,0.0,0.0,25.54,99.06,0.0,0.0,0.0,99.06,3.8786217697729053,3.8788755017105516
2026-06-01,25.44,0.0,0.0,0.0,25.44,98.68,0.0,0.0,0.0,98.68,3.8789308176100628,3.8788243964553155
2026-06-02,25.43,0.0,0.0,0.0,25.43,98.71,0.0,0.0,0.0,98.71,3.8816358631537553,3.878907763796395
2026-06-03,25.4,0.0,0.0,0.0,25.4,98.5,0.0,0.0,0.0,98.5,3.877952755905512,3.878910623421274
2026-06-04,25.43,0.0,0.0,0.0,25.43,98.66,0.0,0.0,0.0,98.66,3.8796696814785685,3.878860461172824
2026-06-05,25.32,0.0,0.0,0.0,25.32,98.17,0.0,0.0,0.0,98.17,3.877172195892575,3.8787755194190403
2026-06-08,25.29,0.0,0.0,0.0,25.29,98.17,0.0,0.0,0.0,98.17,3.881771451166469,3.8789258831388813
2026-06-09,25.35,0.0,0.0,0.0,25.35,98.37,0.0,0.0,0.0,98.37,3.880473372781065,3.8790648006999255
2026-06-10,25.34,0.0,0.0,0.0,25.34,98.31,0.0,0.0,0.0,98.31,3.8796369376479873,3.8791983771420737
2026-06-11,25.48,0.0,0.0,0.0,25.48,98.88,0.0,0.0,0.0,98.88,3.8806907378335946,3.8793060272413
2026-06-12,25.46,0.0,0.0,0.0,25.46,98.76,0.0,0.0,0.0,98.76,3.8790259230164965,3.879313162951701
2026-06-15,25.47,0.0,0.0,0.0,25.47,98.85,0.0,0.0,0.0,98.85,3.8810365135453475,3.8794963177428925
2026-06-16,25.52,0.0,0.0,0.0,25.52,98.97,0.0,0.0,0.0,98.97,3.8781347962382444,3.8794006822578924
2026-06-17,25.42,0.0,0.0,0.0,25.42,98.61,0.0,0.0,0.0,98.61,3.879228953579858,3.8795749127872226
2026-06-18,25.5,0.0,0.0,0.0,25.5,98.9,0.0,0.0,0.0,98.9,3.87843137254902,3.879462502750114
2026-06-22,25.43,0.0,0.0,0.0,25.43,98.63,0.0,0.0,0.0,98.63,3.8784899724734565,3.8793459595426896
2026-06-23,25.45,0.0,0.0,0.0,25.45,98.71,0.0,0.0,0.0,98.71,3.878585461689587,3.8792665609677286
2026-06-24,25.57,0.0,0.0,0.0,25.57,99.19,0.0,0.0,0.0,99.19,3.879155260070395,3.879275404521347
2026-06-25,25.58,0.0,0.0,0.0,25.58,99.25,0.0,0.0,0.0,99.25,3.879984362783425,3.8793209516750453
2026-06-26,25.61,0.0,0.0,0.0,25.61,99.34,0.0,0.0,0.0,99.34,3.878953533775869,3.8793790866482096
2026-06-29,25.63,0.0,0.0,0.0,25.63,99.37,0.0,0.0,0.0,99.37,3.8770971517752635,3.8793028557483273
2026-06-30,25.52,0.0,0.0,0.0,25.52,98.98,0.0,0.0,0.0,98.98,3.878526645768025,3.879282647156226
2026-07-01,25.39,0.0,0.0,0.0,25.39,98.5,0.0,0.0,0.0,98.5,3.8794801102796375,3.8791748595125197
2026-07-02,25.4,0.0,0.0,0.0,25.4,98.61,0.0,0.0,0.0,98.61,3.8822834645669295,3.8793913949455905
2026-07-06,25.43,0.0,0.0,0.0,25.43,98.66,0.0,0.0,0.0,98.66,3.8796696814785685,3.8793913949455905
2026-07-07,25.32,0.0,0.0,0.0,25.32,98.21,0.0,0.0,0.0,98.21,3.8787519747235386,3.8794703838871394
2026-07-08,25.27,0.0,0.0,0.0,25.27,98.04,0.0,0.0,0.0,98.04,3.879699248120301,3.879366773734831
2026-07-09,25.31,0.0,0.0,0.0,25.31,98.18,0.0,0.0,0.0,98.18,3.879099170288424,3.879298063610198
2026-07-10,25.28,0.0,0.0,0.0,25.28,98.08,0.0,0.0,0.0,98.08,3.8797468354430378,3.879303558499951
2026-07-13,25.19,0.0,0.0,0.0,25.19,97.71,0.0,0.0,0.0,97.71,3.8789202064311232,3.879215031929827
2026-07-14,25.27,0.0,0.0,0.0,25.27,98.0,0.0,0.0,0.0,98.0,3.878116343490305,3.8791695529535177
2026-07-15,25.32,0.0,0.0,0.0,25.32,98.14,0.0,0.0,0.0,98.14,3.875987361769352,3.878917095364718
2026-07-16,25.3,0.0,0.0,0.0,25.3,98.13,0.0,0.0,0.0,98.13,3.878656126482213,3.8789431618769163
2026-07-17,25.31,0.0,0.0,0.0,25.31,98.2,0.0,0.0,0.0,98.2,3.879889371789807,3.878976182787414
2026-07-20,25.26,0.0,0.0,0.0,25.26,97.95,0.0,0.0,0.0,97.95,3.877672209026128,3.8789382246112694
2026-07-21,25.21,0.0,0.0,0.0,25.21,97.74,0.0,0.0,0.0,97.74,3.877032923443078,3.8788653721597504
2026-07-22,25.16,0.0,0.0,0.0,25.16,97.58,0.0,0.0,0.0,97.58,3.8783783783783785,3.87885501799419
2026-07-23,25.1,0.0,0.0,0.0,25.1,97.34,0.0,0.0,0.0,97.34,3.8780876494023904,3.878801637460789
2026-07-24,25.13,0.0,0.0,0.0,25.13,97.46,0.0,0.0,0.0,97.46,3.878233187425388,3.878714078692888
2026-07-27,25.17,0.0,0.0,0.0,25.17,97.69,0.0,0.0,0.0,97.69,3.881207787048073,3.8788267913564978
2026-07-28,25.25,0.0,0.0,0.0,25.25,97.92,0.0,0.0,0.0,97.92,3.878019801980198,3.878872923866745
2026-07-29,25.16,0.0,0.0,0.0,25.16,97.55,0.0,0.0,0.0,97.55,3.8771860095389505,3.878805892055291
2026-07-30,25.16,0.0,0.0,0.0,25.16,97.62,0.0,0.0,0.0,97.62,3.8799682034976155,3.8788302967161896
2026-07-31,25.11,0.0,0.0,0.0,25.11,97.37,0.0,0.0,0.0,97.37,3.8777379530067706,3.878603021138182
2026-08-03,25.07,0.0,0.0,0.0,25.07,97.26,0.0,0.0,0.0,97.26,3.8795372955723972,3.8785964018428736
2026-08-04,25.16,0.0,0.0,0.0,25.16,97.66,0.0,0.0,0.0,97.66,3.881558028616852,3.878736704537539
2026-08-05,25.17,0.0,0.0,0.0,25.17,97.71,0.0,0.0,0.0,97.71,3.8820023837902258,3.878851861321035
2026-08-06,25.1,0.0,0.0,0.0,25.1,97.43,0.0,0.0,0.0,97.43,3.8816733067729086,3.87898056814526
2026-08-07,25.16,0.0,0.0,0.0,25.16,97.6,0.0,0.0,0.0,97.6,3.8791732909379966,3.878951890920008
2026-08-10,25.07,0.0,0.0,0.0,25.07,97.24,0.0,0.0,0.0,97.24,3.8787395293179094,3.8789428570643474
2026-08-11,25.09,0.0,0.0,0.0,25.09,97.32,0.0,0.0,0.0,97.32,3.8788361897170183,3.878978849375683
2026-08-12,25.12,0.0,0.0,0.0,25.12,97.43,0.0,0.0,0.0,97.43,3.8785828025477707,3.8791086214146033
2026-08-13,25.18,0.0,0.0,0.0,25.18,97.69,0.0,0.0,0.0,97.69,3.8796664019062748,3.879159135185806
2026-08-14,25.12,0.0,0.0,0.0,25.12,97.48,0.0,0.0,0.0,97.48,3.8805732484076434,3.8791933290166987
2026-08-17,25.08,0.0,0.0,0.0,25.08,97.25,0.0,0.0,0.0,97.25,3.877591706539075,3.8791893038923453
2026-08-18,25.1,0.0,0.0,0.0,25.1,97.35,0.0,0.0,0.0,97.35,3.878486055776892,3.879261960509036
2026-08-19,25.2,0.0,0.0,0.0,25.2,97.82,0.0,0.0,0.0,97.82,3.8817460317460317,3.879430343177419
2026-08-20,25.13,0.0,0.0,0.0,25.13,97.49,0.0,0.0,0.0,97.49,3.8794269797055314,3.8794973096925767
2026-08-21,25.09,0.0,0.0,0.0,25.09,97.35,0.0,0.0,0.0,97.35,3.8800318852132323,3.8795872445819684
2026-08-24,25.15,0.0,0.0,0.0,25.15,97.55,0.0,0.0,0.0,97.55,3.878727634194831,3.8794632369393063
2026-08-25,25.26,0.0,0.0,0.0,25.26,98.01,0.0,0.0,0.0,98.01,3.880047505938242,3.879564622137208
2026-08-26,25.22,0.0,0.0,0.0,25.22,97.86,0.0,0.0,0.0,97.86,3.880253766851705,3.879718010002846
2026-08-27,25.2,0.0,0.0,0.0,25.2,97.83,0.0,0.0,0.0,97.83,3.882142857142857,3.8798267426851085
2026-08-28,25.12,0.0,0.0,0.0,25.12,97.49,0.0,0.0,0.0,97.49,3.8809713375796173,3.879988411913751
2026-08-31,25.1,0.0,0.0,0.0,25.1,97.41,0.0,0.0,0.0,97.41,3.880876494023904,3.880055371836326
2026-09-01,24.94,0.0,0.0,0.0,24.94,96.77,0.0,0.0,0.0,96.77,3.8801122694466716,3.879983083877817
2026-09-02,24.97,0.0,0.0,0.0,24.97,96.84,0.0,0.0,0.0,96.84,3.8782539046856233,3.879795659922587
2026-09-03,24.99,0.0,0.0,0.0,24.99,96.95,0.0,0.0,0.0,96.95,3.8795518207282917,3.879689585620356
2026-09-04,24.99,0.0,0.0,0.0,24.99,97.0,0.0,0.0,0.0,97.0,3.8815526210484195,3.879808552125877
2026-09-08,24.98,0.0,0.0,0.0,24.98,96.9,0.0,0.0,0.0,96.9,3.879103282626101,3.8798267397912864
2026-09-09,24.91,0.0,0.0,0.0,24.91,96.68,0.0,0.0,0.0,96.68,3.881172219991971,3.879943541305034
2026-09-10,24.76,0.0,0.0,0.0,24.76,96.05,0.0,0.0,0.0,96.05,3.8792407108239093,3.8799764367188407
2026-09-11,24.74,0.0,0.0,0.0,24.74,95.98,0.0,0.0,0.0,95.98,3.8795472918350855,3.879970481215281
2026-09-14,24.72,0.0,0.0,0.0,24.72,95.89,0.0,0.0,0.0,95.89,3.879045307443366,3.8798940841670677
2026-09-15,24.71,0.0,0.0,0.0,24.71,95.85,0.0,0.0,0.0,95.85,3.8789963577498985,3.8799643167276097
2026-09-16,24.71,0.0,0.0,0.0,24.71,95.81,0.0,0.0,0.0,95.81,3.877377579927155,3.8799088929351226
2026-09-17,24.83,0.0,0.0,0.0,24.83,96.33,0.0,0.0,0.0,96.33,3.8795811518324608,3.879800648939444
2026-09-18,24.73,0.0,0.0,0.0,24.73,95.96,0.0,0.0,0.0,95.96,3.880307319045693,3.8798446659064516
2026-09-21,24.81,0.0,0.0,0.0,24.81,96.21,0.0,0.0,0.0,96.21,3.8778718258766625,3.879736662939623
2026-09-22,24.81,0.0,0.0,0.0,24.81,96.25,0.0,0.0,0.0,96.25,3.8794840790004033,3.879774485179902
2026-09-23,24.6,0.0,0.0,0.0,24.6,95.41,0.0,0.0,0.0,95.41,3.878455284552845,3.879694874110632
2026-09-24,24.47,0.0,0.0,0.0,24.47,94.95,0.0,0.0,0.0,94.95,3.8802615447486724,3.8796952630054804
2026-09-25,24.53,0.0,0.0,0.0,24.53,95.12,0.0,0.0,0.0,95.12,3.8777007745617613,3.8794731588764257
2026-09-28,24.4,0.0,0.0,0.0,24.4,94.65,0.0,0.0,0.0,94.65,3.879098360655738,3.879379510030232
2026-09-29,24.37,0.0,0.0,0.0,24.37,94.6,0.0,0.0,0.0,94.6,3.8818219121871147,3.8794267809383918
2026-09-30,24.36,0.0,0.0,0.0,24.36,94.54,0.0,0.0,0.0,94.54,3.8809523809523814,3.8794687865136774
2026-10-01,24.33,0.0,0.0,0.0,24.33,94.42,0.0,0.0,0.0,94.42,3.880805589806823,3.8795963707697374
2026-10-02,24.39,0.0,0.0,0.0,24.39,94.64,0.0,0.0,0.0,94.64,3.8802788027880277,3.879632719872724
