date,VTC,div_VTC,div_cumsum_VTC,div_adj_VTC,VTC*,CORP,div_CORP,div_cumsum_CORP,div_adj_CORP,CORP*,ratio*,ratio*_ma
2026-01-02,77.6,0.0,0.0,0.0,77.6,97.82,0.0,0.0,0.0,97.82,1.2605670103092783,
2026-01-05,77.79,0.0,0.0,0.0,77.79,98.02,0.0,0.0,0.0,98.02,1.2600591335647253,
2026-01-06,77.83,0.0,0.0,0.0,77.83,98.05,0.0,0.0,0.0,98.05,1.2597969934472568,
2026-01-07,77.87,0.0,0.0,0.0,77.87,98.1,0.0,0.0,0.0,98.1,1.2597919609605752,
2026-01-08,77.69,0.0,0.0,0.0,77.69,97.9,0.0,0.0,0.0,97.9,1.2601364396962287,
2026-01-09,77.88,0.0,0.0,0.0,77.88,98.11,0.0,0.0,0.0,98.11,1.259758602978942,
2026-01-12,77.81,0.0,0.0,0.0,77.81,98.04,0.0,0.0,0.0,98.04,1.2599922889088806,
2026-01-13,77.97,0.0,0.0,0.0,77.97,98.19,0.0,0.0,0.0,98.19,1.2593305117352829,
2026-01-14,78.13,0.0,0.0,0.0,78.13,98.45,0.0,0.0,0.0,98.45,1.2600793549212852,
2026-01-15,78.06,0.0,0.0,0.0,78.06,98.29,0.0,0.0,0.0,98.29,1.2591596208045095,
2026-01-16,77.91,0.0,0.0,0.0,77.91,98.08,0.0,0.0,0.0,98.08,1.2588884610447952,
2026-01-20,77.52,0.0,0.0,0.0,77.52,97.63,0.0,0.0,0.0,97.63,1.2594169246646028,
2026-01-21,77.85,0.0,0.0,0.0,77.85,98.07,0.0,0.0,0.0,98.07,1.2597302504816956,
2026-01-22,77.98,0.0,0.0,0.0,77.98,98.2,0.0,0.0,0.0,98.2,1.2592972557065913,
2026-01-23,78.03,0.0,0.0,0.0,78.03,98.25,0.0,0.0,0.0,98.25,1.259131103421761,
2026-01-26,78.09,0.0,0.0,0.0,78.09,98.34,0.0,0.0,0.0,98.34,1.2593161736457934,
2026-01-27,78.01,0.0,0.0,0.0,78.01,98.28,0.0,0.0,0.0,98.28,1.259838482245866,
2026-01-28,77.92,0.0,0.0,0.0,77.92,98.16,0.0,0.0,0.0,98.16,1.259753593429158,
2026-01-29,77.96,0.0,0.0,0.0,77.96,98.27,0.0,0.0,0.0,98.27,1.2605182144689584,
2026-01-30,77.97,0.0,0.0,0.0,77.97,98.2,0.0,0.0,0.0,98.2,1.2594587661921253,1.2597010571314156
2026-02-02,77.53,0.0,0.0,0.0,77.53,97.78,0.0,0.0,0.0,97.78,1.2611892170772605,1.2597321674698148
2026-02-03,77.54,0.0,0.0,0.0,77.54,97.77,0.0,0.0,0.0,97.77,1.2608976012380706,1.2597740908534818
2026-02-04,77.5,0.0,0.0,0.0,77.5,97.7,0.0,0.0,0.0,97.7,1.2606451612903227,1.2598164992456353
2026-02-05,77.83,0.0,0.0,0.0,77.83,98.11,0.0,0.0,0.0,98.11,1.260567904407041,1.2598552964179586
2026-02-06,77.85,0.0,0.0,0.0,77.85,98.13,0.0,0.0,0.0,98.13,1.2605009633911368,1.259873522602704
2026-02-09,77.84,0.0,0.0,0.0,77.84,98.18,0.0,0.0,0.0,98.18,1.2613052415210688,1.2599508545298101
2026-02-10,78.0,0.0,0.0,0.0,78.0,98.38,0.0,0.0,0.0,98.38,1.2612820512820513,1.2600153426484688
2026-02-11,77.94,0.0,0.0,0.0,77.94,98.29,0.0,0.0,0.0,98.29,1.2610982807287658,1.260103731098143
2026-02-12,78.22,0.0,0.0,0.0,78.22,98.65,0.0,0.0,0.0,98.65,1.2611863973408337,1.2601590832191205
2026-02-13,78.42,0.0,0.0,0.0,78.42,98.91,0.0,0.0,0.0,98.91,1.2612853863810252,1.2602653714979462
2026-02-17,78.51,0.0,0.0,0.0,78.51,99.02,0.0,0.0,0.0,99.02,1.261240606292192,1.260382978760316
2026-02-18,78.44,0.0,0.0,0.0,78.44,98.88,0.0,0.0,0.0,98.88,1.2605813360530342,1.2604411993297375
2026-02-19,78.49,0.0,0.0,0.0,78.49,98.94,0.0,0.0,0.0,98.94,1.2605427442986368,1.2604818240205846
2026-02-20,78.45,0.0,0.0,0.0,78.45,98.97,0.0,0.0,0.0,98.97,1.261567877629063,1.2605953551167084
2026-02-23,78.55,0.0,0.0,0.0,78.55,99.08,0.0,0.0,0.0,99.08,1.2613621896880969,1.260706909430025
2026-02-24,78.49,0.0,0.0,0.0,78.49,99.04,0.0,0.0,0.0,99.04,1.261816791948019,1.2608319403451362
2026-02-25,78.49,0.0,0.0,0.0,78.49,98.98,0.0,0.0,0.0,98.98,1.2610523633583897,1.2608926344007625
2026-02-26,78.53,0.0,0.0,0.0,78.53,99.07,0.0,0.0,0.0,99.07,1.2615560932127847,1.2609827593899439
2026-02-27,78.56,0.0,0.0,0.0,78.56,99.09,0.0,0.0,0.0,99.09,1.2613289205702647,1.261023294695009
2026-03-02,77.99,0.0,0.0,0.0,77.99,98.4,0.0,0.0,0.0,98.4,1.2617002179766639,1.261135367284236
2026-03-03,77.97,0.0,0.0,0.0,77.97,98.32,0.0,0.0,0.0,98.32,1.2609978196742335,1.2611257974140848
2026-03-04,77.97,0.0,0.0,0.0,77.97,98.32,0.0,0.0,0.0,98.32,1.2609978196742335,1.2611308083358928
2026-03-05,77.72,0.0,0.0,0.0,77.72,98.0,0.0,0.0,0.0,98.0,1.260936695831189,1.2611453850629362
2026-03-06,77.52,0.0,0.0,0.0,77.52,97.8,0.0,0.0,0.0,97.8,1.2616099071207432,1.2611974851986214
2026-03-09,77.89,0.0,0.0,0.0,77.89,98.14,0.0,0.0,0.0,98.14,1.2599820259340095,1.261171538325765
2026-03-10,77.48,0.0,0.0,0.0,77.48,97.76,0.0,0.0,0.0,97.76,1.261744966442953,1.261193524571859
2026-03-11,76.95,0.0,0.0,0.0,76.95,97.18,0.0,0.0,0.0,97.18,1.2628979857050033,1.2612743212930067
2026-03-12,76.58,0.0,0.0,0.0,76.58,96.76,0.0,0.0,0.0,96.76,1.2635152781405068,1.2613951711635938
2026-03-13,76.35,0.0,0.0,0.0,76.35,96.44,0.0,0.0,0.0,96.44,1.2631303208906353,1.2614923673410838
2026-03-16,76.64,0.0,0.0,0.0,76.64,96.74,0.0,0.0,0.0,96.74,1.2622651356993737,1.2615413548070014
2026-03-17,77.01,0.0,0.0,0.0,77.01,97.16,0.0,0.0,0.0,97.16,1.2616543306064145,1.2615620410227124
2026-03-18,76.65,0.0,0.0,0.0,76.65,96.76,0.0,0.0,0.0,96.76,1.262361382909328,1.2616510433655272
2026-03-19,76.94,0.0,0.0,0.0,76.94,97.0,0.0,0.0,0.0,97.0,1.2607226410189758,1.261660038201544
2026-03-20,76.16,0.0,0.0,0.0,76.16,96.08,0.0,0.0,0.0,96.08,1.2615546218487395,1.261659375412528
2026-03-23,76.57,0.0,0.0,0.0,76.57,96.52,0.0,0.0,0.0,96.52,1.2605459057071962,1.2616185612134827
2026-03-24,76.41,0.0,0.0,0.0,76.41,96.36,0.0,0.0,0.0,96.36,1.2610914801727524,1.2615822956247196
2026-03-25,76.64,0.0,0.0,0.0,76.64,96.64,0.0,0.0,0.0,96.64,1.2609603340292275,1.2615776941582613
2026-03-26,76.18,0.0,0.0,0.0,76.18,96.03,0.0,0.0,0.0,96.03,1.2605670779732212,1.261528243396283
2026-03-27,76.01,0.0,0.0,0.0,76.01,95.87,0.0,0.0,0.0,95.87,1.2612814103407446,1.2615258678848071
2026-03-30,76.41,0.0,0.0,0.0,76.41,96.29,0.0,0.0,0.0,96.29,1.2601753697160059,1.2614496254717742
2026-03-31,76.83,0.0,0.0,0.0,76.83,96.8,0.0,0.0,0.0,96.8,1.2599245086554731,1.2613959599208362
2026-04-01,76.55,0.0,0.0,0.0,76.55,96.52,0.0,0.0,0.0,96.52,1.260875244937949,1.261389831184022
2026-04-02,76.83,0.0,0.0,0.0,76.83,96.83,0.0,0.0,0.0,96.83,1.260314981127164,1.2613587454488209
2026-04-06,76.7,0.0,0.0,0.0,76.7,96.71,0.0,0.0,0.0,96.71,1.2608865710560624,1.2613225786455868
2026-04-07,76.84,0.0,0.0,0.0,76.84,96.86,0.0,0.0,0.0,96.86,1.260541384695471,1.2613505465836599
2026-04-08,77.05,0.0,0.0,0.0,77.05,97.16,0.0,0.0,0.0,97.16,1.2609993510707334,1.261313265815049
2026-04-09,77.06,0.0,0.0,0.0,77.06,97.22,0.0,0.0,0.0,97.22,1.261614326498832,1.2612490828547405
2026-04-10,76.91,0.0,0.0,0.0,76.91,97.06,0.0,0.0,0.0,97.06,1.2619945390716423,1.2611730459012969
2026-04-13,77.17,0.0,0.0,0.0,77.17,97.33,0.0,0.0,0.0,97.33,1.2612414150576647,1.2610786006096484
2026-04-14,77.39,0.0,0.0,0.0,77.39,97.59,0.0,0.0,0.0,97.59,1.2610156350949735,1.2610161255794285
2026-04-15,77.34,0.0,0.0,0.0,77.34,97.54,0.0,0.0,0.0,97.54,1.26118438065684,1.2609926280819497
2026-04-16,77.09,0.0,0.0,0.0,77.09,97.22,0.0,0.0,0.0,97.22,1.2611233623038007,1.2609307270516736
2026-04-17,77.42,0.0,0.0,0.0,77.42,97.7,0.0,0.0,0.0,97.7,1.2619478171015241,1.2609919858558007
2026-04-20,77.41,0.0,0.0,0.0,77.41,97.72,0.0,0.0,0.0,97.72,1.262369202945356,1.2610327149106317
2026-04-21,77.15,0.0,0.0,0.0,77.15,97.34,0.0,0.0,0.0,97.34,1.261697990926766,1.2610903191716103
2026-04-22,77.31,0.0,0.0,0.0,77.31,97.48,0.0,0.0,0.0,97.48,1.2608976846462294,1.2610806293952839
2026-04-23,77.16,0.0,0.0,0.0,77.16,97.36,0.0,0.0,0.0,97.36,1.2617936754795231,1.2611222964677988
2026-04-24,77.21,0.0,0.0,0.0,77.21,97.43,0.0,0.0,0.0,97.43,1.2618831757544362,1.2611881013568595
2026-04-27,77.05,0.0,0.0,0.0,77.05,97.23,0.0,0.0,0.0,97.23,1.2619078520441274,1.2612194234420286
2026-04-28,77.06,0.0,0.0,0.0,77.06,97.22,0.0,0.0,0.0,97.22,1.261614326498832,1.26129137128117
2026-04-29,76.7,0.0,0.0,0.0,76.7,96.8,0.0,0.0,0.0,96.8,1.2620599739243805,1.2613981445446154
2026-04-30,76.82,0.0,0.0,0.0,76.82,96.92,0.0,0.0,0.0,96.92,1.2616506118198387,1.2614369128887097
2026-05-01,76.63,0.0,0.0,0.0,76.63,96.7,0.0,0.0,0.0,96.7,1.261907868980817,1.2615165572813924
2026-05-04,76.37,0.0,0.0,0.0,76.37,96.36,0.0,0.0,0.0,96.36,1.2617519968574047,1.2615598285714598
2026-05-05,76.6,0.0,0.0,0.0,76.6,96.6,0.0,0.0,0.0,96.6,1.2610966057441253,1.2615875896238924
2026-05-06,76.97,0.0,0.0,0.0,76.97,97.02,0.0,0.0,0.0,97.02,1.2604911004287385,1.2615621770917926
2026-05-07,76.67,0.0,0.0,0.0,76.67,96.76,0.0,0.0,0.0,96.76,1.2620320855614973,1.2615830650449258
2026-05-08,76.93,0.0,0.0,0.0,76.93,97.06,0.0,0.0,0.0,97.06,1.261666450019498,1.2615666605923186
2026-05-11,76.77,0.0,0.0,0.0,76.77,96.85,0.0,0.0,0.0,96.85,1.2615605054057575,1.2615826151097234
2026-05-12,76.56,0.0,0.0,0.0,76.56,96.53,0.0,0.0,0.0,96.53,1.2608411703239288,1.261573891871171
2026-05-13,76.59,0.0,0.0,0.0,76.59,96.56,0.0,0.0,0.0,96.56,1.2607389998694347,1.2615516228318007
2026-05-14,76.55,0.0,0.0,0.0,76.55,96.55,0.0,0.0,0.0,96.55,1.2612671456564337,1.2615588119994325
2026-05-15,76.11,0.0,0.0,0.0,76.11,96.03,0.0,0.0,0.0,96.03,1.261726448561293,1.261547743572421
2026-05-18,76.06,0.0,0.0,0.0,76.06,95.88,0.0,0.0,0.0,95.88,1.260583749671312,1.2614584709087187
2026-05-19,75.73,0.0,0.0,0.0,75.73,95.52,0.0,0.0,0.0,95.52,1.2613231216162681,1.2614397274431937
2026-05-20,76.23,0.0,0.0,0.0,76.23,96.13,0.0,0.0,0.0,96.13,1.2610520792338973,1.2614474471725772
2026-05-21,76.33,0.0,0.0,0.0,76.33,96.23,0.0,0.0,0.0,96.23,1.26071007467575,1.2613932671323886
2026-05-22,76.44,0.0,0.0,0.0,76.44,96.38,0.0,0.0,0.0,96.38,1.260858189429618,1.2613420178161474
2026-05-26,76.7,0.0,0.0,0.0,76.7,96.71,0.0,0.0,0.0,96.71,1.2608865710560624,1.2612909537667445
2026-05-27,76.78,0.0,0.0,0.0,76.78,96.81,0.0,0.0,0.0,96.81,1.2608752279239386,1.2612539988379996
2026-05-28,76.95,0.0,0.0,0.0,76.95,97.02,0.0,0.0,0.0,97.02,1.2608187134502924,1.2611919358142951
2026-05-29,77.0,0.0,0.0,0.0,77.0,97.12,0.0,0.0,0.0,97.12,1.2612987012987014,1.2611743402882385
2026-06-01,76.64,0.0,0.0,0.0,76.64,96.69,0.0,0.0,0.0,96.69,1.2616127348643005,1.2611595835824125
2026-06-02,76.7,0.0,0.0,0.0,76.7,96.68,0.0,0.0,0.0,96.68,1.2604954367666232,1.2610967555778736
2026-06-03,76.53,0.0,0.0,0.0,76.53,96.48,0.0,0.0,0.0,96.48,1.2606820854566836,1.2610760295635015
2026-06-04,76.67,0.0,0.0,0.0,76.67,96.63,0.0,0.0,0.0,96.63,1.2603365071083865,1.2610682998974838
2026-06-05,76.25,0.0,0.0,0.0,76.25,96.09,0.0,0.0,0.0,96.09,1.2601967213114755,1.2609765316849828
2026-06-08,76.21,0.0,0.0,0.0,76.21,96.02,0.0,0.0,0.0,96.02,1.2599396404671304,1.2608901912073645
2026-06-09,76.41,0.0,0.0,0.0,76.41,96.28,0.0,0.0,0.0,96.28,1.2600444967936135,1.2608143907767573
2026-06-10,76.27,0.0,0.0,0.0,76.27,96.15,0.0,0.0,0.0,96.15,1.2606529434902323,1.2608049794350724
2026-06-11,76.8,0.0,0.0,0.0,76.8,96.8,0.0,0.0,0.0,96.8,1.2604166666666667,1.260788862774934
2026-06-12,76.75,0.0,0.0,0.0,76.75,96.71,0.0,0.0,0.0,96.71,1.2600651465798045,1.2607287628211024
2026-06-15,76.77,0.0,0.0,0.0,76.77,96.76,0.0,0.0,0.0,96.76,1.260388172463202,1.260661849016198
2026-06-16,76.85,0.0,0.0,0.0,76.85,96.87,0.0,0.0,0.0,96.87,1.2605074821080027,1.2606580356380326
2026-06-17,76.61,0.0,0.0,0.0,76.61,96.52,0.0,0.0,0.0,96.52,1.259887743114476,1.2605862667129428
2026-06-18,76.8,0.0,0.0,0.0,76.8,96.77,0.0,0.0,0.0,96.77,1.2600260416666667,1.2605349648345814
2026-06-22,76.61,0.0,0.0,0.0,76.61,96.55,0.0,0.0,0.0,96.55,1.2602793369011878,1.2605134279458532
2026-06-23,76.72,0.0,0.0,0.0,76.72,96.68,0.0,0.0,0.0,96.68,1.2601668404588113,1.260478860497313
2026-06-24,77.02,0.0,0.0,0.0,77.02,97.07,0.0,0.0,0.0,97.07,1.2603219942871982,1.2604506316588697
2026-06-25,77.09,0.0,0.0,0.0,77.09,97.19,0.0,0.0,0.0,97.19,1.260734206771306,1.2604435806012382
2026-06-26,77.1,0.0,0.0,0.0,77.1,97.26,0.0,0.0,0.0,97.26,1.26147859922179,1.2604765748898128
2026-06-29,77.2,0.0,0.0,0.0,77.2,97.4,0.0,0.0,0.0,97.4,1.261658031088083,1.260494541379282
2026-06-30,76.8,0.0,0.0,0.0,76.8,96.9,0.0,0.0,0.0,96.9,1.2617187500000002,1.2604998421360671
2026-07-01,76.42,0.0,0.0,0.0,76.42,96.33,0.0,0.0,0.0,96.33,1.2605338916514002,1.2605017648803059
2026-07-02,76.53,0.0,0.0,0.0,76.53,96.52,0.0,0.0,0.0,96.52,1.261204756304717,1.2605278984227075
2026-07-06,76.56,0.0,0.0,0.0,76.56,96.52,0.0,0.0,0.0,96.52,1.260710553814002,1.2605466007579884
2026-07-07,76.11,0.0,0.0,0.0,76.11,96.03,0.0,0.0,0.0,96.03,1.261726448561293,1.260623087120479
2026-07-08,76.0,0.0,0.0,0.0,76.0,95.87,0.0,0.0,0.0,95.87,1.2614473684210528,1.2606984735181752
2026-07-09,76.05,0.0,0.0,0.0,76.05,95.97,0.0,0.0,0.0,95.97,1.2619329388560159,1.2607928956212953
2026-07-10,75.91,0.0,0.0,0.0,75.91,95.79,0.0,0.0,0.0,95.79,1.2618890791727047,1.2608547024054189
2026-07-13,75.63,0.0,0.0,0.0,75.63,95.41,0.0,0.0,0.0,95.41,1.2615364273436467,1.260910690439268
2026-07-14,75.8,0.0,0.0,0.0,75.8,95.64,0.0,0.0,0.0,95.64,1.2617414248021108,1.2609945043503834
2026-07-15,76.03,0.0,0.0,0.0,76.03,95.9,0.0,0.0,0.0,95.9,1.2613442062343811,1.2610423060389422
2026-07-16,75.95,0.0,0.0,0.0,75.95,95.88,0.0,0.0,0.0,95.88,1.2624094799210006,1.2611374059295923
2026-07-17,75.98,0.0,0.0,0.0,75.98,95.93,0.0,0.0,0.0,95.93,1.2625690971308239,1.2612714736304096
2026-07-20,75.76,0.0,0.0,0.0,75.76,95.63,0.0,0.0,0.0,95.63,1.26227560718057,1.2613839519061048
2026-07-21,75.62,0.0,0.0,0.0,75.62,95.45,0.0,0.0,0.0,95.45,1.2622322137000792,1.2614815957460492
2026-07-22,75.48,0.0,0.0,0.0,75.48,95.27,0.0,0.0,0.0,95.27,1.2621886592474827,1.261582686685483
2026-07-23,75.25,0.0,0.0,0.0,75.25,94.99,0.0,0.0,0.0,94.99,1.2623255813953487,1.2616828660408905
2026-07-24,75.27,0.0,0.0,0.0,75.27,95.02,0.0,0.0,0.0,95.02,1.2623887338913247,1.2617655923968913
2026-07-27,75.42,0.0,0.0,0.0,75.42,95.2,0.0,0.0,0.0,95.2,1.262264651286131,1.2618048950001084
2026-07-28,75.6,0.0,0.0,0.0,75.6,95.48,0.0,0.0,0.0,95.48,1.262962962962963,1.2618701415938525
2026-07-29,75.31,0.0,0.0,0.0,75.31,95.1,0.0,0.0,0.0,95.1,1.2627805072367546,1.26192322945569
2026-07-30,75.4,0.0,0.0,0.0,75.4,95.27,0.0,0.0,0.0,95.27,1.2635278514588857,1.2620729274460643
2026-07-31,75.25,0.0,0.0,0.0,75.25,95.08,0.0,0.0,0.0,95.08,1.2635215946843854,1.2621887693650478
2026-08-03,75.13,0.0,0.0,0.0,75.13,94.87,0.0,0.0,0.0,94.87,1.2627445760681486,1.2622904704777551
2026-08-04,75.53,0.0,0.0,0.0,75.53,95.31,0.0,0.0,0.0,95.31,1.2618826956176354,1.2622982828305722
2026-08-05,75.52,0.0,0.0,0.0,75.52,95.35,0.0,0.0,0.0,95.35,1.2625794491525424,1.2623548868671468
2026-08-06,75.28,0.0,0.0,0.0,75.28,95.1,0.0,0.0,0.0,95.1,1.2632837407013815,1.2624224269594149
2026-08-07,75.4,0.0,0.0,0.0,75.4,95.23,0.0,0.0,0.0,95.23,1.262997347480106,1.262477840374785
2026-08-10,75.08,0.0,0.0,0.0,75.08,94.84,0.0,0.0,0.0,94.84,1.263185935002664,1.2625603157577359
2026-08-11,75.09,0.0,0.0,0.0,75.09,94.92,0.0,0.0,0.0,94.92,1.2640831002796644,1.2626773995316136
2026-08-12,75.19,0.0,0.0,0.0,75.19,94.97,0.0,0.0,0.0,94.97,1.2630668971937757,1.2627635340795833
2026-08-13,75.4,0.0,0.0,0.0,75.4,95.27,0.0,0.0,0.0,95.27,1.2635278514588857,1.2628194526564775
2026-08-14,75.18,0.0,0.0,0.0,75.18,95.08,0.0,0.0,0.0,95.08,1.2646980579941471,1.2629259006996438
2026-08-17,74.95,0.0,0.0,0.0,74.95,94.76,0.0,0.0,0.0,94.76,1.2643095396931288,1.2630275973252718
2026-08-18,75.03,0.0,0.0,0.0,75.03,94.82,0.0,0.0,0.0,94.82,1.263761162201786,1.263104044750357
2026-08-19,75.42,0.0,0.0,0.0,75.42,95.28,0.0,0.0,0.0,95.28,1.2633253778838505,1.2631608806821755
2026-08-20,75.14,0.0,0.0,0.0,75.14,95.01,0.0,0.0,0.0,95.01,1.2644397125365985,1.263266587239238
2026-08-21,75.08,0.0,0.0,0.0,75.08,94.89,0.0,0.0,0.0,94.89,1.2638518913159298,1.2633397451104682
2026-08-24,75.2,0.0,0.0,0.0,75.2,95.03,0.0,0.0,0.0,95.03,1.2636968085106384,1.2634113529716937
2026-08-25,75.61,0.0,0.0,0.0,75.61,95.51,0.0,0.0,0.0,95.51,1.263192699378389,1.263422839792465
2026-08-26,75.56,0.0,0.0,0.0,75.56,95.46,0.0,0.0,0.0,95.46,1.2633668607728956,1.2634521574692719
2026-08-27,75.51,0.0,0.0,0.0,75.51,95.44,0.0,0.0,0.0,95.44,1.2639385511852734,1.2634726924555912
2026-08-28,75.3,0.0,0.0,0.0,75.3,95.09,0.0,0.0,0.0,95.09,1.2628154050464808,1.263437382973696
2026-08-31,75.19,0.0,0.0,0.0,75.19,94.98,0.0,0.0,0.0,94.98,1.2631998936028728,1.2634601488504322
2026-09-01,74.59,0.0,0.0,0.0,74.59,94.2,0.0,0.0,0.0,94.2,1.26290387451401,1.263511207795251
2026-09-02,74.68,0.0,0.0,0.0,74.68,94.28,0.0,0.0,0.0,94.28,1.2624531333690412,1.2635048920060759
2026-09-03,74.79,0.0,0.0,0.0,74.79,94.38,0.0,0.0,0.0,94.38,1.261933413557962,1.263437375648905
2026-09-04,74.77,0.0,0.0,0.0,74.77,94.39,0.0,0.0,0.0,94.39,1.2624047077704963,1.2634077436634246
2026-09-08,74.73,0.0,0.0,0.0,74.73,94.35,0.0,0.0,0.0,94.35,1.262545162585307,1.2633757050425565
2026-09-09,74.61,0.0,0.0,0.0,74.61,94.24,0.0,0.0,0.0,94.24,1.26310146093017,1.263326623075082
2026-09-10,74.09,0.0,0.0,0.0,74.09,93.59,0.0,0.0,0.0,93.59,1.2631934134161156,1.263332948886199
2026-09-11,74.03,0.0,0.0,0.0,74.03,93.48,0.0,0.0,0.0,93.48,1.2627313251384573,1.2632931225701776
2026-09-14,74.0,0.0,0.0,0.0,74.0,93.4,0.0,0.0,0.0,93.4,1.2621621621621621,1.2631663277785783
2026-09-15,73.97,0.0,0.0,0.0,73.97,93.41,0.0,0.0,0.0,93.41,1.2628092469920238,1.2630913131435229
2026-09-16,74.05,0.0,0.0,0.0,74.05,93.43,0.0,0.0,0.0,93.43,1.261715057393653,1.2629890079031163
2026-09-17,74.44,0.0,0.0,0.0,74.44,93.88,0.0,0.0,0.0,93.88,1.261149919398173,1.2628802349788324
2026-09-18,74.19,0.0,0.0,0.0,74.19,93.57,0.0,0.0,0.0,93.57,1.2612211888394662,1.2627193087939759
2026-09-21,74.4,0.0,0.0,0.0,74.4,93.86,0.0,0.0,0.0,93.86,1.2615591397849462,1.2626046712174266
2026-09-22,74.43,0.0,0.0,0.0,74.43,93.86,0.0,0.0,0.0,93.86,1.2610506516189708,1.2624723633728432
2026-09-23,73.73,0.0,0.0,0.0,73.73,93.02,0.0,0.0,0.0,93.02,1.2616302726163027,1.262394242034739
2026-09-24,73.32,0.0,0.0,0.0,73.32,92.53,0.0,0.0,0.0,92.53,1.2620021822149483,1.2623260081068417
2026-09-25,73.34,0.0,0.0,0.0,73.34,92.58,0.0,0.0,0.0,92.58,1.2623397872920643,1.2622460699121814
2026-09-28,72.92,0.0,0.0,0.0,72.92,92.08,0.0,0.0,0.0,92.08,1.262753702687877,1.262242984794251
2026-09-29,72.88,0.0,0.0,0.0,72.88,92.03,0.0,0.0,0.0,92.03,1.2627607025246983,1.262221025240342
2026-09-30,72.78,0.0,0.0,0.0,72.78,91.8,0.0,0.0,0.0,91.8,1.2613355317394888,1.2621426081016163
2026-10-01,72.63,0.0,0.0,0.0,72.63,91.63,0.0,0.0,0.0,91.63,1.261599889852678,1.262099945925798
2026-10-02,72.87,0.0,0.0,0.0,72.87,91.87,0.0,0.0,0.0,91.87,1.2607383010841224,1.262040190302106
