date,XLRE,div_XLRE,div_cumsum_XLRE,div_adj_XLRE,XLRE*,IYR,div_IYR,div_cumsum_IYR,div_adj_IYR,IYR*,ratio*,ratio*_ma
2026-01-02,40.38,0.0,0.0,0.0,40.38,93.99,0.0,0.0,0.0,93.99,2.327637444279346,
2026-01-05,40.43,0.0,0.0,0.0,40.43,94.13,0.0,0.0,0.0,94.13,2.328221617610685,
2026-01-06,40.7,0.0,0.0,0.0,40.7,94.79,0.0,0.0,0.0,94.79,2.328992628992629,
2026-01-07,40.14,0.0,0.0,0.0,40.14,93.78,0.0,0.0,0.0,93.78,2.336322869955157,
2026-01-08,40.44,0.0,0.0,0.0,40.44,94.58,0.0,0.0,0.0,94.58,2.338773491592483,
2026-01-09,40.5,0.0,0.0,0.0,40.5,94.74,0.0,0.0,0.0,94.74,2.339259259259259,
2026-01-12,40.62,0.0,0.0,0.0,40.62,94.89,0.0,0.0,0.0,94.89,2.336041358936485,
2026-01-13,40.93,0.0,0.0,0.0,40.93,95.43,0.0,0.0,0.0,95.43,2.3315416564866847,
2026-01-14,41.39,0.0,0.0,0.0,41.39,96.35,0.0,0.0,0.0,96.35,2.327856970282677,
2026-01-15,41.7,0.0,0.0,0.0,41.7,97.03,0.0,0.0,0.0,97.03,2.3268585131894484,
2026-01-16,42.21,0.0,0.0,0.0,42.21,98.31,0.0,0.0,0.0,98.31,2.3290689410092393,
2026-01-20,41.4,0.0,0.0,0.0,41.4,96.41,0.0,0.0,0.0,96.41,2.328743961352657,
2026-01-21,41.55,0.0,0.0,0.0,41.55,96.65,0.0,0.0,0.0,96.65,2.3261131167268356,
2026-01-22,41.14,0.0,0.0,0.0,41.14,95.76,0.0,0.0,0.0,95.76,2.3276616431696646,
2026-01-23,41.25,0.0,0.0,0.0,41.25,96.04,0.0,0.0,0.0,96.04,2.3282424242424242,
2026-01-26,41.22,0.0,0.0,0.0,41.22,95.94,0.0,0.0,0.0,95.94,2.3275109170305677,
2026-01-27,41.25,0.0,0.0,0.0,41.25,96.03,0.0,0.0,0.0,96.03,2.328,
2026-01-28,40.85,0.0,0.0,0.0,40.85,95.08,0.0,0.0,0.0,95.08,2.3275397796817625,
2026-01-29,41.37,0.0,0.0,0.0,41.37,96.27,0.0,0.0,0.0,96.27,2.3270485859318346,
2026-01-30,41.43,0.0,0.0,0.0,41.43,96.21,0.0,0.0,0.0,96.21,2.3222302679217957,2.3296832723825815
2026-02-02,40.96,0.0,0.0,0.0,40.96,95.23,0.0,0.0,0.0,95.23,2.324951171875,2.329548958762364
2026-02-03,40.81,0.0,0.0,0.0,40.81,95.0,0.0,0.0,0.0,95.0,2.327860818426856,2.3295309188031728
2026-02-04,41.46,0.0,0.0,0.0,41.46,96.36,0.0,0.0,0.0,96.36,2.3241678726483355,2.3292896809859585
2026-02-05,41.23,0.0,0.0,0.0,41.23,96.14,0.0,0.0,0.0,96.14,2.331797235023042,2.3290633992393523
2026-02-06,41.99,0.0,0.0,0.0,41.99,97.66,0.0,0.0,0.0,97.66,2.3257918552036196,2.3284143174199095
2026-02-09,42.25,0.0,0.0,0.0,42.25,98.06,0.0,0.0,0.0,98.06,2.3209467455621304,2.3274986917350526
2026-02-10,42.84,0.0,0.0,0.0,42.84,99.32,0.0,0.0,0.0,99.32,2.318394024276377,2.3266163250020475
2026-02-11,42.8,0.0,0.0,0.0,42.8,98.93,0.0,0.0,0.0,98.93,2.3114485981308412,2.3256116720842552
2026-02-12,42.87,0.0,0.0,0.0,42.87,98.87,0.0,0.0,0.0,98.87,2.3062747842313973,2.3245325627816915
2026-02-13,43.5,0.0,0.0,0.0,43.5,100.22,0.0,0.0,0.0,100.22,2.3039080459770114,2.3233850394210696
2026-02-17,43.94,0.0,0.0,0.0,43.94,101.21,0.0,0.0,0.0,101.21,2.3033682294037323,2.322100003840794
2026-02-18,43.35,0.0,0.0,0.0,43.35,100.01,0.0,0.0,0.0,100.01,2.3070357554786622,2.3210145935470945
2026-02-19,43.2,0.0,0.0,0.0,43.2,99.83,0.0,0.0,0.0,99.83,2.3108796296296292,2.3202529191922343
2026-02-20,43.56,0.0,0.0,0.0,43.56,100.54,0.0,0.0,0.0,100.54,2.308080808080808,2.3192738774377917
2026-02-23,43.61,0.0,0.0,0.0,43.61,100.51,0.0,0.0,0.0,100.51,2.304746617748223,2.3180990871130813
2026-02-24,43.73,0.0,0.0,0.0,43.73,100.76,0.0,0.0,0.0,100.76,2.304139034987423,2.3169304930109242
2026-02-25,43.44,0.0,0.0,0.0,43.44,100.37,0.0,0.0,0.0,100.37,2.310543278084715,2.31605765691516
2026-02-26,43.63,0.0,0.0,0.0,43.63,101.05,0.0,0.0,0.0,101.05,2.3160669264267706,2.31548401425241
2026-02-27,43.84,0.0,0.0,0.0,43.84,101.28,0.0,0.0,0.0,101.28,2.31021897810219,2.3146425338609276
2026-03-02,43.92,0.0,0.0,0.0,43.92,101.54,0.0,0.0,0.0,101.54,2.311930783242259,2.314127559626951
2026-03-03,43.7,0.0,0.0,0.0,43.7,100.96,0.0,0.0,0.0,100.96,2.3102974828375284,2.313394875175077
2026-03-04,43.76,0.0,0.0,0.0,43.76,101.06,0.0,0.0,0.0,101.06,2.3094149908592323,2.3124725837966964
2026-03-05,43.34,0.0,0.0,0.0,43.34,100.18,0.0,0.0,0.0,100.18,2.3114905399169356,2.3118387171601262
2026-03-06,42.89,0.0,0.0,0.0,42.89,99.02,0.0,0.0,0.0,99.02,2.3086966658894847,2.3106836887034485
2026-03-09,42.98,0.0,0.0,0.0,42.98,99.23,0.0,0.0,0.0,99.23,2.308748255002327,2.309831508693384
2026-03-10,42.92,0.0,0.0,0.0,42.92,99.12,0.0,0.0,0.0,99.12,2.309412861136999,2.309254814472127
2026-03-11,42.41,0.0,0.0,0.0,42.41,98.01,0.0,0.0,0.0,98.01,2.3110115538788025,2.3088856909522484
2026-03-12,42.14,0.0,0.0,0.0,42.14,97.32,0.0,0.0,0.0,97.32,2.3094447081158043,2.3087854964514967
2026-03-13,42.25,0.0,0.0,0.0,42.25,97.5,0.0,0.0,0.0,97.5,2.3076923076923075,2.3088563726245424
2026-03-16,42.58,0.0,0.0,0.0,42.58,98.25,0.0,0.0,0.0,98.25,2.307421324565524,2.309032036553968
2026-03-17,42.72,0.0,0.0,0.0,42.72,98.37,0.27537,0.27537,0.27537,98.64537,2.309114466292135,2.309319348398388
2026-03-18,42.02,0.0,0.0,0.0,42.02,96.84,0.0,0.27537,0.27537,97.11537,2.3111701570680627,2.309526068477858
2026-03-19,41.92,0.0,0.0,0.0,41.92,96.47,0.0,0.27537,0.27537,96.74537,2.307857108778626,2.3093749424353076
2026-03-20,40.59,0.0,0.0,0.0,40.59,93.45,0.0,0.27537,0.27537,93.72537,2.3090753880266073,2.3094246714325974
2026-03-23,40.62,0.27106,0.27106,0.0,40.62,94.11,0.0,0.27537,0.0,94.11,2.3168389955686854,2.310029290323621
2026-03-24,40.29,0.0,0.27106,0.0,40.29,93.49,0.0,0.27537,0.0,93.49,2.3204269049391906,2.310843683821209
2026-03-25,40.27,0.0,0.27106,0.0,40.27,93.49,0.0,0.27537,0.0,93.49,2.321579339458654,2.3113954868899063
2026-03-26,40.29,0.0,0.27106,0.0,40.29,93.34,0.0,0.27537,0.0,93.34,2.316703896748573,2.3114273354059964
2026-03-27,40.01,0.0,0.27106,0.0,40.01,92.61,0.0,0.27537,0.0,92.61,2.3146713321669585,2.3116499531092347
2026-03-30,40.21,0.0,0.27106,0.0,40.21,93.06,0.0,0.27537,0.0,93.06,2.3143496642626213,2.311770897160253
2026-03-31,40.83,0.0,0.27106,0.0,40.83,94.56,0.0,0.27537,0.0,94.56,2.3159441587068335,2.312053230953718
2026-04-01,40.95,0.0,0.27106,0.0,40.95,94.88,0.0,0.27537,0.0,94.88,2.3169719169719167,2.312431077259352
2026-04-02,41.61,0.0,0.27106,0.0,41.61,96.25,0.0,0.27537,0.0,96.25,2.3131458783946166,2.3125138441832367
2026-04-06,41.76,0.0,0.27106,0.0,41.76,96.37,0.0,0.27537,0.0,96.37,2.307710727969349,2.3124645472872296
2026-04-07,41.72,0.0,0.27106,0.0,41.72,96.46,0.0,0.27537,0.0,96.46,2.3120805369127515,2.312631161382751
2026-04-08,42.44,0.0,0.27106,0.0,42.44,98.19,0.0,0.27537,0.0,98.19,2.3136192271442035,2.312841479683111
2026-04-09,42.73,0.0,0.27106,0.0,42.73,98.9,0.0,0.27537,0.0,98.9,2.3145331149075594,2.313017557734549
2026-04-10,42.82,0.0,0.27106,0.0,42.82,99.02,0.0,0.27537,0.0,99.02,2.312470808033629,2.31316886273044
2026-04-13,43.02,0.0,0.27106,0.0,43.02,99.45,0.0,0.27537,0.0,99.45,2.311715481171548,2.313370021404402
2026-04-14,43.43,0.0,0.27106,0.0,43.43,100.42,0.0,0.27537,0.0,100.42,2.312226571494359,2.3136102837508443
2026-04-15,43.41,0.0,0.27106,0.0,43.41,100.47,0.0,0.27537,0.0,100.47,2.3144436765722185,2.3138767442648485
2026-04-16,43.81,0.0,0.27106,0.0,43.81,101.36,0.0,0.27537,0.0,101.36,2.3136270257931977,2.313999587701105
2026-04-17,44.48,0.0,0.27106,0.0,44.48,102.98,0.0,0.27537,0.0,102.98,2.315197841726619,2.3143666243485046
2026-04-20,44.64,0.0,0.27106,0.0,44.64,103.23,0.0,0.27537,0.0,103.23,2.3125,2.3145378549471745
2026-04-21,43.78,0.0,0.27106,0.0,43.78,101.45,0.0,0.27537,0.0,101.45,2.317268158976702,2.314559313117575
2026-04-22,43.46,0.0,0.27106,0.0,43.46,100.63,0.0,0.27537,0.0,100.63,2.315462494247584,2.3143110925829946
2026-04-23,43.96,0.0,0.27106,0.0,43.96,101.66,0.0,0.27537,0.0,101.66,2.3125568698817105,2.313859969104148
2026-04-24,43.83,0.0,0.27106,0.0,43.83,101.41,0.0,0.27537,0.0,101.41,2.3137120693588864,2.313710377734663
2026-04-27,43.49,0.0,0.27106,0.0,43.49,100.83,0.0,0.27537,0.0,100.83,2.3184640147160267,2.313900011862117
2026-04-28,43.91,0.0,0.27106,0.0,43.91,101.74,0.0,0.27537,0.0,101.74,2.3170120701434755,2.314033132156159
2026-04-29,43.64,0.0,0.27106,0.0,43.64,100.9,0.0,0.27537,0.0,100.9,2.3120989917506876,2.313840873808352
2026-04-30,44.4,0.0,0.27106,0.0,44.4,102.63,0.0,0.27537,0.0,102.63,2.3114864864864866,2.3135666022840806
2026-05-01,44.32,0.0,0.27106,0.0,44.32,102.36,0.0,0.27537,0.0,102.36,2.30956678700361,2.31338764771453
2026-05-04,44.08,0.0,0.27106,0.0,44.08,101.63,0.0,0.27537,0.0,101.63,2.305580762250454,2.313281149428586
2026-05-05,44.17,0.0,0.27106,0.0,44.17,101.94,0.0,0.27537,0.0,101.94,2.3079012904686436,2.31307218710638
2026-05-06,44.74,0.0,0.27106,0.0,44.74,103.28,0.0,0.27537,0.0,103.28,2.308448815377738,2.3128136665180565
2026-05-07,44.4,0.0,0.27106,0.0,44.4,102.56,0.0,0.27537,0.0,102.56,2.30990990990991,2.3125825062681744
2026-05-08,44.41,0.0,0.27106,0.0,44.41,102.77,0.0,0.27537,0.0,102.77,2.314118441792389,2.3126648879561125
2026-05-11,44.57,0.0,0.27106,0.0,44.57,102.84,0.0,0.27537,0.0,102.84,2.3073816468476553,2.3124481962399175
2026-05-12,44.58,0.0,0.27106,0.0,44.58,102.85,0.0,0.27537,0.0,102.85,2.307088380439659,2.3121912866871823
2026-05-13,44.21,0.0,0.27106,0.0,44.21,102.01,0.0,0.27537,0.0,102.01,2.307396516625198,2.3118389286898315
2026-05-14,43.91,0.0,0.27106,0.0,43.91,101.33,0.0,0.27537,0.0,101.33,2.307674789341836,2.3115413168672636
2026-05-15,43.23,0.0,0.27106,0.0,43.23,99.8,0.0,0.27537,0.0,99.8,2.308582003238492,2.311210524942857
2026-05-18,43.75,0.0,0.27106,0.0,43.75,100.91,0.0,0.27537,0.0,100.91,2.3065142857142855,2.310911239228571
2026-05-19,43.94,0.0,0.27106,0.0,43.94,101.26,0.0,0.27537,0.0,101.26,2.3045061447428314,2.3102731385168775
2026-05-20,44.43,0.0,0.27106,0.0,44.43,102.41,0.0,0.27537,0.0,102.41,2.304974116587891,2.3097487196338933
2026-05-21,44.5,0.0,0.27106,0.0,44.5,102.56,0.0,0.27537,0.0,102.56,2.3047191011235957,2.3093568311959873
2026-05-22,44.56,0.0,0.27106,0.0,44.56,102.72,0.0,0.27537,0.0,102.72,2.3052064631956912,2.3089315508878276
2026-05-26,44.71,0.0,0.27106,0.0,44.71,103.12,0.0,0.27537,0.0,103.12,2.3064191456050103,2.3083293074322766
2026-05-27,44.63,0.0,0.27106,0.0,44.63,102.79,0.0,0.27537,0.0,102.79,2.303159309881246,2.3076366694191655
2026-05-28,44.41,0.0,0.27106,0.0,44.41,102.31,0.0,0.27537,0.0,102.31,2.3037604143210992,2.307219740547686
2026-05-29,43.99,0.0,0.27106,0.0,43.99,101.43,0.0,0.27537,0.0,101.43,2.3057513071152536,2.3069329815791244
2026-06-01,43.27,0.0,0.27106,0.0,43.27,99.6,0.0,0.27537,0.0,99.6,2.301825745320083,2.306545929494948
2026-06-02,43.49,0.0,0.27106,0.0,43.49,99.99,0.0,0.27537,0.0,99.99,2.2991492297079787,2.306224352867824
2026-06-03,43.51,0.0,0.27106,0.0,43.51,100.0,0.0,0.27537,0.0,100.0,2.2983222247759136,2.305745399583188
2026-06-04,44.4,0.0,0.27106,0.0,44.4,101.79,0.0,0.27537,0.0,101.79,2.2925675675675676,2.304951337192679
2026-06-05,44.7,0.0,0.27106,0.0,44.7,102.54,0.0,0.27537,0.0,102.54,2.293959731543624,2.304153828274365
2026-06-08,44.03,0.0,0.27106,0.0,44.03,101.08,0.0,0.27537,0.0,101.08,2.2957074721780604,2.3032332797936483
2026-06-09,44.97,0.0,0.27106,0.0,44.97,103.49,0.0,0.27537,0.0,103.49,2.3013119857682898,2.3029297967396802
2026-06-10,44.99,0.0,0.27106,0.0,44.99,103.52,0.0,0.27537,0.0,103.52,2.300955767948433,2.302623166115119
2026-06-11,44.92,0.0,0.27106,0.0,44.92,103.45,0.0,0.27537,0.0,103.45,2.3029830810329472,2.3024024943355066
2026-06-12,45.36,0.0,0.27106,0.0,45.36,104.37,0.0,0.27537,0.0,104.37,2.300925925925926,2.302065051164711
2026-06-15,44.99,0.0,0.27106,0.0,44.99,103.08,0.51001,0.78538,0.51001,103.59000999999999,2.3025118915314513,2.301761545579359
2026-06-16,45.1,0.0,0.27106,0.0,45.1,103.34,0.0,0.78538,0.51001,103.85001,2.302660975609756,2.3015688800741327
2026-06-17,43.97,0.0,0.27106,0.0,43.97,100.62,0.0,0.78538,0.51001,101.13001,2.299977484648624,2.3013424470694224
2026-06-18,43.86,0.0,0.27106,0.0,43.86,100.45,0.0,0.78538,0.51001,100.96001,2.301869813041496,2.301187231892102
2026-06-22,44.02,0.38115,0.65221,0.0,44.02,101.61,0.0,0.78538,0.0,101.61,2.308268968650613,2.3013647252684533
2026-06-23,44.64,0.0,0.65221,0.0,44.64,102.99,0.0,0.78538,0.0,102.99,2.3071236559139785,2.3014605849043677
2026-06-24,44.51,0.0,0.65221,0.0,44.51,102.85,0.0,0.78538,0.0,102.85,2.310716692878005,2.3016754622680176
2026-06-25,44.59,0.0,0.65221,0.0,44.59,103.1,0.0,0.78538,0.0,103.1,2.312177618300067,2.3021263776889582
2026-06-26,45.24,0.0,0.65221,0.0,45.24,104.64,0.0,0.78538,0.0,104.64,2.312997347480106,2.3025882243469082
2026-06-29,44.92,0.0,0.65221,0.0,44.92,104.09,0.0,0.78538,0.0,104.09,2.3172306322350846,2.3031621906029
2026-06-30,44.03,0.0,0.65221,0.0,44.03,102.25,0.0,0.78538,0.0,102.25,2.322280263456734,2.304184916509733
2026-07-01,44.18,0.0,0.65221,0.0,44.18,102.71,0.0,0.78538,0.0,102.71,2.324807605251245,2.3054678352868962
2026-07-02,44.68,0.0,0.65221,0.0,44.68,104.01,0.0,0.78538,0.0,104.01,2.3278871978513878,2.30694608394067
2026-07-06,44.29,0.0,0.65221,0.0,44.29,103.23,0.0,0.78538,0.0,103.23,2.3307744411831113,2.308856427621447
2026-07-07,44.89,0.0,0.65221,0.0,44.89,104.51,0.0,0.78538,0.0,104.51,2.328135442192025,2.3105652131538674
2026-07-08,44.15,0.0,0.65221,0.0,44.15,102.79,0.0,0.78538,0.0,102.79,2.3281993204983014,2.3121898055698793
2026-07-09,44.23,0.0,0.65221,0.0,44.23,103.0,0.0,0.78538,0.0,103.0,2.3287361519330774,2.3135610138781186
2026-07-10,44.45,0.0,0.65221,0.0,44.45,103.32,0.0,0.78538,0.0,103.32,2.3244094488188973,2.3147336979216417
2026-07-13,44.7,0.0,0.65221,0.0,44.7,103.91,0.0,0.78538,0.0,103.91,2.324608501118568,2.315814968925923
2026-07-14,44.48,0.0,0.65221,0.0,44.48,103.59,0.0,0.78538,0.0,103.59,2.3289118705035974,2.3172142661548065
2026-07-15,44.56,0.0,0.65221,0.0,44.56,103.83,0.0,0.78538,0.0,103.83,2.3301166965888687,2.318594506407677
2026-07-16,45.46,0.0,0.65221,0.0,45.46,106.25,0.0,0.78538,0.0,106.25,2.3372195336559614,2.320322434309987
2026-07-17,45.42,0.0,0.65221,0.0,45.42,106.09,0.0,0.78538,0.0,106.09,2.3357551739321885,2.3221113187741658
2026-07-20,45.23,0.0,0.65221,0.0,45.23,105.55,0.0,0.78538,0.0,105.55,2.333628122927261,2.323699234268454
2026-07-21,45.2,0.0,0.65221,0.0,45.2,105.52,0.0,0.78538,0.0,105.52,2.334513274336283,2.325011449552737
2026-07-22,45.01,0.0,0.65221,0.0,45.01,104.95,0.0,0.78538,0.0,104.95,2.331704065763164,2.326240470045197
2026-07-23,44.95,0.0,0.65221,0.0,44.95,104.71,0.0,0.78538,0.0,104.71,2.3294771968854278,2.3271784952455676
2026-07-24,45.95,0.0,0.65221,0.0,45.95,107.0,0.0,0.78538,0.0,107.0,2.3286180631120783,2.3280005174861684
2026-07-27,45.76,0.0,0.65221,0.0,45.76,106.64,0.0,0.78538,0.0,106.64,2.3304195804195804,2.3288716291331424
2026-07-28,46.01,0.0,0.65221,0.0,46.01,107.26,0.0,0.78538,0.0,107.26,2.3312323407954794,2.329571714561162
2026-07-29,45.96,0.0,0.65221,0.0,45.96,107.01,0.0,0.78538,0.0,107.01,2.3283289817232378,2.3298741504744873
2026-07-30,45.3,0.0,0.65221,0.0,45.3,105.67,0.0,0.78538,0.0,105.67,2.3326710816777045,2.33026732429581
2026-07-31,45.07,0.0,0.65221,0.0,45.07,105.09,0.0,0.78538,0.0,105.09,2.3317062347459507,2.330458276140538
2026-08-03,45.18,0.0,0.65221,0.0,45.18,105.23,0.0,0.78538,0.0,105.23,2.32912793271359,2.330375950717062
2026-08-04,45.17,0.0,0.65221,0.0,45.17,105.12,0.0,0.78538,0.0,105.12,2.3272083241089216,2.330329594812907
2026-08-05,45.2,0.0,0.65221,0.0,45.2,105.14,0.0,0.78538,0.0,105.14,2.3261061946902655,2.330224938522505
2026-08-06,44.81,0.0,0.65221,0.0,44.81,104.19,0.0,0.78538,0.0,104.19,2.3251506360187455,2.3300456627267883
2026-08-07,44.98,0.0,0.65221,0.0,44.98,104.69,0.0,0.78538,0.0,104.69,2.327478879502001,2.3301991342609436
2026-08-10,44.4,0.0,0.65221,0.0,44.4,103.35,0.0,0.78538,0.0,103.35,2.3277027027027026,2.3303538443401504
2026-08-11,44.08,0.0,0.65221,0.0,44.08,102.57,0.0,0.78538,0.0,102.57,2.3269056261343013,2.3302535321216853
2026-08-12,44.49,0.0,0.65221,0.0,44.49,103.51,0.0,0.78538,0.0,103.51,2.3265902449988762,2.330077209542186
2026-08-13,45.12,0.0,0.65221,0.0,45.12,104.89,0.0,0.78538,0.0,104.89,2.324689716312057,2.3294507186749907
2026-08-14,45.27,0.0,0.65221,0.0,45.27,105.06,0.0,0.78538,0.0,105.06,2.3207422133863487,2.328700070647699
2026-08-17,44.83,0.0,0.65221,0.0,44.83,104.15,0.0,0.78538,0.0,104.15,2.3232210573276824,2.32817971736772
2026-08-18,44.63,0.0,0.65221,0.0,44.63,103.76,0.0,0.78538,0.0,103.76,2.324893569347972,2.3276987321183045
2026-08-19,44.99,0.0,0.65221,0.0,44.99,104.79,0.0,0.78538,0.0,104.79,2.3291842631695934,2.327572741988626
2026-08-20,45.08,0.0,0.65221,0.0,45.08,104.78,0.0,0.78538,0.0,104.78,2.324312333629104,2.3273144988258094
2026-08-21,45.08,0.0,0.65221,0.0,45.08,104.73,0.0,0.78538,0.0,104.73,2.323203194321207,2.327043755386266
2026-08-24,45.33,0.0,0.65221,0.0,45.33,105.39,0.0,0.78538,0.0,105.39,2.324950363997353,2.3267702945651547
2026-08-25,45.36,0.0,0.65221,0.0,45.36,105.46,0.0,0.78538,0.0,105.46,2.3249559082892417,2.3264564729398427
2026-08-26,45.09,0.0,0.65221,0.0,45.09,104.74,0.0,0.78538,0.0,104.74,2.3229097360833886,2.32618551065785
2026-08-27,44.66,0.0,0.65221,0.0,44.66,103.79,0.0,0.78538,0.0,103.79,2.3240035826242726,2.3257521357051787
2026-08-28,44.48,0.0,0.65221,0.0,44.48,103.43,0.0,0.78538,0.0,103.43,2.325314748201439,2.325432561377953
2026-08-31,44.11,0.0,0.65221,0.0,44.11,102.63,0.0,0.78538,0.0,102.63,2.3266832917705735,2.325310329330802
2026-09-01,44.04,0.0,0.65221,0.0,44.04,102.45,0.0,0.78538,0.0,102.45,2.3262942779291556,2.325264627021814
2026-09-02,43.73,0.0,0.65221,0.0,43.73,101.84,0.0,0.78538,0.0,101.84,2.3288360393322662,2.325401119253914
2026-09-03,44.25,0.0,0.65221,0.0,44.25,102.88,0.0,0.78538,0.0,102.88,2.3249717514124293,2.325392175023598
2026-09-04,43.93,0.0,0.65221,0.0,43.93,102.14,0.0,0.78538,0.0,102.14,2.3250625995902574,2.325271361028011
2026-09-08,43.9,0.0,0.65221,0.0,43.9,102.05,0.0,0.78538,0.0,102.05,2.3246013667425967,2.3251162942300057
2026-09-09,43.41,0.0,0.65221,0.0,43.41,100.91,0.0,0.78538,0.0,100.91,2.3245795899562314,2.3249999924211027
2026-09-10,43.05,0.0,0.65221,0.0,43.05,99.97,0.0,0.78538,0.0,99.97,2.3221835075493615,2.324779655548627
2026-09-11,43.42,0.0,0.65221,0.0,43.42,100.75,0.0,0.78538,0.0,100.75,2.3203592814371254,2.32456313380488
2026-09-14,43.12,0.0,0.65221,0.0,43.12,100.28,0.0,0.78538,0.0,100.28,2.3256029684601116,2.324806171558568
2026-09-15,43.07,0.0,0.65221,0.0,43.07,99.31,0.738187,1.523567,0.738187,100.048187,2.3229205247271882,2.3247911449285437
2026-09-16,42.81,0.0,0.65221,0.0,42.81,98.65,0.0,1.523567,0.738187,99.388187,2.3216114692828778,2.324627039925289
2026-09-17,42.94,0.0,0.65221,0.0,42.94,98.94,0.0,1.523567,0.738187,99.678187,2.3213364462040054,2.324234649077009
2026-09-18,42.53,0.0,0.65221,0.0,42.53,98.0,0.0,1.523567,0.738187,98.738187,2.3216126734070066,2.3240996660659046
2026-09-21,42.59,0.354737,1.006947,0.0,42.59,98.9,0.0,1.523567,0.0,98.9,2.3221413477342097,2.3240465737365548
2026-09-22,42.5,0.0,1.006947,0.0,42.5,98.68,0.0,1.523567,0.0,98.68,2.3218823529411767,2.3238931731837456
2026-09-23,41.84,0.0,1.006947,0.0,41.84,97.24,0.0,1.523567,0.0,97.24,2.3240917782026767,2.3238499666794175
2026-09-24,41.65,0.0,1.006947,0.0,41.65,96.81,0.0,1.523567,0.0,96.81,2.32436974789916,2.323922967270206
2026-09-25,41.56,0.0,1.006947,0.0,41.56,96.63,0.0,1.523567,0.0,96.63,2.32507218479307,2.323976397378646
2026-09-28,41.35,0.0,1.006947,0.0,41.35,96.16,0.0,1.523567,0.0,96.16,2.325513905683192,2.3239863552527336
2026-09-29,41.34,0.0,1.006947,0.0,41.34,96.12,0.0,1.523567,0.0,96.12,2.32510885341074,2.323907633334742
2026-09-30,40.91,0.0,1.006947,0.0,40.91,95.04,0.0,1.523567,0.0,95.04,2.3231483744805677,2.3237503381623124
2026-10-01,40.68,0.0,1.006947,0.0,40.68,94.47,0.0,1.523567,0.0,94.47,2.3222713864306783,2.323422105517233
2026-10-02,40.89,0.0,1.006947,0.0,40.89,94.95,0.0,1.523567,0.0,94.95,2.3220836390315482,2.323277699898189
