date,BATRK,div_BATRK,div_cumsum_BATRK,div_adj_BATRK,BATRK*,BATRA,div_BATRA,div_cumsum_BATRA,div_adj_BATRA,BATRA*,ratio*,ratio*_ma
2026-01-02,39.86,0.0,0.0,0.0,39.86,42.95,0.0,0.0,0.0,42.95,1.077521324636227,
2026-01-05,39.41,0.0,0.0,0.0,39.41,42.66,0.0,0.0,0.0,42.66,1.0824663790916011,
2026-01-06,39.43,0.0,0.0,0.0,39.43,42.65,0.0,0.0,0.0,42.65,1.0816637078366726,
2026-01-07,39.4,0.0,0.0,0.0,39.4,42.55,0.0,0.0,0.0,42.55,1.0799492385786802,
2026-01-08,40.27,0.0,0.0,0.0,40.27,43.3,0.0,0.0,0.0,43.3,1.0752421157188974,
2026-01-09,40.09,0.0,0.0,0.0,40.09,43.02,0.0,0.0,0.0,43.02,1.0730855574956348,
2026-01-12,40.15,0.0,0.0,0.0,40.15,43.05,0.0,0.0,0.0,43.05,1.0722291407222915,
2026-01-13,40.12,0.0,0.0,0.0,40.12,43.0,0.0,0.0,0.0,43.0,1.0717846460618146,
2026-01-14,40.29,0.0,0.0,0.0,40.29,43.34,0.0,0.0,0.0,43.34,1.0757011665425664,
2026-01-15,40.13,0.0,0.0,0.0,40.13,43.19,0.0,0.0,0.0,43.19,1.0762521804136556,
2026-01-16,40.07,0.0,0.0,0.0,40.07,43.27,0.0,0.0,0.0,43.27,1.0798602445719991,
2026-01-20,39.39,0.0,0.0,0.0,39.39,42.47,0.0,0.0,0.0,42.47,1.0781924346280782,
2026-01-21,39.16,0.0,0.0,0.0,39.16,42.52,0.0,0.0,0.0,42.52,1.0858018386108275,
2026-01-22,39.59,0.0,0.0,0.0,39.59,42.75,0.0,0.0,0.0,42.75,1.0798181358929022,
2026-01-23,39.59,0.0,0.0,0.0,39.59,42.71,0.0,0.0,0.0,42.71,1.0788077797423592,
2026-01-26,39.36,0.0,0.0,0.0,39.36,42.83,0.0,0.0,0.0,42.83,1.088160569105691,
2026-01-27,39.65,0.0,0.0,0.0,39.65,43.21,0.0,0.0,0.0,43.21,1.0897856242118538,
2026-01-28,39.48,0.0,0.0,0.0,39.48,43.55,0.0,0.0,0.0,43.55,1.1030901722391084,
2026-01-29,40.03,0.0,0.0,0.0,40.03,43.99,0.0,0.0,0.0,43.99,1.0989258056457656,
2026-01-30,39.93,0.0,0.0,0.0,39.93,44.02,0.0,0.0,0.0,44.02,1.102429251189582,1.0825383656468104
2026-02-02,40.1,0.0,0.0,0.0,40.1,44.28,0.0,0.0,0.0,44.28,1.1042394014962593,1.083874269489812
2026-02-03,39.59,0.0,0.0,0.0,39.59,43.79,0.0,0.0,0.0,43.79,1.1060873958070219,1.085055320325583
2026-02-04,39.76,0.0,0.0,0.0,39.76,44.06,0.0,0.0,0.0,44.06,1.108148893360161,1.0863795796017575
2026-02-05,39.32,0.0,0.0,0.0,39.32,43.75,0.0,0.0,0.0,43.75,1.1126653102746693,1.0880153831865569
2026-02-06,39.13,0.0,0.0,0.0,39.13,43.42,0.0,0.0,0.0,43.42,1.1096345514950166,1.089735004975363
2026-02-09,39.7,0.0,0.0,0.0,39.7,44.0,0.0,0.0,0.0,44.0,1.1083123425692694,1.0914963442290446
2026-02-10,41.15,0.0,0.0,0.0,41.15,45.57,0.0,0.0,0.0,45.57,1.1074119076549211,1.093255482575676
2026-02-11,41.13,0.0,0.0,0.0,41.13,45.52,0.0,0.0,0.0,45.52,1.1067347434962316,1.095002987447397
2026-02-12,41.46,0.0,0.0,0.0,41.46,45.77,0.0,0.0,0.0,45.77,1.103955619874578,1.0964157101139975
2026-02-13,43.18,0.0,0.0,0.0,43.18,47.65,0.0,0.0,0.0,47.65,1.103520148216767,1.097779108504153
2026-02-17,43.3,0.0,0.0,0.0,43.3,47.86,0.0,0.0,0.0,47.86,1.1053117782909931,1.0990516851901027
2026-02-18,43.44,0.0,0.0,0.0,43.44,47.94,0.0,0.0,0.0,47.94,1.1035911602209945,1.1003216214697487
2026-02-19,42.89,0.0,0.0,0.0,42.89,47.19,0.0,0.0,0.0,47.19,1.1002564700396362,1.101044353041189
2026-02-20,43.13,0.0,0.0,0.0,43.13,47.78,0.0,0.0,0.0,47.78,1.1078135868305123,1.1024441255880695
2026-02-23,42.77,0.0,0.0,0.0,42.77,46.84,0.0,0.0,0.0,46.84,1.0951601589899462,1.103261744550449
2026-02-24,43.13,0.0,0.0,0.0,43.13,47.45,0.0,0.0,0.0,47.45,1.1001623000231857,1.1038618310963237
2026-02-25,43.83,0.0,0.0,0.0,43.83,48.75,0.0,0.0,0.0,48.75,1.1122518822724161,1.1049851439993517
2026-02-26,43.98,0.0,0.0,0.0,43.98,48.76,0.0,0.0,0.0,48.76,1.1086857662573897,1.1052649237002659
2026-02-27,43.71,0.0,0.0,0.0,43.71,48.41,0.0,0.0,0.0,48.41,1.10752688172043,1.105694977503999
2026-03-02,43.75,0.0,0.0,0.0,43.75,48.41,0.0,0.0,0.0,48.41,1.1065142857142856,1.1058992292302343
2026-03-03,43.61,0.0,0.0,0.0,43.61,48.35,0.0,0.0,0.0,48.35,1.1086906672781474,1.1061217925193287
2026-03-04,43.88,0.0,0.0,0.0,43.88,48.72,0.0,0.0,0.0,48.72,1.1103008204193254,1.1063324637499439
2026-03-05,43.98,0.0,0.0,0.0,43.98,48.71,0.0,0.0,0.0,48.71,1.107548885857208,1.1063024633747962
2026-03-06,43.74,0.0,0.0,0.0,43.74,48.46,0.0,0.0,0.0,48.46,1.1079103795153178,1.1060647168368285
2026-03-09,43.99,0.0,0.0,0.0,43.99,48.84,0.0,0.0,0.0,48.84,1.1102523300750171,1.1060956057658287
2026-03-10,43.36,0.0,0.0,0.0,43.36,47.74,0.0,0.0,0.0,47.74,1.1010147601476015,1.1057307266447451
2026-03-11,42.96,0.0,0.0,0.0,42.96,47.46,0.0,0.0,0.0,47.46,1.1047486033519553,1.105597561429597
2026-03-12,42.93,0.0,0.0,0.0,42.93,47.32,0.0,0.0,0.0,47.32,1.1022594921965991,1.105373798864615
2026-03-13,43.09,0.0,0.0,0.0,43.09,47.61,0.0,0.0,0.0,47.61,1.104896727779067,1.1054208542598398
2026-03-16,43.44,0.0,0.0,0.0,43.44,48.21,0.0,0.0,0.0,48.21,1.1098066298342542,1.1057351783407143
2026-03-17,43.75,0.0,0.0,0.0,43.75,48.07,0.0,0.0,0.0,48.07,1.0987428571428572,1.1054067322833074
2026-03-18,42.91,0.0,0.0,0.0,42.91,47.11,0.0,0.0,0.0,47.11,1.0978792822185972,1.1051211383831874
2026-03-19,42.46,0.0,0.0,0.0,42.46,46.87,0.0,0.0,0.0,46.87,1.1038624587847385,1.1053014378204424
2026-03-20,41.48,0.0,0.0,0.0,41.48,46.03,0.0,0.0,0.0,46.03,1.109691417550627,1.1053953293564482
2026-03-23,41.97,0.0,0.0,0.0,41.97,46.48,0.0,0.0,0.0,46.48,1.1074577078865857,1.1060102068012803
2026-03-24,42.35,0.0,0.0,0.0,42.35,47.15,0.0,0.0,0.0,47.15,1.113341204250295,1.1066691520126357
2026-03-25,42.54,0.0,0.0,0.0,42.54,47.39,0.0,0.0,0.0,47.39,1.114010343206394,1.1067570750593345
2026-03-26,42.16,0.0,0.0,0.0,42.16,46.68,0.0,0.0,0.0,46.68,1.1072106261859584,1.106683318055763
2026-03-27,41.53,0.0,0.0,0.0,41.53,46.19,0.0,0.0,0.0,46.19,1.112208042379003,1.1069173760886917
2026-03-30,42.01,0.0,0.0,0.0,42.01,46.71,0.0,0.0,0.0,46.71,1.1118781242561295,1.107185568015784
2026-03-31,42.7,0.0,0.0,0.0,42.7,47.15,0.0,0.0,0.0,47.15,1.1042154566744729,1.1069618074856
2026-04-01,42.4,0.0,0.0,0.0,42.4,46.97,0.0,0.0,0.0,46.97,1.1077830188679245,1.1068359174080302
2026-04-02,43.89,0.0,0.0,0.0,43.89,48.65,0.0,0.0,0.0,48.65,1.1084529505582137,1.1068811206430804
2026-04-06,43.91,0.0,0.0,0.0,43.91,48.75,0.0,0.0,0.0,48.75,1.1102254611705762,1.1069968747258434
2026-04-07,43.9,0.0,0.0,0.0,43.9,48.58,0.0,0.0,0.0,48.58,1.1066059225512528,1.1068145543496553
2026-04-08,44.11,0.0,0.0,0.0,44.11,48.98,0.0,0.0,0.0,48.98,1.1104058036726365,1.1072841065259067
2026-04-09,44.26,0.0,0.0,0.0,44.26,49.08,0.0,0.0,0.0,49.08,1.1089019430637144,1.1074917735114949
2026-04-10,44.18,0.0,0.0,0.0,44.18,49.1,0.0,0.0,0.0,49.1,1.1113626075147125,1.1079469292774005
2026-04-13,44.31,0.0,0.0,0.0,44.31,49.28,0.0,0.0,0.0,49.28,1.1121642969984202,1.1083103077383682
2026-04-14,45.24,0.0,0.0,0.0,45.24,49.78,0.0,0.0,0.0,49.78,1.1003536693191864,1.1078376597126147
2026-04-15,45.21,0.0,0.0,0.0,45.21,50.01,0.0,0.0,0.0,50.01,1.106171201061712,1.1082090769085575
2026-04-16,45.31,0.0,0.0,0.0,45.31,50.3,0.0,0.0,0.0,50.3,1.1101302140807767,1.1088216235016666
2026-04-17,47.63,0.0,0.0,0.0,47.63,52.82,0.0,0.0,0.0,52.82,1.1089649380642452,1.1090767474656418
2026-04-20,48.91,0.0,0.0,0.0,48.91,54.13,0.0,0.0,0.0,54.13,1.106726640768759,1.1089285086265483
2026-04-21,48.31,0.0,0.0,0.0,48.31,53.63,0.0,0.0,0.0,53.63,1.1101221279238254,1.1090617296284104
2026-04-22,48.77,0.0,0.0,0.0,48.77,53.84,0.0,0.0,0.0,53.84,1.1039573508304286,1.1085925369574172
2026-04-23,48.37,0.0,0.0,0.0,48.37,53.11,0.0,0.0,0.0,53.11,1.097994624767418,1.1077917510354682
2026-04-24,49.72,0.0,0.0,0.0,49.72,53.66,0.0,0.0,0.0,53.66,1.079243765084473,1.106393407980394
2026-04-27,49.62,0.0,0.0,0.0,49.62,53.53,0.0,0.0,0.0,53.53,1.0787988714228134,1.1047229494325843
2026-04-28,49.71,0.0,0.0,0.0,49.71,53.46,0.0,0.0,0.0,53.46,1.0754375377187688,1.1029009201057165
2026-04-29,48.89,0.0,0.0,0.0,48.89,52.28,0.0,0.0,0.0,52.28,1.0693393331969727,1.1011571139318417
2026-04-30,49.41,0.0,0.0,0.0,49.41,52.92,0.0,0.0,0.0,52.92,1.0710382513661203,1.0993198755567513
2026-05-01,50.07,0.0,0.0,0.0,50.07,54.14,0.0,0.0,0.0,54.14,1.0812861993209506,1.097961537994888
2026-05-04,49.45,0.0,0.0,0.0,49.45,53.14,0.0,0.0,0.0,53.14,1.0746208291203234,1.0961813063923755
2026-05-05,49.41,0.0,0.0,0.0,49.41,53.27,0.0,0.0,0.0,53.27,1.0781218376846793,1.0947571021490468
2026-05-06,51.09,0.0,0.0,0.0,51.09,55.24,0.0,0.0,0.0,55.24,1.081229203366608,1.0932982721337454
2026-05-07,51.18,0.0,0.0,0.0,51.18,55.34,0.0,0.0,0.0,55.34,1.081281750683861,1.0919172625147526
2026-05-08,50.67,0.0,0.0,0.0,50.67,54.87,0.0,0.0,0.0,54.87,1.082889283599763,1.0904935963190052
2026-05-11,50.22,0.0,0.0,0.0,50.22,54.34,0.0,0.0,0.0,54.34,1.0820390282755874,1.0889873328828634
2026-05-12,49.52,0.0,0.0,0.0,49.52,54.22,0.0,0.0,0.0,54.22,1.0949111470113084,1.08871520676747
2026-05-13,50.78,0.0,0.0,0.0,50.78,54.4,0.0,0.0,0.0,54.4,1.071287908625443,1.0869710421456564
2026-05-14,50.88,0.0,0.0,0.0,50.88,54.48,0.0,0.0,0.0,54.48,1.070754716981132,1.085002267290674
2026-05-15,50.4,0.0,0.0,0.0,50.4,53.95,0.0,0.0,0.0,53.95,1.0704365079365081,1.0830758457842873
2026-05-18,51.12,0.0,0.0,0.0,51.12,54.55,0.0,0.0,0.0,54.55,1.067097026604069,1.0810943650760527
2026-05-19,50.5,0.0,0.0,0.0,50.5,53.93,0.0,0.0,0.0,53.93,1.067920792079208,1.0789842982838216
2026-05-20,50.23,0.0,0.0,0.0,50.23,53.7,0.0,0.0,0.0,53.7,1.069082221779813,1.0772405418312911
2026-05-21,50.01,0.0,0.0,0.0,50.01,53.49,0.0,0.0,0.0,53.49,1.0695860827834434,1.0758201147320923
2026-05-22,49.5,0.0,0.0,0.0,49.5,53.1,0.0,0.0,0.0,53.1,1.0727272727272728,1.0754942901142324
2026-05-26,49.48,0.0,0.0,0.0,49.48,53.49,0.0,0.0,0.0,53.49,1.0810428455941796,1.0756064888228005
2026-05-27,49.92,0.0,0.0,0.0,49.92,53.92,0.0,0.0,0.0,53.92,1.080128205128205,1.0758410221932724
2026-05-28,50.05,0.0,0.0,0.0,50.05,53.88,0.0,0.0,0.0,53.88,1.0765234765234766,1.0762002293595976
2026-05-29,49.6,0.0,0.0,0.0,49.6,53.6,0.0,0.0,0.0,53.6,1.0806451612903225,1.0766805748558077
2026-06-01,49.54,0.0,0.0,0.0,49.54,53.24,0.0,0.0,0.0,53.24,1.0746871215179654,1.0763506209656586
2026-06-02,49.34,0.0,0.0,0.0,49.34,53.36,0.0,0.0,0.0,53.36,1.0814754762869883,1.0766933533239917
2026-06-03,48.38,0.0,0.0,0.0,48.38,52.46,0.0,0.0,0.0,52.46,1.0843323687474162,1.0770038798771284
2026-06-04,49.28,0.0,0.0,0.0,49.28,53.41,0.0,0.0,0.0,53.41,1.0838068181818181,1.0771327606178889
2026-06-05,49.59,0.0,0.0,0.0,49.59,53.9,0.0,0.0,0.0,53.9,1.0869126840088728,1.0774143072841398
2026-06-08,49.48,0.0,0.0,0.0,49.48,53.61,0.0,0.0,0.0,53.61,1.0834680679062247,1.0774432464994628
2026-06-09,49.84,0.0,0.0,0.0,49.84,53.69,0.0,0.0,0.0,53.69,1.0772471910112358,1.0772036546362451
2026-06-10,50.67,0.0,0.0,0.0,50.67,54.76,0.0,0.0,0.0,54.76,1.0807183737911978,1.0764940159752396
2026-06-11,51.5,0.0,0.0,0.0,51.5,55.57,0.0,0.0,0.0,55.57,1.0790291262135923,1.076881076854647
2026-06-12,50.72,0.0,0.0,0.0,50.72,54.79,0.0,0.0,0.0,54.79,1.0802444794952681,1.077355564980354
2026-06-15,50.82,0.0,0.0,0.0,50.82,55.01,0.0,0.0,0.0,55.01,1.0824478551751278,1.0779561323422846
2026-06-16,51.54,0.0,0.0,0.0,51.54,55.24,0.0,0.0,0.0,55.24,1.0717889018238262,1.0781907261032728
2026-06-17,51.1,0.0,0.0,0.0,51.1,55.13,0.0,0.0,0.0,55.13,1.0788649706457927,1.0787379350316022
2026-06-18,50.38,0.0,0.0,0.0,50.38,54.5,0.0,0.0,0.0,54.5,1.0817784835252084,1.0793727481188715
2026-06-22,50.89,0.0,0.0,0.0,50.89,55.29,0.0,0.0,0.0,55.29,1.0864609943014345,1.0802164936947714
2026-06-23,51.61,0.0,0.0,0.0,51.61,55.81,0.0,0.0,0.0,55.81,1.08137957760124,1.0806491089384695
2026-06-24,51.66,0.0,0.0,0.0,51.66,56.16,0.0,0.0,0.0,56.16,1.0871080139372822,1.0809523673556247
2026-06-25,50.78,0.0,0.0,0.0,50.78,55.62,0.0,0.0,0.0,55.62,1.0953131153997635,1.0817116128692026
2026-06-26,51.96,0.0,0.0,0.0,51.96,56.51,0.0,0.0,0.0,56.51,1.0875673595073132,1.0822638070183945
2026-06-29,51.38,0.0,0.0,0.0,51.38,56.47,0.0,0.0,0.0,56.47,1.0990657843518878,1.0831848381714728
2026-06-30,51.9,0.0,0.0,0.0,51.9,56.31,0.0,0.0,0.0,56.31,1.084971098265896,1.0836990370088693
2026-07-01,51.65,0.0,0.0,0.0,51.65,56.97,0.0,0.0,0.0,56.97,1.103000968054211,1.0847753115972305
2026-07-02,52.77,0.0,0.0,0.0,52.77,57.61,0.0,0.0,0.0,57.61,1.0917187796096266,1.085144632140341
2026-07-06,52.0,0.0,0.0,0.0,52.0,56.52,0.0,0.0,0.0,56.52,1.0869230769230769,1.085300445077404
2026-07-07,52.87,0.0,0.0,0.0,52.87,57.17,0.0,0.0,0.0,57.17,1.0813315679969737,1.085021389276809
2026-07-08,51.75,0.0,0.0,0.0,51.75,56.82,0.0,0.0,0.0,56.82,1.0979710144927537,1.0857465366061354
2026-07-09,52.04,0.0,0.0,0.0,52.04,56.81,0.0,0.0,0.0,56.81,1.0916602613374329,1.0864671901224452
2026-07-10,51.18,0.0,0.0,0.0,51.18,55.74,0.0,0.0,0.0,55.74,1.0890973036342322,1.086886136614597
2026-07-13,52.56,0.0,0.0,0.0,52.56,57.45,0.0,0.0,0.0,57.45,1.0930365296803652,1.0875865067879356
2026-07-14,52.08,0.0,0.0,0.0,52.08,57.01,0.0,0.0,0.0,57.01,1.0946620583717357,1.0883073857317591
2026-07-15,51.28,0.0,0.0,0.0,51.28,56.53,0.0,0.0,0.0,56.53,1.1023790951638066,1.089303947731193
2026-07-16,52.27,0.0,0.0,0.0,52.27,57.75,0.0,0.0,0.0,57.75,1.1048402525349148,1.0909565152667473
2026-07-17,51.66,0.0,0.0,0.0,51.66,56.66,0.0,0.0,0.0,56.66,1.0967866821525358,1.0918526008420844
2026-07-20,51.23,0.0,0.0,0.0,51.23,56.36,0.0,0.0,0.0,56.36,1.1001366386882687,1.0927705086002377
2026-07-21,50.29,0.0,0.0,0.0,50.29,55.51,0.0,0.0,0.0,55.51,1.10379797176377,1.0936373574733544
2026-07-22,50.15,0.0,0.0,0.0,50.15,55.19,0.0,0.0,0.0,55.19,1.1004985044865403,1.0945933038176192
2026-07-23,50.0,0.0,0.0,0.0,50.0,54.52,0.0,0.0,0.0,54.52,1.0904,1.0947579031207553
2026-07-24,50.28,0.0,0.0,0.0,50.28,55.04,0.0,0.0,0.0,55.04,1.0946698488464597,1.09472573979309
2026-07-27,50.74,0.0,0.0,0.0,50.74,55.05,0.0,0.0,0.0,55.05,1.0849428458809616,1.0945945141117726
2026-07-28,50.91,0.0,0.0,0.0,50.91,55.03,0.0,0.0,0.0,55.03,1.080927126301316,1.093687581209244
2026-07-29,51.21,0.0,0.0,0.0,51.21,54.78,0.0,0.0,0.0,54.78,1.0697129466900996,1.092924673630454
2026-07-30,50.8,0.0,0.0,0.0,50.8,54.36,0.0,0.0,0.0,54.36,1.0700787401574803,1.0912785622356176
2026-07-31,50.83,0.0,0.0,0.0,50.83,54.41,0.0,0.0,0.0,54.41,1.070430847924454,1.0902141656513589
2026-08-03,50.99,0.0,0.0,0.0,50.99,54.45,0.0,0.0,0.0,54.45,1.0678564424396941,1.0892608339271896
2026-08-04,51.2,0.0,0.0,0.0,51.2,54.8,0.0,0.0,0.0,54.8,1.0703124999999998,1.088709880527341
2026-08-05,49.75,0.0,0.0,0.0,49.75,52.78,0.0,0.0,0.0,52.78,1.0609045226130653,1.0868565559333567
2026-08-06,48.81,0.0,0.0,0.0,48.81,52.6,0.0,0.0,0.0,52.6,1.0776480229461176,1.086155944013791
2026-08-07,50.06,0.0,0.0,0.0,50.06,53.46,0.0,0.0,0.0,53.46,1.0679184978026368,1.0850970037222112
2026-08-10,50.04,0.0,0.0,0.0,50.04,53.29,0.0,0.0,0.0,53.29,1.0649480415667465,1.0836925793165302
2026-08-11,50.96,0.0,0.0,0.0,50.96,54.39,0.0,0.0,0.0,54.39,1.0673076923076923,1.0823248610133278
2026-08-12,53.0,0.0,0.0,0.0,53.0,56.56,0.0,0.0,0.0,56.56,1.0671698113207548,1.0805643968211753
2026-08-13,53.16,0.0,0.0,0.0,53.16,56.69,0.0,0.0,0.0,56.69,1.06640331075997,1.0786425497324283
2026-08-14,53.58,0.0,0.0,0.0,53.58,57.33,0.0,0.0,0.0,57.33,1.0699888017917134,1.077302655714387
2026-08-17,52.72,0.0,0.0,0.0,52.72,56.12,0.0,0.0,0.0,56.12,1.0644916540212443,1.075520406481036
2026-08-18,52.31,0.0,0.0,0.0,52.31,56.43,0.0,0.0,0.0,56.43,1.0787612311221564,1.074268569448955
2026-08-19,53.56,0.0,0.0,0.0,53.56,57.24,0.0,0.0,0.0,57.24,1.0687079910380881,1.0726790437765326
2026-08-20,52.98,0.0,0.0,0.0,52.98,56.98,0.0,0.0,0.0,56.98,1.0755001887504718,1.0719340532140562
2026-08-21,51.93,0.0,0.0,0.0,51.93,56.67,0.0,0.0,0.0,56.67,1.0912767186597343,1.07176439670472
2026-08-24,52.5,0.0,0.0,0.0,52.5,57.36,0.0,0.0,0.0,57.36,1.0925714285714285,1.0721458258392431
2026-08-25,52.97,0.0,0.0,0.0,52.97,57.79,0.0,0.0,0.0,57.79,1.0909949027751558,1.0726492146629352
2026-08-26,51.65,0.0,0.0,0.0,51.65,56.55,0.0,0.0,0.0,56.55,1.09486931268151,1.0739070329625056
2026-08-27,50.83,0.0,0.0,0.0,50.83,55.76,0.0,0.0,0.0,55.76,1.0969899665551839,1.0752525942823907
2026-08-28,50.55,0.0,0.0,0.0,50.55,55.72,0.0,0.0,0.0,55.72,1.102274975272008,1.0768448006497686
2026-08-31,49.58,0.0,0.0,0.0,49.58,55.01,0.0,0.0,0.0,55.01,1.109519967728923,1.0789279769142301
2026-09-01,50.21,0.0,0.0,0.0,50.21,55.46,0.0,0.0,0.0,55.46,1.1045608444532962,1.080640394136895
2026-09-02,51.27,0.0,0.0,0.0,51.27,56.75,0.0,0.0,0.0,56.75,1.1068851180027306,1.082939423906378
2026-09-03,50.78,0.0,0.0,0.0,50.78,56.03,0.0,0.0,0.0,56.03,1.1033871602993304,1.0842263807740387
2026-09-04,50.44,0.0,0.0,0.0,50.44,55.86,0.0,0.0,0.0,55.86,1.1074544012688343,1.0862031759473487
2026-09-08,50.46,0.0,0.0,0.0,50.46,55.7,0.0,0.0,0.0,55.7,1.1038446294094333,1.088148005339483
2026-09-09,49.65,0.0,0.0,0.0,49.65,54.91,0.0,0.0,0.0,54.91,1.1059415911379658,1.0900797002809965
2026-09-10,49.46,0.0,0.0,0.0,49.46,54.72,0.0,0.0,0.0,54.72,1.106348564496563,1.092038637939787
2026-09-11,48.84,0.0,0.0,0.0,48.84,54.1,0.0,0.0,0.0,54.1,1.1076986076986077,1.094103402786719
2026-09-14,49.91,0.0,0.0,0.0,49.91,55.26,0.0,0.0,0.0,55.26,1.1071929473051494,1.0959636100623906
2026-09-15,50.7,0.0,0.0,0.0,50.7,56.0,0.0,0.0,0.0,56.0,1.1045364891518736,1.0979658518189221
2026-09-16,50.68,0.0,0.0,0.0,50.68,55.96,0.0,0.0,0.0,55.96,1.1041831097079715,1.099236945748213
2026-09-17,50.62,0.0,0.0,0.0,50.62,55.87,0.0,0.0,0.0,55.87,1.1037139470564994,1.1009872435491335
2026-09-18,50.57,0.0,0.0,0.0,50.57,55.84,0.0,0.0,0.0,55.84,1.1042119833893613,1.1024228332810782
2026-09-21,52.22,0.0,0.0,0.0,52.22,57.34,0.0,0.0,0.0,57.34,1.09804672539257,1.1027613336177198
2026-09-22,52.84,0.0,0.0,0.0,52.84,57.74,0.0,0.0,0.0,57.74,1.0927327781983345,1.102769401099065
2026-09-23,53.32,0.0,0.0,0.0,53.32,58.09,0.0,0.0,0.0,58.09,1.0894598649662417,1.1026926492086195
2026-09-24,54.06,0.0,0.0,0.0,54.06,58.85,0.0,0.0,0.0,58.85,1.0886052534221236,1.1023794462456502
2026-09-25,54.26,0.0,0.0,0.0,54.26,59.03,0.0,0.0,0.0,59.03,1.0879100626612606,1.101925451050954
2026-09-28,54.29,0.0,0.0,0.0,54.29,59.61,0.0,0.0,0.0,59.61,1.09799226376865,1.101711315475786
2026-09-29,53.98,0.0,0.0,0.0,53.98,59.41,0.0,0.0,0.0,59.41,1.1005928121526491,1.1012649576969724
2026-09-30,52.94,0.0,0.0,0.0,52.94,58.03,0.0,0.0,0.0,58.03,1.0961465810351343,1.1008442445260642
2026-10-01,52.25,0.0,0.0,0.0,52.25,57.84,0.0,0.0,0.0,57.84,1.1069856459330145,1.1008492709225783
2026-10-02,52.03,0.0,0.0,0.0,52.03,57.62,0.0,0.0,0.0,57.62,1.1074380165289255,1.1010518137340581
2026-10-05,52.17,0.0,0.0,0.0,52.17,57.74,0.0,0.0,0.0,57.74,1.106766340808894,1.101017410711061
2026-10-06,52.33,0.0,0.0,0.0,52.33,57.93,0.0,0.0,0.0,57.93,1.10701318555322,1.1011758385182504
