date,FOX,div_FOX,div_cumsum_FOX,div_adj_FOX,FOX*,FOXA,div_FOXA,div_cumsum_FOXA,div_adj_FOXA,FOXA*,ratio*,ratio*_ma
2026-01-02,65.96,0.0,0.0,0.0,65.96,73.76,0.0,0.0,0.0,73.76,1.1182534869617953,
2026-01-05,67.76,0.0,0.0,0.0,67.76,75.67,0.0,0.0,0.0,75.67,1.1167355371900827,
2026-01-06,67.73,0.0,0.0,0.0,67.73,76.11,0.0,0.0,0.0,76.11,1.1237265613465228,
2026-01-07,67.07,0.0,0.0,0.0,67.07,75.03,0.0,0.0,0.0,75.03,1.1186819740569556,
2026-01-08,67.55,0.0,0.0,0.0,67.55,75.69,0.0,0.0,0.0,75.69,1.1205033308660253,
2026-01-09,66.42,0.0,0.0,0.0,66.42,73.68,0.0,0.0,0.0,73.68,1.109304426377597,
2026-01-12,66.75,0.0,0.0,0.0,66.75,73.96,0.0,0.0,0.0,73.96,1.1080149812734081,
2026-01-13,66.52,0.0,0.0,0.0,66.52,73.23,0.0,0.0,0.0,73.23,1.1008719182200843,
2026-01-14,66.21,0.0,0.0,0.0,66.21,73.09,0.0,0.0,0.0,73.09,1.1039117958012385,
2026-01-15,65.62,0.0,0.0,0.0,65.62,72.55,0.0,0.0,0.0,72.55,1.105608046327339,
2026-01-16,65.42,0.0,0.0,0.0,65.42,71.99,0.0,0.0,0.0,71.99,1.1004280036686027,
2026-01-20,65.14,0.0,0.0,0.0,65.14,71.96,0.0,0.0,0.0,71.96,1.1046975744550198,
2026-01-21,65.47,0.0,0.0,0.0,65.47,72.7,0.0,0.0,0.0,72.7,1.1104322590499467,
2026-01-22,65.03,0.0,0.0,0.0,65.03,72.33,0.0,0.0,0.0,72.33,1.1122558819006612,
2026-01-23,65.53,0.0,0.0,0.0,65.53,72.88,0.0,0.0,0.0,72.88,1.112162368380894,
2026-01-26,65.34,0.0,0.0,0.0,65.34,72.72,0.0,0.0,0.0,72.72,1.1129476584022038,
2026-01-27,64.9,0.0,0.0,0.0,64.9,71.97,0.0,0.0,0.0,71.97,1.1089368258859784,
2026-01-28,64.29,0.0,0.0,0.0,64.29,71.14,0.0,0.0,0.0,71.14,1.1065484523254003,
2026-01-29,64.7,0.0,0.0,0.0,64.7,71.84,0.0,0.0,0.0,71.84,1.1103554868624421,
2026-01-30,65.57,0.0,0.0,0.0,65.57,72.78,0.0,0.0,0.0,72.78,1.1099588226323014,1.1107167695992248
2026-02-02,65.28,0.0,0.0,0.0,65.28,72.38,0.0,0.0,0.0,72.38,1.1087622549019607,1.1102422079962333
2026-02-03,63.18,0.0,0.0,0.0,63.18,70.27,0.0,0.0,0.0,70.27,1.112219056663501,1.1100163839699042
2026-02-04,60.8,0.0,0.0,0.0,60.8,67.73,0.0,0.0,0.0,67.73,1.1139802631578948,1.1095290690604727
2026-02-05,59.15,0.0,0.0,0.0,59.15,65.92,0.0,0.0,0.0,65.92,1.1144547759932375,1.109317709157287
2026-02-06,58.35,0.0,0.0,0.0,58.35,64.78,0.0,0.0,0.0,64.78,1.110197086546701,1.1088023969413205
2026-02-09,56.75,0.0,0.0,0.0,56.75,62.85,0.0,0.0,0.0,62.85,1.107488986784141,1.1087116249616478
2026-02-10,57.48,0.0,0.0,0.0,57.48,63.37,0.0,0.0,0.0,63.37,1.1024704244954766,1.1084343971227513
2026-02-11,55.45,0.0,0.0,0.0,55.45,61.11,0.0,0.0,0.0,61.11,1.102073940486925,1.1084944982360931
2026-02-12,51.39,0.0,0.0,0.0,51.39,56.43,0.0,0.0,0.0,56.43,1.0980735551663747,1.10820258620435
2026-02-13,51.56,0.0,0.0,0.0,51.56,56.35,0.0,0.0,0.0,56.35,1.0929014740108611,1.1075672575885263
2026-02-17,51.6,0.0,0.0,0.0,51.6,56.43,0.0,0.0,0.0,56.43,1.0936046511627906,1.1072260899632356
2026-02-18,52.26,0.0,0.0,0.0,52.26,57.17,0.0,0.0,0.0,57.17,1.093953310371221,1.1066888767590455
2026-02-19,51.47,0.0,0.0,0.0,51.47,56.16,0.0,0.0,0.0,56.16,1.09112104138333,1.1057233158757147
2026-02-20,52.25,0.0,0.0,0.0,52.25,57.02,0.0,0.0,0.0,57.02,1.091291866028708,1.1046751150821172
2026-02-23,50.85,0.0,0.0,0.0,50.85,55.34,0.0,0.0,0.0,55.34,1.088298918387414,1.1034819425824431
2026-02-24,51.46,0.0,0.0,0.0,51.46,55.98,0.0,0.0,0.0,55.98,1.0878352118150019,1.102226320253083
2026-02-25,49.62,0.0,0.0,0.0,49.62,54.12,0.0,0.0,0.0,54.12,1.090689238210399,1.101313940869304
2026-02-26,52.03,0.0,0.0,0.0,52.03,56.82,0.0,0.0,0.0,56.82,1.0920622717662887,1.1005896318413486
2026-02-27,51.73,0.0,0.0,0.0,51.73,56.34,0.0,0.0,0.0,56.34,1.0891165667890974,1.0995276858376815
2026-03-02,51.99,0.0,0.0,0.0,51.99,56.79,0.0,0.0,0.0,56.79,1.0923254472013848,1.0986460170661354
2026-03-03,52.38,0.0,0.0,0.0,52.38,57.36,0.0,0.0,0.0,57.36,1.095074455899198,1.0979616271159973
2026-03-04,53.24,0.0,0.0,0.0,53.24,58.42,0.0,0.0,0.0,58.42,1.0972952667167544,1.09721543761866
2026-03-05,53.5,0.0,0.0,0.0,53.5,58.69,0.0,0.0,0.0,58.69,1.0970093457943926,1.0963668917504847
2026-03-06,54.31,0.0,0.0,0.0,54.31,59.78,0.0,0.0,0.0,59.78,1.100718099797459,1.095680057940696
2026-03-09,54.04,0.0,0.0,0.0,54.04,59.26,0.0,0.0,0.0,59.26,1.0965951147298298,1.0949999593498525
2026-03-10,53.08,0.0,0.0,0.0,53.08,58.16,0.0,0.0,0.0,58.16,1.0957045968349661,1.094410739852394
2026-03-11,52.77,0.0,0.0,0.0,52.77,57.71,0.0,0.0,0.0,57.71,1.0936137957172636,1.093967908413483
2026-03-12,52.48,0.0,0.0,0.0,52.48,57.74,0.0,0.0,0.0,57.74,1.1002286585365855,1.093875644315966
2026-03-13,52.03,0.0,0.0,0.0,52.03,57.39,0.0,0.0,0.0,57.39,1.1030174899096674,1.0941228410531305
2026-03-16,52.15,0.0,0.0,0.0,52.15,57.51,0.0,0.0,0.0,57.51,1.1027804410354747,1.0946167894043612
2026-03-17,52.71,0.0,0.0,0.0,52.71,58.3,0.0,0.0,0.0,58.3,1.1060519825460065,1.095239155973522
2026-03-18,52.14,0.0,0.0,0.0,52.14,57.65,0.0,0.0,0.0,57.65,1.1056770233985422,1.0958253416248882
2026-03-19,52.02,0.0,0.0,0.0,52.02,57.68,0.0,0.0,0.0,57.68,1.1088043060361399,1.0967095048575286
2026-03-20,52.18,0.0,0.0,0.0,52.18,57.82,0.0,0.0,0.0,57.82,1.108087389804523,1.0975492810463194
2026-03-23,51.63,0.0,0.0,0.0,51.63,57.28,0.0,0.0,0.0,57.28,1.1094325004842145,1.0986059601511595
2026-03-24,52.52,0.0,0.0,0.0,52.52,58.76,0.0,0.0,0.0,58.76,1.1188118811881187,1.1001547936198155
2026-03-25,52.35,0.0,0.0,0.0,52.35,58.49,0.0,0.0,0.0,58.49,1.117287488061127,1.1014847061123516
2026-03-26,52.55,0.0,0.0,0.0,52.55,58.64,0.0,0.0,0.0,58.64,1.1158896289248335,1.102676073970279
2026-03-27,53.38,0.0,0.0,0.0,53.38,59.11,0.0,0.0,0.0,59.11,1.107343574372424,1.103587424349445
2026-03-30,53.78,0.0,0.0,0.0,53.78,59.13,0.0,0.0,0.0,59.13,1.09947936035701,1.1039451200072266
2026-03-31,53.1,0.0,0.0,0.0,53.1,58.4,0.0,0.0,0.0,58.4,1.0998116760828625,1.1041819810164097
2026-04-01,52.88,0.0,0.0,0.0,52.88,58.46,0.0,0.0,0.0,58.46,1.1055219364599091,1.1045933145035673
2026-04-02,52.87,0.0,0.0,0.0,52.87,58.62,0.0,0.0,0.0,58.62,1.1087573292982789,1.1051807136787617
2026-04-06,53.48,0.0,0.0,0.0,53.48,59.3,0.0,0.0,0.0,59.3,1.1088257292445773,1.1055860951511176
2026-04-07,53.75,0.0,0.0,0.0,53.75,59.65,0.0,0.0,0.0,59.65,1.109767441860465,1.1062447115076495
2026-04-08,54.48,0.0,0.0,0.0,54.48,60.22,0.0,0.0,0.0,60.22,1.105359765051395,1.1067274699184708
2026-04-09,55.97,0.0,0.0,0.0,55.97,62.76,0.0,0.0,0.0,62.76,1.121314990173307,1.1081125296412733
2026-04-10,54.93,0.0,0.0,0.0,54.93,61.02,0.0,0.0,0.0,61.02,1.1108683779355544,1.1086445156112217
2026-04-13,56.25,0.0,0.0,0.0,56.25,62.45,0.0,0.0,0.0,62.45,1.1102222222222222,1.1090047522268494
2026-04-14,56.82,0.0,0.0,0.0,56.82,63.41,0.0,0.0,0.0,63.41,1.1159802886307637,1.1096647446066137
2026-04-15,57.05,0.0,0.0,0.0,57.05,63.66,0.0,0.0,0.0,63.66,1.115863277826468,1.110155309370637
2026-04-16,57.9,0.0,0.0,0.0,57.9,64.52,0.0,0.0,0.0,64.52,1.11433506044905,1.1105882112231622
2026-04-17,58.53,0.0,0.0,0.0,58.53,65.07,0.0,0.0,0.0,65.07,1.1117375704766785,1.1107348744451893
2026-04-20,57.99,0.0,0.0,0.0,57.99,64.75,0.0,0.0,0.0,64.75,1.1165718227280566,1.1111590960913658
2026-04-21,57.63,0.0,0.0,0.0,57.63,64.31,0.0,0.0,0.0,64.31,1.1159118514662503,1.1114830636404676
2026-04-22,58.57,0.0,0.0,0.0,58.57,65.56,0.0,0.0,0.0,65.56,1.1193443742530307,1.111509688293713
2026-04-23,57.74,0.0,0.0,0.0,57.74,64.53,0.0,0.0,0.0,64.53,1.1175961205403533,1.1115251199176746
2026-04-24,56.17,0.0,0.0,0.0,56.17,62.85,0.0,0.0,0.0,62.85,1.118924692896564,1.111676873116261
2026-04-27,57.12,0.0,0.0,0.0,57.12,63.86,0.0,0.0,0.0,63.86,1.1179971988795518,1.1122095543416175
2026-04-28,56.58,0.0,0.0,0.0,56.58,63.15,0.0,0.0,0.0,63.15,1.116118769883351,1.1130415248179344
2026-04-29,56.62,0.0,0.0,0.0,56.62,62.94,0.0,0.0,0.0,62.94,1.1116213352172377,1.1136320077746533
2026-04-30,57.02,0.0,0.0,0.0,57.02,63.49,0.0,0.0,0.0,63.49,1.1134689582602595,1.1140293588646708
2026-05-01,56.93,0.0,0.0,0.0,56.93,63.35,0.0,0.0,0.0,63.35,1.1127700685051818,1.1142299958250157
2026-05-04,56.07,0.0,0.0,0.0,56.07,62.36,0.0,0.0,0.0,62.36,1.1121812020688424,1.1143977694662293
2026-05-05,55.91,0.0,0.0,0.0,55.91,62.23,0.0,0.0,0.0,62.23,1.1130388123770345,1.1145613379920576
2026-05-06,56.22,0.0,0.0,0.0,56.22,62.21,0.0,0.0,0.0,62.21,1.1065457132692993,1.1146206354029529
2026-05-07,56.5,0.0,0.0,0.0,56.5,62.69,0.0,0.0,0.0,62.69,1.1095575221238938,1.1140327620004822
2026-05-08,56.6,0.0,0.0,0.0,56.6,62.94,0.0,0.0,0.0,62.94,1.1120141342756182,1.1140900498174853
2026-05-11,61.18,0.0,0.0,0.0,61.18,67.72,0.0,0.0,0.0,67.72,1.1068976789800589,1.1139238226553771
2026-05-12,59.47,0.0,0.0,0.0,59.47,66.16,0.0,0.0,0.0,66.16,1.1124936942996468,1.1137494929388212
2026-05-13,59.47,0.0,0.0,0.0,59.47,66.47,0.0,0.0,0.0,66.47,1.1177064065915587,1.113841649377076
2026-05-14,58.6,0.0,0.0,0.0,58.6,65.32,0.0,0.0,0.0,65.32,1.1146757679180885,1.1138586847505278
2026-05-15,57.87,0.0,0.0,0.0,57.87,64.85,0.0,0.0,0.0,64.85,1.1206151719371003,1.1143025648235487
2026-05-18,58.99,0.0,0.0,0.0,58.99,65.87,0.0,0.0,0.0,65.87,1.1166299372775046,1.1143054705510214
2026-05-19,58.09,0.0,0.0,0.0,58.09,64.55,0.0,0.0,0.0,64.55,1.1112067481494232,1.11407021538518
2026-05-20,57.38,0.0,0.0,0.0,57.38,64.13,0.0,0.0,0.0,64.13,1.1176368072499128,1.1139848370350243
2026-05-21,57.63,0.0,0.0,0.0,57.63,64.26,0.0,0.0,0.0,64.26,1.1150442477876106,1.1138572433973868
2026-05-22,57.24,0.0,0.0,0.0,57.24,63.98,0.0,0.0,0.0,63.98,1.117749825296995,1.1137985000174084
2026-05-26,58.08,0.0,0.0,0.0,58.08,64.96,0.0,0.0,0.0,64.96,1.118457300275482,1.113821505087205
2026-05-27,58.62,0.0,0.0,0.0,58.62,65.48,0.0,0.0,0.0,65.48,1.117024906175367,1.1138668119018056
2026-05-28,59.23,0.0,0.0,0.0,59.23,65.83,0.0,0.0,0.0,65.83,1.11143001857167,1.1138572460695273
2026-05-29,57.39,0.0,0.0,0.0,57.39,63.92,0.0,0.0,0.0,63.92,1.1137828890050532,1.113872942606767
2026-06-01,59.84,0.0,0.0,0.0,59.84,66.81,0.0,0.0,0.0,66.81,1.1164772727272727,1.1140583028178717
2026-06-02,58.65,0.0,0.0,0.0,58.65,65.69,0.0,0.0,0.0,65.69,1.1200341005967605,1.1144509477442675
2026-06-03,57.44,0.0,0.0,0.0,57.44,64.28,0.0,0.0,0.0,64.28,1.1190807799442897,1.1147530461226303
2026-06-04,58.73,0.0,0.0,0.0,58.73,65.54,0.0,0.0,0.0,65.54,1.1159543674442365,1.115223478831377
2026-06-05,59.88,0.0,0.0,0.0,59.88,66.89,0.0,0.0,0.0,66.89,1.1170674682698731,1.115598976138676
2026-06-08,60.34,0.0,0.0,0.0,60.34,67.44,0.0,0.0,0.0,67.44,1.1176665561816372,1.1158815972339773
2026-06-09,60.9,0.0,0.0,0.0,60.9,68.32,0.0,0.0,0.0,68.32,1.12183908045977,1.1166286673079626
2026-06-10,61.03,0.0,0.0,0.0,61.03,68.0,0.0,0.0,0.0,68.0,1.1142061281337048,1.1167142889996655
2026-06-11,61.36,0.0,0.0,0.0,61.36,68.3,0.0,0.0,0.0,68.3,1.113102998696219,1.1164841186048986
2026-06-12,58.92,0.0,0.0,0.0,58.92,65.85,0.0,0.0,0.0,65.85,1.1176171079429733,1.1166311856061428
2026-06-15,49.95,0.0,0.0,0.0,49.95,54.76,0.0,0.0,0.0,54.76,1.096296296296296,1.1154152418241026
2026-06-16,47.95,0.0,0.0,0.0,47.95,52.34,0.0,0.0,0.0,52.34,1.09155370177268,1.1141614300488611
2026-06-17,46.73,0.0,0.0,0.0,46.73,51.32,0.0,0.0,0.0,51.32,1.0982238390755403,1.113512284595167
2026-06-18,46.95,0.0,0.0,0.0,46.95,52.23,0.0,0.0,0.0,52.23,1.1124600638977635,1.1132534474275597
2026-06-22,44.93,0.0,0.0,0.0,44.93,49.39,0.0,0.0,0.0,49.39,1.0992655241486757,1.112464511245613
2026-06-23,44.55,0.0,0.0,0.0,44.55,48.79,0.0,0.0,0.0,48.79,1.0951739618406287,1.1113357180727947
2026-06-24,45.37,0.0,0.0,0.0,45.37,49.8,0.0,0.0,0.0,49.8,1.0976416134009257,1.1102949337290668
2026-06-25,44.39,0.0,0.0,0.0,44.39,48.86,0.0,0.0,0.0,48.86,1.1006983554854697,1.1094786061945718
2026-06-26,45.91,0.0,0.0,0.0,45.91,50.1,0.0,0.0,0.0,50.1,1.0912655194946637,1.1084703812407217
2026-06-29,45.71,0.0,0.0,0.0,45.71,50.39,0.0,0.0,0.0,50.39,1.1023845985561147,1.1079004667182748
2026-06-30,46.84,0.0,0.0,0.0,46.84,52.16,0.0,0.0,0.0,52.16,1.113578138343296,1.107755509999076
2026-07-01,48.42,0.0,0.0,0.0,48.42,54.13,0.0,0.0,0.0,54.13,1.117926476662536,1.1076501288023648
2026-07-02,50.56,0.0,0.0,0.0,50.56,56.48,0.0,0.0,0.0,56.48,1.1170886075949367,1.1075505201848972
2026-07-06,49.9,0.0,0.0,0.0,49.9,55.87,0.0,0.0,0.0,55.87,1.1196392785571143,1.107734765740541
2026-07-07,49.2,0.0,0.0,0.0,49.2,54.92,0.0,0.0,0.0,54.92,1.116260162601626,1.1076944004571287
2026-07-08,47.95,0.0,0.0,0.0,47.95,53.39,0.0,0.0,0.0,53.39,1.113451511991658,1.1074836482476296
2026-07-09,48.44,0.0,0.0,0.0,48.44,53.74,0.0,0.0,0.0,53.74,1.1094137076796038,1.1068623796086212
2026-07-10,48.75,0.0,0.0,0.0,48.75,54.12,0.0,0.0,0.0,54.12,1.110153846153846,1.1066597655096282
2026-07-13,50.22,0.0,0.0,0.0,50.22,55.9,0.0,0.0,0.0,55.9,1.1131023496614894,1.1066597330578918
2026-07-14,49.5,0.0,0.0,0.0,49.5,54.87,0.0,0.0,0.0,54.87,1.1084848484848484,1.1062031200849856
2026-07-15,50.39,0.0,0.0,0.0,50.39,55.99,0.0,0.0,0.0,55.99,1.111133161341536,1.1069449633372477
2026-07-16,51.08,0.0,0.0,0.0,51.08,56.81,0.0,0.0,0.0,56.81,1.1121769772905248,1.1079761271131399
2026-07-17,51.63,0.0,0.0,0.0,51.63,57.62,0.0,0.0,0.0,57.62,1.116017819097424,1.1088658261142341
2026-07-20,51.55,0.0,0.0,0.0,51.55,57.48,0.0,0.0,0.0,57.48,1.1150339476236664,1.1089945203005294
2026-07-21,51.47,0.0,0.0,0.0,51.47,57.57,0.0,0.0,0.0,57.57,1.1185156401787448,1.1099570261020326
2026-07-22,50.63,0.0,0.0,0.0,50.63,56.45,0.0,0.0,0.0,56.45,1.1149516097175587,1.110945908495879
2026-07-23,49.18,0.0,0.0,0.0,49.18,55.09,0.0,0.0,0.0,55.09,1.1201708011386744,1.1120723678827666
2026-07-24,49.41,0.0,0.0,0.0,49.41,55.31,0.0,0.0,0.0,55.31,1.1194090265128518,1.1130079014341356
2026-07-27,50.81,0.0,0.0,0.0,50.81,56.64,0.0,0.0,0.0,56.64,1.1147411926786066,1.114181685093333
2026-07-28,51.63,0.0,0.0,0.0,51.63,57.72,0.0,0.0,0.0,57.72,1.1179546775130738,1.1149601890411807
2026-07-29,52.73,0.0,0.0,0.0,52.73,58.95,0.0,0.0,0.0,58.95,1.1179594158922816,1.11517925291863
2026-07-30,52.34,0.0,0.0,0.0,52.34,58.82,0.0,0.0,0.0,58.82,1.1238058846006878,1.1154732233155376
2026-07-31,51.94,0.0,0.0,0.0,51.94,58.23,0.0,0.0,0.0,58.23,1.121101270696958,1.1156738564706388
2026-08-03,52.62,0.0,0.0,0.0,52.62,58.7,0.0,0.0,0.0,58.7,1.1155454199923984,1.115469163542403
2026-08-04,52.82,0.0,0.0,0.0,52.82,59.08,0.0,0.0,0.0,59.08,1.1185157137447936,1.115581941099561
2026-08-05,52.2,0.0,0.0,0.0,52.2,58.68,0.0,0.0,0.0,58.68,1.1241379310344828,1.1161162620517027
2026-08-06,55.37,0.0,0.0,0.0,55.37,61.79,0.0,0.0,0.0,61.79,1.1159472638612968,1.1164429398607871
2026-08-07,57.03,0.0,0.0,0.0,57.03,64.03,0.0,0.0,0.0,64.03,1.1227424162721376,1.1170723683667019
2026-08-10,56.33,0.0,0.0,0.0,56.33,63.42,0.0,0.0,0.0,63.42,1.125865435824605,1.1177105226748574
2026-08-11,55.34,0.0,0.0,0.0,55.34,62.14,0.0,0.0,0.0,62.14,1.1228767618359232,1.1184301183424115
2026-08-12,55.97,0.0,0.0,0.0,55.97,63.05,0.0,0.0,0.0,63.05,1.1264963373235661,1.1191982771415128
2026-08-13,58.1,0.0,0.0,0.0,58.1,65.45,0.0,0.0,0.0,65.45,1.1265060240963856,1.1199147294818057
2026-08-14,61.41,0.0,0.0,0.0,61.41,69.04,0.0,0.0,0.0,69.04,1.1242468653313795,1.1203261817935035
2026-08-17,61.49,0.0,0.0,0.0,61.49,69.19,0.0,0.0,0.0,69.19,1.1252236135957066,1.1208356650921056
2026-08-18,61.23,0.0,0.0,0.0,61.23,69.03,0.0,0.0,0.0,69.03,1.127388535031847,1.1212793098347607
2026-08-19,60.39,0.0,0.0,0.0,60.39,67.96,0.0,0.0,0.0,67.96,1.12535187945024,1.1217993233213948
2026-08-20,60.45,0.0,0.0,0.0,60.45,67.96,0.0,0.0,0.0,67.96,1.124234904880066,1.1220025285084643
2026-08-21,61.05,0.0,0.0,0.0,61.05,68.54,0.0,0.0,0.0,68.54,1.1226863226863228,1.122166393317138
2026-08-24,61.59,0.0,0.0,0.0,61.59,69.21,0.0,0.0,0.0,69.21,1.1237213833414514,1.1226154028502802
2026-08-25,62.69,0.0,0.0,0.0,62.69,70.33,0.0,0.0,0.0,70.33,1.1218695166693253,1.1228111448080926
2026-08-26,62.23,0.0,0.0,0.0,62.23,69.6,0.0,0.0,0.0,69.6,1.1184316246183512,1.1228347552443962
2026-08-27,60.4,0.0,0.0,0.0,60.4,67.22,0.0,0.0,0.0,67.22,1.1129139072847682,1.1222901563786
2026-08-28,61.32,0.0,0.0,0.0,61.32,68.42,0.0,0.0,0.0,68.42,1.1157860404435747,1.1220243948659312
2026-08-31,60.22,0.0,0.0,0.0,60.22,67.35,0.0,0.0,0.0,67.35,1.118399202922617,1.122167084012442
2026-09-01,59.03,0.0,0.0,0.0,59.03,65.93,0.0,0.0,0.0,65.93,1.1168897170930037,1.1220857841798524
2026-09-02,60.27,0.0,0.0,0.0,60.27,67.52,0.0,0.0,0.0,67.52,1.120292019246723,1.1218934885904646
2026-09-03,60.47,0.0,0.0,0.0,60.47,67.71,0.0,0.0,0.0,67.71,1.1197287911361005,1.1220825649542048
2026-09-04,58.42,0.0,0.0,0.0,58.42,65.42,0.0,0.0,0.0,65.42,1.1198219787743924,1.1219365430793176
2026-09-08,58.24,0.0,0.0,0.0,58.24,65.23,0.0,0.0,0.0,65.23,1.1200206043956045,1.1216443015078674
2026-09-09,57.1,0.0,0.0,0.0,57.1,63.86,0.0,0.0,0.0,63.86,1.1183887915936952,1.121419902995756
2026-09-10,58.06,0.0,0.0,0.0,58.06,65.18,0.0,0.0,0.0,65.18,1.1226317602480194,1.1212266741419785
2026-09-11,58.45,0.0,0.0,0.0,58.45,65.94,0.0,0.0,0.0,65.94,1.1281437125748501,1.121308558565902
2026-09-14,61.14,0.0,0.0,0.0,61.14,68.53,0.0,0.0,0.0,68.53,1.1208701341184168,1.121139722005254
2026-09-15,60.34,0.0,0.0,0.0,60.34,67.57,0.0,0.0,0.0,67.57,1.1198210142525686,1.1208695920380969
2026-09-16,59.15,0.0,0.0,0.0,59.15,66.16,0.0,0.0,0.0,66.16,1.1185122569737953,1.1204257781351943
2026-09-17,58.43,0.0,0.0,0.0,58.43,64.98,0.0,0.0,0.0,64.98,1.1120999486565122,1.1197631815955078
2026-09-18,57.74,0.0,0.0,0.0,57.74,64.45,0.0,0.0,0.0,64.45,1.1162105992379634,1.1193619663134027
2026-09-21,57.9,0.0,0.0,0.0,57.9,64.79,0.0,0.0,0.0,64.79,1.1189982728842833,1.1191775638233008
2026-09-22,57.32,0.0,0.0,0.0,57.32,64.25,0.0,0.0,0.0,64.25,1.1209002093510119,1.119036505123779
2026-09-23,56.96,0.0,0.0,0.0,56.96,63.96,0.0,0.0,0.0,63.96,1.1228932584269662,1.119087692211661
2026-09-24,57.2,0.0,0.0,0.0,57.2,63.84,0.0,0.0,0.0,63.84,1.116083916083916,1.1189703067849393
2026-09-25,56.54,0.0,0.0,0.0,56.54,63.07,0.0,0.0,0.0,63.07,1.115493455960382,1.1190992842187197
2026-09-28,56.55,0.0,0.0,0.0,56.55,63.06,0.0,0.0,0.0,63.06,1.1151193633952257,1.1190659503663023
2026-09-29,55.83,0.0,0.0,0.0,55.83,62.48,0.0,0.0,0.0,62.48,1.1191115887515672,1.11910156965775
2026-09-30,56.3,0.0,0.0,0.0,56.3,62.65,0.0,0.0,0.0,62.65,1.1127886323268206,1.1188965154194406
2026-10-01,54.92,0.0,0.0,0.0,54.92,61.28,0.0,0.0,0.0,61.28,1.1158048069919884,1.118672154806704
2026-10-02,55.89,0.0,0.0,0.0,55.89,62.28,0.0,0.0,0.0,62.28,1.1143317230273753,1.1184023014012676
2026-10-05,56.7,0.0,0.0,0.0,56.7,63.33,0.0,0.0,0.0,63.33,1.1169312169312169,1.1182577633091089
2026-10-06,55.92,0.0,0.0,0.0,55.92,62.52,0.0,0.0,0.0,62.52,1.1180257510729614,1.1181580206429769
