date,HYG,div_HYG,div_cumsum_HYG,div_adj_HYG,HYG*,JNK,div_JNK,div_cumsum_JNK,div_adj_JNK,JNK*,ratio*,ratio*_ma
2026-01-02,80.67,0.0,0.0,0.0,80.67,97.24,0.0,0.0,0.0,97.24,1.2054047353415147,
2026-01-05,80.88,0.0,0.0,0.0,80.88,97.5,0.0,0.0,0.0,97.5,1.2054896142433236,
2026-01-06,80.9,0.0,0.0,0.0,80.9,97.54,0.0,0.0,0.0,97.54,1.2056860321384426,
2026-01-07,80.88,0.0,0.0,0.0,80.88,97.51,0.0,0.0,0.0,97.51,1.2056132542037588,
2026-01-08,80.94,0.0,0.0,0.0,80.94,97.59,0.0,0.0,0.0,97.59,1.2057079318013344,
2026-01-09,81.0,0.0,0.0,0.0,81.0,97.69,0.0,0.0,0.0,97.69,1.2060493827160494,
2026-01-12,81.04,0.0,0.0,0.0,81.04,97.68,0.0,0.0,0.0,97.68,1.2053307008884502,
2026-01-13,81.04,0.0,0.0,0.0,81.04,97.71,0.0,0.0,0.0,97.71,1.205700888450148,
2026-01-14,81.04,0.0,0.0,0.0,81.04,97.74,0.0,0.0,0.0,97.74,1.2060710760118458,
2026-01-15,81.04,0.0,0.0,0.0,81.04,97.74,0.0,0.0,0.0,97.74,1.2060710760118458,
2026-01-16,81.09,0.0,0.0,0.0,81.09,97.82,0.0,0.0,0.0,97.82,1.2063139721297322,
2026-01-20,80.88,0.0,0.0,0.0,80.88,97.59,0.0,0.0,0.0,97.59,1.2066023738872405,
2026-01-21,81.12,0.0,0.0,0.0,81.12,97.86,0.0,0.0,0.0,97.86,1.206360946745562,
2026-01-22,81.18,0.0,0.0,0.0,81.18,97.92,0.0,0.0,0.0,97.92,1.2062084257206207,
2026-01-23,81.14,0.0,0.0,0.0,81.14,97.87,0.0,0.0,0.0,97.87,1.2061868375647031,
2026-01-26,81.18,0.0,0.0,0.0,81.18,97.92,0.0,0.0,0.0,97.92,1.2062084257206207,
2026-01-27,81.17,0.0,0.0,0.0,81.17,97.91,0.0,0.0,0.0,97.91,1.2062338302328446,
2026-01-28,81.04,0.0,0.0,0.0,81.04,97.75,0.0,0.0,0.0,97.75,1.2061944718657451,
2026-01-29,81.03,0.0,0.0,0.0,81.03,97.76,0.0,0.0,0.0,97.76,1.206466740713316,
2026-01-30,81.12,0.0,0.0,0.0,81.12,97.82,0.0,0.0,0.0,97.82,1.205867850098619,1.2059884283242859
2026-02-02,80.77,0.0,0.0,0.0,80.77,97.38,0.0,0.0,0.0,97.38,1.205645660517519,1.2060004745830861
2026-02-03,80.72,0.0,0.0,0.0,80.72,97.29,0.0,0.0,0.0,97.29,1.2052775024777007,1.205989868994805
2026-02-04,80.62,0.0,0.0,0.0,80.62,97.11,0.0,0.0,0.0,97.11,1.204539816422724,1.205932558209019
2026-02-05,80.53,0.0,0.0,0.0,80.53,97.06,0.0,0.0,0.0,97.06,1.2052651185893457,1.2059151514282984
2026-02-06,80.81,0.0,0.0,0.0,80.81,97.4,0.0,0.0,0.0,97.4,1.2052963742111125,1.2058945735487874
2026-02-09,80.92,0.0,0.0,0.0,80.92,97.54,0.0,0.0,0.0,97.54,1.2053880375679684,1.2058615062913831
2026-02-10,80.84,0.0,0.0,0.0,80.84,97.49,0.0,0.0,0.0,97.49,1.2059623948540326,1.2058930909896624
2026-02-11,80.83,0.0,0.0,0.0,80.83,97.48,0.0,0.0,0.0,97.48,1.2059878757886924,1.2059074403565895
2026-02-12,80.79,0.0,0.0,0.0,80.79,97.37,0.0,0.0,0.0,97.37,1.205223418739943,1.2058650574929943
2026-02-13,80.85,0.0,0.0,0.0,80.85,97.48,0.0,0.0,0.0,97.48,1.2056895485466916,1.2058459811197366
2026-02-17,80.81,0.0,0.0,0.0,80.81,97.39,0.0,0.0,0.0,97.39,1.205172627150105,1.2057889138707554
2026-02-18,80.91,0.0,0.0,0.0,80.91,97.53,0.0,0.0,0.0,97.53,1.2054134223210975,1.205729466292448
2026-02-19,80.94,0.0,0.0,0.0,80.94,97.55,0.0,0.0,0.0,97.55,1.2052137385717816,1.205672105883759
2026-02-20,81.0,0.0,0.0,0.0,81.0,97.62,0.0,0.0,0.0,97.62,1.2051851851851851,1.2056209438569874
2026-02-23,80.87,0.0,0.0,0.0,80.87,97.5,0.0,0.0,0.0,97.5,1.205638679361939,1.2055935359468493
2026-02-24,80.81,0.0,0.0,0.0,80.81,97.39,0.0,0.0,0.0,97.39,1.205172627150105,1.2055417460183233
2026-02-25,80.92,0.0,0.0,0.0,80.92,97.56,0.0,0.0,0.0,97.56,1.2056351952545725,1.20551181426941
2026-02-26,80.85,0.0,0.0,0.0,80.85,97.48,0.0,0.0,0.0,97.48,1.2056895485466916,1.205486568103457
2026-02-27,80.72,0.0,0.0,0.0,80.72,97.25,0.0,0.0,0.0,97.25,1.2047819623389495,1.2054023291847389
2026-03-02,80.28,0.0,0.0,0.0,80.28,96.68,0.0,0.0,0.0,96.68,1.2042850024912806,1.205323186804372
2026-03-03,80.12,0.0,0.0,0.0,80.12,96.46,0.0,0.0,0.0,96.46,1.2039440838741886,1.2052381079722054
2026-03-04,80.4,0.0,0.0,0.0,80.4,96.8,0.0,0.0,0.0,96.8,1.2039800995024874,1.2051732378234448
2026-03-05,80.08,0.0,0.0,0.0,80.08,96.38,0.0,0.0,0.0,96.38,1.2035464535464535,1.2051235696796312
2026-03-06,79.69,0.0,0.0,0.0,79.69,95.91,0.0,0.0,0.0,95.91,1.20353871251098,1.2050372493757129
2026-03-09,80.17,0.0,0.0,0.0,80.17,96.43,0.0,0.0,0.0,96.43,1.2028190096045903,1.2049133811453867
2026-03-10,80.04,0.0,0.0,0.0,80.04,96.31,0.0,0.0,0.0,96.31,1.2032733633183408,1.2048076474329055
2026-03-11,79.86,0.0,0.0,0.0,79.86,96.11,0.0,0.0,0.0,96.11,1.203481091910844,1.2046835822857458
2026-03-12,79.35,0.0,0.0,0.0,79.35,95.47,0.0,0.0,0.0,95.47,1.2031505986137367,1.2045417184269982
2026-03-13,79.2,0.0,0.0,0.0,79.2,95.25,0.0,0.0,0.0,95.25,1.2026515151515151,1.2044131232475768
2026-03-16,79.45,0.0,0.0,0.0,79.45,95.65,0.0,0.0,0.0,95.65,1.2039018250471996,1.204323737072602
2026-03-17,79.81,0.0,0.0,0.0,79.81,96.03,0.0,0.0,0.0,96.03,1.203232677609322,1.2042267395955633
2026-03-18,79.4,0.0,0.0,0.0,79.4,95.58,0.0,0.0,0.0,95.58,1.203778337531486,1.2041449853560826
2026-03-19,79.66,0.0,0.0,0.0,79.66,95.79,0.0,0.0,0.0,95.79,1.2024855636454934,1.2040085766097681
2026-03-20,78.92,0.0,0.0,0.0,78.92,94.95,0.0,0.0,0.0,94.95,1.2031170805879372,1.2039051713799056
2026-03-23,79.44,0.0,0.0,0.0,79.44,95.5,0.0,0.0,0.0,95.5,1.2021651560926485,1.203731495216441
2026-03-24,79.17,0.0,0.0,0.0,79.17,95.23,0.0,0.0,0.0,95.23,1.20285461664772,1.2036155946913218
2026-03-25,79.42,0.0,0.0,0.0,79.42,95.55,0.0,0.0,0.0,95.55,1.2030974565600603,1.203488707756596
2026-03-26,78.92,0.0,0.0,0.0,78.92,94.95,0.0,0.0,0.0,94.95,1.2031170805879372,1.2033600843586585
2026-03-27,78.72,0.0,0.0,0.0,78.72,94.66,0.0,0.0,0.0,94.66,1.202489837398374,1.2032454781116297
2026-03-30,78.81,0.0,0.0,0.0,78.81,94.76,0.0,0.0,0.0,94.76,1.202385484075625,1.2031505021908468
2026-03-31,79.56,0.0,0.0,0.0,79.56,95.72,0.0,0.0,0.0,95.72,1.2031171442936148,1.2031091552118185
2026-04-01,79.37,0.0,0.0,0.0,79.37,95.47,0.0,0.0,0.0,95.47,1.2028474234597455,1.2030525214096812
2026-04-02,79.56,0.0,0.0,0.0,79.56,95.72,0.0,0.0,0.0,95.72,1.2031171442936148,1.2030310559470392
2026-04-06,79.7,0.0,0.0,0.0,79.7,95.91,0.0,0.0,0.0,95.91,1.203387703889586,1.2030235055159695
2026-04-07,79.72,0.0,0.0,0.0,79.72,95.92,0.0,0.0,0.0,95.92,1.203211239337682,1.2030431170026241
2026-04-08,80.19,0.0,0.0,0.0,80.19,96.48,0.0,0.0,0.0,96.48,1.2031425364758699,1.2030365756605006
2026-04-09,80.28,0.0,0.0,0.0,80.28,96.57,0.0,0.0,0.0,96.57,1.202914798206278,1.2030082609752724
2026-04-10,79.96,0.0,0.0,0.0,79.96,96.24,0.0,0.0,0.0,96.24,1.2036018009004503,1.203030821089608
2026-04-13,80.26,0.0,0.0,0.0,80.26,96.58,0.0,0.0,0.0,96.58,1.2033391477697482,1.2030652027205195
2026-04-14,80.5,0.0,0.0,0.0,80.5,96.87,0.0,0.0,0.0,96.87,1.2033540372670808,1.2030378133315138
2026-04-15,80.46,0.0,0.0,0.0,80.46,96.81,0.0,0.0,0.0,96.81,1.203206562266965,1.2030365075643958
2026-04-16,80.35,0.0,0.0,0.0,80.35,96.71,0.0,0.0,0.0,96.71,1.2036092097075295,1.203028051173198
2026-04-17,80.65,0.0,0.0,0.0,80.65,97.08,0.0,0.0,0.0,97.08,1.2037197768133912,1.203089761831593
2026-04-20,80.58,0.0,0.0,0.0,80.58,96.99,0.0,0.0,0.0,96.99,1.2036485480268055,1.2031163352035363
2026-04-21,80.37,0.0,0.0,0.0,80.37,96.75,0.0,0.0,0.0,96.75,1.2038073908174691,1.2031984469397774
2026-04-22,80.5,0.0,0.0,0.0,80.5,96.91,0.0,0.0,0.0,96.91,1.2038509316770185,1.2032482626912422
2026-04-23,80.37,0.0,0.0,0.0,80.37,96.74,0.0,0.0,0.0,96.74,1.2036829662809505,1.2032775381772869
2026-04-24,80.48,0.0,0.0,0.0,80.48,96.89,0.0,0.0,0.0,96.89,1.2039015904572563,1.203316763670753
2026-04-27,80.51,0.0,0.0,0.0,80.51,96.91,0.0,0.0,0.0,96.91,1.2037014035523537,1.2033773419784517
2026-04-28,80.4,0.0,0.0,0.0,80.4,96.8,0.0,0.0,0.0,96.8,1.2039800995024874,1.2034570727497949
2026-04-29,80.13,0.0,0.0,0.0,80.13,96.5,0.0,0.0,0.0,96.5,1.2042930238362661,1.2035158667269275
2026-04-30,80.38,0.0,0.0,0.0,80.38,96.83,0.0,0.0,0.0,96.83,1.2046528987310277,1.2036061404904914
2026-05-01,80.06,0.0,0.0,0.0,80.06,96.4,0.0,0.0,0.0,96.4,1.2040969273045217,1.203655129641037
2026-05-04,79.8,0.0,0.0,0.0,79.8,96.1,0.0,0.0,0.0,96.1,1.2042606516290726,1.2036987770280112
2026-05-05,79.92,0.0,0.0,0.0,79.92,96.22,0.0,0.0,0.0,96.22,1.2039539539539539,1.2037359127588247
2026-05-06,80.16,0.0,0.0,0.0,80.16,96.54,0.0,0.0,0.0,96.54,1.2043413173652695,1.2037958518032947
2026-05-07,79.86,0.0,0.0,0.0,79.86,96.2,0.0,0.0,0.0,96.2,1.2046080641121963,1.2038805150985907
2026-05-08,80.14,0.0,0.0,0.0,80.14,96.52,0.0,0.0,0.0,96.52,1.2043923134514598,1.2039200407261412
2026-05-11,79.98,0.0,0.0,0.0,79.98,96.32,0.0,0.0,0.0,96.32,1.204301075268817,1.2039681371010946
2026-05-12,79.87,0.0,0.0,0.0,79.87,96.18,0.0,0.0,0.0,96.18,1.2042068361086766,1.2040107770431745
2026-05-13,79.91,0.0,0.0,0.0,79.91,96.18,0.0,0.0,0.0,96.18,1.2036040545613818,1.2040306516578951
2026-05-14,79.85,0.0,0.0,0.0,79.85,96.12,0.0,0.0,0.0,96.12,1.2037570444583596,1.2040380433954367
2026-05-15,79.46,0.0,0.0,0.0,79.46,95.72,0.0,0.0,0.0,95.72,1.20463126101183,1.2040836176053586
2026-05-18,79.54,0.0,0.0,0.0,79.54,95.77,0.0,0.0,0.0,95.77,1.2040482775961778,1.2041036040838273
2026-05-19,79.35,0.0,0.0,0.0,79.35,95.54,0.0,0.0,0.0,95.54,1.204032766225583,1.2041148728542328
2026-05-20,79.86,0.0,0.0,0.0,79.86,96.12,0.0,0.0,0.0,96.12,1.2036063110443276,1.2041026418225984
2026-05-21,79.9,0.0,0.0,0.0,79.9,96.2,0.0,0.0,0.0,96.2,1.2040050062578223,1.204118743821442
2026-05-22,79.91,0.0,0.0,0.0,79.91,96.25,0.0,0.0,0.0,96.25,1.2044800400450508,1.2041476663008317
2026-05-26,80.18,0.0,0.0,0.0,80.18,96.56,0.0,0.0,0.0,96.56,1.2042903467198802,1.2041771134592083
2026-05-27,80.13,0.0,0.0,0.0,80.13,96.52,0.0,0.0,0.0,96.52,1.2045426182453514,1.2042052393963512
2026-05-28,80.23,0.0,0.0,0.0,80.23,96.62,0.0,0.0,0.0,96.62,1.2042876729402967,1.2042049718515528
2026-05-29,80.31,0.0,0.0,0.0,80.31,96.77,0.0,0.0,0.0,96.77,1.2049557962893787,1.2042201167294704
2026-06-01,79.84,0.0,0.0,0.0,79.84,96.17,0.0,0.0,0.0,96.17,1.2045340681362726,1.2042419737710577
2026-06-02,79.9,0.0,0.0,0.0,79.9,96.21,0.0,0.0,0.0,96.21,1.2041301627033791,1.2042354493247733
2026-06-03,79.68,0.0,0.0,0.0,79.68,96.0,0.0,0.0,0.0,96.0,1.2048192771084336,1.2042787154824972
2026-06-04,79.83,0.0,0.0,0.0,79.83,96.15,0.0,0.0,0.0,96.15,1.2044344231491921,1.2042833707716933
2026-06-05,79.43,0.0,0.0,0.0,79.43,95.73,0.0,0.0,0.0,95.73,1.2052121364723656,1.2043135743897018
2026-06-08,79.54,0.0,0.0,0.0,79.54,95.8,0.0,0.0,0.0,95.8,1.2044254463163186,1.2043152310329448
2026-06-09,79.62,0.0,0.0,0.0,79.62,95.92,0.0,0.0,0.0,95.92,1.2047224315498617,1.204336298846997
2026-06-10,79.47,0.0,0.0,0.0,79.47,95.73,0.0,0.0,0.0,95.73,1.2046055115137788,1.204356232617252
2026-06-11,79.94,0.0,0.0,0.0,79.94,96.28,0.0,0.0,0.0,96.28,1.2044033024768577,1.204396195013026
2026-06-12,79.94,0.0,0.0,0.0,79.94,96.3,0.0,0.0,0.0,96.3,1.2046534901175883,1.2044410172959874
2026-06-15,80.04,0.0,0.0,0.0,80.04,96.45,0.0,0.0,0.0,96.45,1.2050224887556222,1.204460578683177
2026-06-16,80.03,0.0,0.0,0.0,80.03,96.43,0.0,0.0,0.0,96.43,1.2049231538173186,1.204504322494234
2026-06-17,79.73,0.0,0.0,0.0,79.73,96.06,0.0,0.0,0.0,96.06,1.204816254860153,1.2045434969259625
2026-06-18,80.01,0.0,0.0,0.0,80.01,96.39,0.0,0.0,0.0,96.39,1.2047244094488188,1.204599401846187
2026-06-22,79.94,0.0,0.0,0.0,79.94,96.3,0.0,0.0,0.0,96.3,1.2046534901175883,1.2046318260391753
2026-06-23,79.87,0.0,0.0,0.0,79.87,96.25,0.0,0.0,0.0,96.25,1.2050832602979842,1.204661987051822
2026-06-24,79.85,0.0,0.0,0.0,79.85,96.19,0.0,0.0,0.0,96.19,1.20463368816531,1.2046791541240933
2026-06-25,79.88,0.0,0.0,0.0,79.88,96.28,0.0,0.0,0.0,96.28,1.2053079619429146,1.2047174213089715
2026-06-26,79.83,0.0,0.0,0.0,79.83,96.22,0.0,0.0,0.0,96.22,1.205311286483778,1.2047686019861457
2026-06-29,80.01,0.0,0.0,0.0,80.01,96.4,0.0,0.0,0.0,96.4,1.2048493938257718,1.2047632818629654
2026-06-30,79.97,0.0,0.0,0.0,79.97,96.37,0.0,0.0,0.0,96.37,1.2050769038389397,1.2047904236480986
2026-07-01,79.59,0.0,0.0,0.0,79.59,95.88,0.0,0.0,0.0,95.88,1.2046739540143232,1.2048176132136459
2026-07-02,79.71,0.0,0.0,0.0,79.71,95.99,0.0,0.0,0.0,95.99,1.2042403713461298,1.2047886679255309
2026-07-06,79.87,0.0,0.0,0.0,79.87,96.15,0.0,0.0,0.0,96.15,1.2038312257418304,1.2047585080551626
2026-07-07,79.76,0.0,0.0,0.0,79.76,96.05,0.0,0.0,0.0,96.05,1.2042377131394182,1.2047097868885153
2026-07-08,79.66,0.0,0.0,0.0,79.66,95.9,0.0,0.0,0.0,95.9,1.2038664323374342,1.204681836189571
2026-07-09,79.75,0.0,0.0,0.0,79.75,96.0,0.0,0.0,0.0,96.0,1.2037617554858935,1.2046338023863727
2026-07-10,79.71,0.0,0.0,0.0,79.71,95.93,0.0,0.0,0.0,95.93,1.2034876427048051,1.2045779089459239
2026-07-13,79.52,0.0,0.0,0.0,79.52,95.76,0.0,0.0,0.0,95.76,1.2042253521126762,1.2045690114277148
2026-07-14,79.68,0.0,0.0,0.0,79.68,95.9,0.0,0.0,0.0,95.9,1.2035642570281124,1.2045145497732412
2026-07-15,79.81,0.0,0.0,0.0,79.81,96.07,0.0,0.0,0.0,96.07,1.2037338679363487,1.2044501187322774
2026-07-16,79.8,0.0,0.0,0.0,79.8,96.08,0.0,0.0,0.0,96.08,1.2040100250626566,1.2044044622945442
2026-07-17,79.65,0.0,0.0,0.0,79.65,95.98,0.0,0.0,0.0,95.98,1.205021971123666,1.20441474810772
2026-07-20,79.68,0.0,0.0,0.0,79.68,95.95,0.0,0.0,0.0,95.95,1.2041917670682731,1.2043881159886927
2026-07-21,79.65,0.0,0.0,0.0,79.65,95.9,0.0,0.0,0.0,95.9,1.2040175768989327,1.2043563203277599
2026-07-22,79.52,0.0,0.0,0.0,79.52,95.75,0.0,0.0,0.0,95.75,1.204099597585513,1.2043071371921363
2026-07-23,79.23,0.0,0.0,0.0,79.23,95.4,0.0,0.0,0.0,95.4,1.2040893600908746,1.2042799207884147
2026-07-24,79.23,0.0,0.0,0.0,79.23,95.39,0.0,0.0,0.0,95.39,1.203963145273255,1.2042126799549318
2026-07-27,79.27,0.0,0.0,0.0,79.27,95.46,0.0,0.0,0.0,95.46,1.2042386779361676,1.2041590495275512
2026-07-28,79.42,0.0,0.0,0.0,79.42,95.61,0.0,0.0,0.0,95.61,1.2038529337698312,1.204109226524754
2026-07-29,79.24,0.0,0.0,0.0,79.24,95.39,0.0,0.0,0.0,95.39,1.2038112064613833,1.2040459416558762
2026-07-30,79.47,0.0,0.0,0.0,79.47,95.66,0.0,0.0,0.0,95.66,1.2037246759783566,1.203998477754078
2026-07-31,79.48,0.0,0.0,0.0,79.48,95.68,0.0,0.0,0.0,95.68,1.2038248616004026,1.2039777022667917
2026-08-03,79.31,0.0,0.0,0.0,79.31,95.45,0.0,0.0,0.0,95.45,1.2035052326314462,1.2039614026112724
2026-08-04,79.55,0.0,0.0,0.0,79.55,95.75,0.0,0.0,0.0,95.75,1.2036455059710873,1.2039317922528556
2026-08-05,79.52,0.0,0.0,0.0,79.52,95.67,0.0,0.0,0.0,95.67,1.2030935613682094,1.2038931487043947
2026-08-06,79.46,0.0,0.0,0.0,79.46,95.61,0.0,0.0,0.0,95.61,1.2032469166876416,1.203867406764482
2026-08-07,79.61,0.0,0.0,0.0,79.61,95.81,0.0,0.0,0.0,95.81,1.2034920236151239,1.2038676258099978
2026-08-10,79.48,0.0,0.0,0.0,79.48,95.65,0.0,0.0,0.0,95.65,1.2034474081529944,1.2038287286120137
2026-08-11,79.51,0.0,0.0,0.0,79.51,95.69,0.0,0.0,0.0,95.69,1.2034964155452144,1.203825336537869
2026-08-12,79.61,0.0,0.0,0.0,79.61,95.85,0.0,0.0,0.0,95.85,1.2039944730561487,1.203838366793859
2026-08-13,79.79,0.0,0.0,0.0,79.79,96.04,0.0,0.0,0.0,96.04,1.2036596064669758,1.203820845864075
2026-08-14,79.71,0.0,0.0,0.0,79.71,95.97,0.0,0.0,0.0,95.97,1.2039894617990214,1.2037692203978427
2026-08-17,79.61,0.0,0.0,0.0,79.61,95.85,0.0,0.0,0.0,95.85,1.2039944730561487,1.2037593556972364
2026-08-18,79.53,0.0,0.0,0.0,79.53,95.74,0.0,0.0,0.0,95.74,1.20382245693449,1.2037495996990144
2026-08-19,79.71,0.0,0.0,0.0,79.71,95.96,0.0,0.0,0.0,95.96,1.2038640070254674,1.2037378201710118
2026-08-20,79.56,0.0,0.0,0.0,79.56,95.77,0.0,0.0,0.0,95.77,1.2037456008044243,1.2037206322066893
2026-08-21,79.61,0.0,0.0,0.0,79.61,95.87,0.0,0.0,0.0,95.87,1.2042456977766614,1.20373475983186
2026-08-24,79.7,0.0,0.0,0.0,79.7,95.95,0.0,0.0,0.0,95.95,1.2038895859473024,1.2037173052324166
2026-08-25,79.92,0.0,0.0,0.0,79.92,96.2,0.0,0.0,0.0,96.2,1.2037037037037037,1.20370984372911
2026-08-26,79.9,0.0,0.0,0.0,79.9,96.18,0.0,0.0,0.0,96.18,1.2037546933667085,1.2037070180743765
2026-08-27,79.87,0.0,0.0,0.0,79.87,96.13,0.0,0.0,0.0,96.13,1.2035808188305996,1.2036998252169886
2026-08-28,79.74,0.0,0.0,0.0,79.74,95.97,0.0,0.0,0.0,95.97,1.2035364936042137,1.203685406817179
2026-08-31,79.81,0.0,0.0,0.0,79.81,96.06,0.0,0.0,0.0,96.06,1.2036085703545922,1.2036905737033363
2026-09-01,79.1,0.0,0.0,0.0,79.1,95.21,0.0,0.0,0.0,95.21,1.2036662452591655,1.2036916106677404
2026-09-02,79.11,0.0,0.0,0.0,79.11,95.21,0.0,0.0,0.0,95.21,1.2035140942990772,1.203712637314284
2026-09-03,79.21,0.0,0.0,0.0,79.21,95.3,0.0,0.0,0.0,95.3,1.2031309178134075,1.203706837370572
2026-09-04,79.16,0.0,0.0,0.0,79.16,95.27,0.0,0.0,0.0,95.27,1.203511874684184,1.203707829924025
2026-09-08,79.12,0.0,0.0,0.0,79.12,95.21,0.0,0.0,0.0,95.21,1.2033619817997976,1.2037035586063651
2026-09-09,78.98,0.0,0.0,0.0,78.98,95.04,0.0,0.0,0.0,95.04,1.2033426183844012,1.2036958687483243
2026-09-10,78.62,0.0,0.0,0.0,78.62,94.63,0.0,0.0,0.0,94.63,1.2036377512083438,1.2036780326559344
2026-09-11,78.6,0.0,0.0,0.0,78.6,94.61,0.0,0.0,0.0,94.61,1.2036895674300254,1.2036795307040866
2026-09-14,78.53,0.0,0.0,0.0,78.53,94.49,0.0,0.0,0.0,94.49,1.2032344327008786,1.2036417792491796
2026-09-15,78.38,0.0,0.0,0.0,78.38,94.3,0.0,0.0,0.0,94.3,1.2031130390405715,1.2035977075484008
2026-09-16,78.42,0.0,0.0,0.0,78.42,94.39,0.0,0.0,0.0,94.39,1.2036470288191787,1.2035889361426353
2026-09-17,78.72,0.0,0.0,0.0,78.72,94.74,0.0,0.0,0.0,94.74,1.2035060975609755,1.2035710406694107
2026-09-18,78.53,0.0,0.0,0.0,78.53,94.55,0.0,0.0,0.0,94.55,1.2039984719215586,1.2035836842252674
2026-09-21,78.68,0.0,0.0,0.0,78.68,94.71,0.0,0.0,0.0,94.71,1.2037366548042703,1.2035582320766478
2026-09-22,78.67,0.0,0.0,0.0,78.67,94.72,0.0,0.0,0.0,94.72,1.2040167789500444,1.2035645917267848
2026-09-23,78.1,0.0,0.0,0.0,78.1,93.97,0.0,0.0,0.0,93.97,1.2032010243277849,1.203539457757989
2026-09-24,77.89,0.0,0.0,0.0,77.89,93.68,0.0,0.0,0.0,93.68,1.2027217871357043,1.2034878124464385
2026-09-25,77.86,0.0,0.0,0.0,77.86,93.61,0.0,0.0,0.0,93.61,1.202286154636527,1.203423079236735
2026-09-28,77.54,0.0,0.0,0.0,77.54,93.16,0.0,0.0,0.0,93.16,1.201444415785401,1.2033184753457946
2026-09-29,77.36,0.0,0.0,0.0,77.36,92.91,0.0,0.0,0.0,92.91,1.201008273009307,1.2031884604785303
2026-09-30,77.21,0.0,0.0,0.0,77.21,92.75,0.0,0.0,0.0,92.75,1.201269265639166,1.2030686114975302
2026-10-01,76.9,0.0,0.0,0.0,76.9,92.3,0.0,0.0,0.0,92.3,1.200260078023407,1.2029059106837467
2026-10-02,76.91,0.0,0.0,0.0,76.91,92.39,0.0,0.0,0.0,92.39,1.2012742166168249,1.2028130756239175
2026-10-05,76.98,0.0,0.0,0.0,76.98,92.52,0.0,0.0,0.0,92.52,1.201870615744349,1.2027310126769257
2026-10-06,77.3,0.0,0.0,0.0,77.3,92.92,0.0,0.0,0.0,92.92,1.2020698576972835,1.2026664064718002
