date,SOXX,div_SOXX,div_cumsum_SOXX,div_adj_SOXX,SOXX*,SMH,div_SMH,div_cumsum_SMH,div_adj_SMH,SMH*,ratio*,ratio*_ma
2026-01-02,313.69,0.0,0.0,0.0,313.69,373.3,0.0,0.0,0.0,373.3,1.190028371959578,
2026-01-05,318.06,0.0,0.0,0.0,318.06,377.59,0.0,0.0,0.0,377.59,1.1871659435326667,
2026-01-06,328.35,0.0,0.0,0.0,328.35,387.62,0.0,0.0,0.0,387.62,1.1805086036241814,
2026-01-07,324.89,0.0,0.0,0.0,324.89,385.02,0.0,0.0,0.0,385.02,1.1850780264089384,
2026-01-08,319.58,0.0,0.0,0.0,319.58,378.98,0.0,0.0,0.0,378.98,1.1858689530008137,
2026-01-09,328.78,0.0,0.0,0.0,328.78,389.22,0.0,0.0,0.0,389.22,1.1838311332806133,
2026-01-12,330.35,0.0,0.0,0.0,330.35,390.66,0.0,0.0,0.0,390.66,1.182563947328591,
2026-01-13,333.3,0.0,0.0,0.0,333.3,391.53,0.0,0.0,0.0,391.53,1.1747074707470746,
2026-01-14,331.9,0.0,0.0,0.0,331.9,388.35,0.0,0.0,0.0,388.35,1.170081349804158,
2026-01-15,337.22,0.0,0.0,0.0,337.22,396.41,0.0,0.0,0.0,396.41,1.1755233971887789,
2026-01-16,342.47,0.0,0.0,0.0,342.47,400.39,0.0,0.0,0.0,400.39,1.1691243028586444,
2026-01-20,337.35,0.0,0.0,0.0,337.35,390.39,0.0,0.0,0.0,390.39,1.1572254335260115,
2026-01-21,348.14,0.0,0.0,0.0,348.14,401.93,0.0,0.0,0.0,401.93,1.1545068076061356,
2026-01-22,348.67,0.0,0.0,0.0,348.67,402.82,0.0,0.0,0.0,402.82,1.155304442596151,
2026-01-23,344.71,0.0,0.0,0.0,344.71,400.09,0.0,0.0,0.0,400.09,1.1606567839633315,
2026-01-26,343.07,0.0,0.0,0.0,343.07,398.82,0.0,0.0,0.0,398.82,1.1625032792141545,
2026-01-27,351.08,0.0,0.0,0.0,351.08,407.25,0.0,0.0,0.0,407.25,1.1599920246097757,
2026-01-28,360.46,0.0,0.0,0.0,360.46,416.63,0.0,0.0,0.0,416.63,1.155828663374577,
2026-01-29,361.13,0.0,0.0,0.0,361.13,417.52,0.0,0.0,0.0,417.52,1.1561487552958767,
2026-01-30,346.3,0.0,0.0,0.0,346.3,403.46,0.0,0.0,0.0,403.46,1.165059197227837,1.1705853443573946
2026-02-02,352.69,0.0,0.0,0.0,352.69,407.97,0.0,0.0,0.0,407.97,1.1567382120275598,1.1689208363607935
2026-02-03,345.64,0.0,0.0,0.0,345.64,397.68,0.0,0.0,0.0,397.68,1.1505612776299041,1.1670906030656556
2026-02-04,330.38,0.0,0.0,0.0,330.38,382.02,0.0,0.0,0.0,382.02,1.156304861069072,1.1658804159379
2026-02-05,330.83,0.0,0.0,0.0,330.83,381.07,0.0,0.0,0.0,381.07,1.151860472145815,1.1642195382247438
2026-02-06,348.51,0.0,0.0,0.0,348.51,401.65,0.0,0.0,0.0,401.65,1.1524776907405814,1.162549975111732
2026-02-09,352.77,0.0,0.0,0.0,352.77,406.65,0.0,0.0,0.0,406.65,1.152734076026873,1.160995122249045
2026-02-10,351.43,0.0,0.0,0.0,351.43,404.76,0.0,0.0,0.0,404.76,1.1517514156446518,1.159454495664848
2026-02-11,360.2,0.0,0.0,0.0,360.2,414.78,0.0,0.0,0.0,414.78,1.1515269294836201,1.1582954686016755
2026-02-12,351.5,0.0,0.0,0.0,351.5,406.11,0.0,0.0,0.0,406.11,1.1553627311522048,1.1575595376690777
2026-02-13,354.66,0.0,0.0,0.0,354.66,407.72,0.0,0.0,0.0,407.72,1.149608075339762,1.156263771576627
2026-02-17,354.1,0.0,0.0,0.0,354.1,407.51,0.0,0.0,0.0,407.51,1.1508330979949166,1.1553492113334405
2026-02-18,357.92,0.0,0.0,0.0,357.92,412.55,0.0,0.0,0.0,412.55,1.1526318730442557,1.1551195333093527
2026-02-19,355.84,0.0,0.0,0.0,355.84,410.2,0.0,0.0,0.0,410.2,1.1527652877697843,1.1550324573175352
2026-02-20,359.43,0.0,0.0,0.0,359.43,415.03,0.0,0.0,0.0,415.03,1.1546893692791362,1.1550017036516844
2026-02-23,356.82,0.0,0.0,0.0,356.82,412.88,0.0,0.0,0.0,412.88,1.1571100274648283,1.1548243658267594
2026-02-24,362.04,0.0,0.0,0.0,362.04,419.16,0.0,0.0,0.0,419.16,1.1577726218097448,1.1545878329565389
2026-02-25,368.0,0.0,0.0,0.0,368.0,426.16,0.0,0.0,0.0,426.16,1.1580434782608697,1.1544904056390934
2026-02-26,356.8,0.0,0.0,0.0,356.8,412.01,0.0,0.0,0.0,412.01,1.1547365470852018,1.1544357998246249
2026-02-27,352.29,0.0,0.0,0.0,352.29,406.37,0.0,0.0,0.0,406.37,1.1535098924181781,1.1543038566807398
2026-03-02,352.05,0.0,0.0,0.0,352.05,406.39,0.0,0.0,0.0,406.39,1.1543530748473227,1.1537685505617141
2026-03-03,334.78,0.0,0.0,0.0,334.78,391.06,0.0,0.0,0.0,391.06,1.1681104008602665,1.1543371600033494
2026-03-04,341.54,0.0,0.0,0.0,341.54,399.1,0.0,0.0,0.0,399.1,1.1685307723839082,1.1552356347410497
2026-03-05,337.76,0.0,0.0,0.0,337.76,395.35,0.0,0.0,0.0,395.35,1.170505684509711,1.1559456759130815
2026-03-06,323.51,0.0,0.0,0.0,323.51,380.56,0.0,0.0,0.0,380.56,1.1763469444530308,1.1571699995284424
2026-03-09,336.37,0.0,0.0,0.0,336.37,394.37,0.0,0.0,0.0,394.37,1.1724291702589411,1.1581675735043606
2026-03-10,338.81,0.0,0.0,0.0,338.81,397.33,0.0,0.0,0.0,397.33,1.172722174670169,1.159166978436525
2026-03-11,342.09,0.0,0.0,0.0,342.09,401.03,0.0,0.0,0.0,401.03,1.1722938408021282,1.1601940996943991
2026-03-12,330.19,0.0,0.0,0.0,330.19,388.13,0.0,0.0,0.0,388.13,1.1754747266725218,1.1613914895538442
2026-03-13,331.32,0.0,0.0,0.0,331.32,387.33,0.0,0.0,0.0,387.33,1.169051068453459,1.1620759064189068
2026-03-16,337.83,0.0,0.0,0.0,337.83,393.92,0.0,0.0,0.0,393.92,1.1660302519018442,1.1628970152470108
2026-03-17,340.25,0.207944,0.207944,0.0,340.25,396.88,0.0,0.0,0.0,396.88,1.16643644379133,1.1636771825368315
2026-03-18,338.29,0.0,0.207944,0.0,338.29,393.67,0.0,0.0,0.0,393.67,1.1637056962960772,1.1642308736994225
2026-03-19,340.2,0.0,0.207944,0.0,340.2,394.92,0.0,0.0,0.0,394.92,1.160846560846561,1.1646349373532614
2026-03-20,332.51,0.0,0.207944,0.0,332.51,384.74,0.0,0.0,0.0,384.74,1.1570779826170643,1.1647543680201577
2026-03-23,336.59,0.0,0.207944,0.0,336.59,391.36,0.0,0.0,0.0,391.36,1.162720223417214,1.165034877817777
2026-03-24,341.02,0.0,0.207944,0.0,341.02,394.59,0.0,0.0,0.0,394.59,1.1570875608468711,1.1650006247696334
2026-03-25,345.25,0.0,0.207944,0.0,345.25,399.02,0.0,0.0,0.0,399.02,1.1557422157856625,1.1648855616458733
2026-03-26,328.85,0.0,0.207944,0.0,328.85,380.84,0.0,0.0,0.0,380.84,1.1580963965333737,1.1650535541182818
2026-03-27,323.48,0.0,0.207944,0.0,323.48,374.25,0.0,0.0,0.0,374.25,1.1569494250030914,1.1652255307475277
2026-03-30,309.79,0.0,0.207944,0.0,309.79,362.53,0.0,0.0,0.0,362.53,1.1702443590819587,1.1660200949592592
2026-03-31,328.66,0.0,0.207944,0.0,328.66,383.4,0.0,0.0,0.0,383.4,1.1665551025375767,1.1659423300431249
2026-04-01,338.54,0.0,0.207944,0.0,338.54,391.97,0.0,0.0,0.0,391.97,1.1578247769835175,1.1654070302731052
2026-04-02,339.61,0.0,0.207944,0.0,339.61,392.32,0.0,0.0,0.0,392.32,1.1552074438326314,1.1646421182392512
2026-04-06,344.1,0.0,0.207944,0.0,344.1,395.98,0.0,0.0,0.0,395.98,1.1507701249636733,1.1633632772647835
2026-04-07,347.76,0.0,0.207944,0.0,347.76,399.9,0.0,0.0,0.0,399.9,1.1499309868875085,1.1622383680962116
2026-04-08,370.4,0.0,0.207944,0.0,370.4,422.92,0.0,0.0,0.0,422.92,1.1417926565874732,1.160691892192077
2026-04-09,378.63,0.0,0.207944,0.0,378.63,430.31,0.0,0.0,0.0,430.31,1.1364920899030717,1.158901804647124
2026-04-10,386.6,0.0,0.207944,0.0,386.6,436.88,0.0,0.0,0.0,436.88,1.130056906363166,1.1566309136316562
2026-04-13,393.34,0.0,0.207944,0.0,393.34,443.34,0.0,0.0,0.0,443.34,1.1271164895510246,1.1545341846865347
2026-04-14,401.24,0.0,0.207944,0.0,401.24,452.0,0.0,0.0,0.0,452.0,1.1265078257402052,1.1525580633784527
2026-04-15,401.86,0.0,0.207944,0.0,401.86,453.0,0.0,0.0,0.0,453.0,1.127258249141492,1.1505991536459608
2026-04-16,405.95,0.0,0.207944,0.0,405.95,454.8,0.0,0.0,0.0,454.8,1.1203350166276635,1.14843061966254
2026-04-17,415.71,0.0,0.207944,0.0,415.71,464.16,0.0,0.0,0.0,464.16,1.1165475932741575,1.14621567128392
2026-04-20,417.55,0.0,0.207944,0.0,417.55,463.96,0.0,0.0,0.0,463.96,1.1111483654652137,1.1439191904263273
2026-04-21,420.7,0.0,0.207944,0.0,420.7,464.66,0.0,0.0,0.0,464.66,1.1044925124792013,1.1410078048794268
2026-04-22,431.77,0.0,0.207944,0.0,431.77,476.83,0.0,0.0,0.0,476.83,1.104361118187924,1.1383714827464793
2026-04-23,441.0,0.0,0.207944,0.0,441.0,481.85,0.0,0.0,0.0,481.85,1.0926303854875283,1.1352158912315724
2026-04-24,461.6,0.0,0.207944,0.0,461.6,506.44,0.0,0.0,0.0,506.44,1.0971403812824956,1.1321680904690288
2026-04-27,455.41,0.0,0.207944,0.0,455.41,506.26,0.0,0.0,0.0,506.26,1.1116576271930787,1.129903500578528
2026-04-28,438.71,0.0,0.207944,0.0,438.71,491.21,0.0,0.0,0.0,491.21,1.1196690296551253,1.1273747341071865
2026-04-29,449.99,0.0,0.207944,0.0,449.99,499.58,0.0,0.0,0.0,499.58,1.1102024489433098,1.1245571014274731
2026-04-30,461.44,0.0,0.207944,0.0,461.44,506.72,0.0,0.0,0.0,506.72,1.098127600554785,1.1215722426060364
2026-05-01,465.75,0.0,0.207944,0.0,465.75,509.82,0.0,0.0,0.0,509.82,1.094621578099839,1.1185429493193968
2026-05-04,462.06,0.0,0.207944,0.0,462.06,506.79,0.0,0.0,0.0,506.79,1.096805609661083,1.1158447235542672
2026-05-05,482.73,0.0,0.207944,0.0,482.73,522.69,0.0,0.0,0.0,522.69,1.0827791933378907,1.1124871338767863
2026-05-06,506.87,0.0,0.207944,0.0,506.87,549.76,0.0,0.0,0.0,549.76,1.0846173575078422,1.1096283689228048
2026-05-07,492.36,0.0,0.207944,0.0,492.36,540.1,0.0,0.0,0.0,540.1,1.0969615728328865,1.1076518430692954
2026-05-08,520.3,0.0,0.207944,0.0,520.3,566.54,0.0,0.0,0.0,566.54,1.0888718047280415,1.1055925879875395
2026-05-11,532.76,0.0,0.207944,0.0,532.76,576.31,0.0,0.0,0.0,576.31,1.0817441249343043,1.1033239697567034
2026-05-12,515.99,0.0,0.207944,0.0,515.99,561.25,0.0,0.0,0.0,561.25,1.0877148781953139,1.1013843223794588
2026-05-13,528.29,0.0,0.207944,0.0,528.29,572.46,0.0,0.0,0.0,572.46,1.0836093812110774,1.099201878982938
2026-05-14,530.03,0.0,0.207944,0.0,530.03,578.34,0.0,0.0,0.0,578.34,1.0911457842008945,1.0977424173615997
2026-05-15,508.52,0.0,0.207944,0.0,508.52,556.34,0.0,0.0,0.0,556.34,1.0940375993077953,1.0966169176632814
2026-05-18,495.87,0.0,0.207944,0.0,495.87,546.16,0.0,0.0,0.0,546.16,1.1014177102869702,1.0961303849043693
2026-05-19,496.74,0.0,0.207944,0.0,496.74,543.96,0.0,0.0,0.0,543.96,1.0950597898296897,1.0956587487718938
2026-05-20,520.31,0.0,0.207944,0.0,520.31,564.66,0.0,0.0,0.0,564.66,1.085237646787492,1.0947025752018722
2026-05-21,524.71,0.0,0.207944,0.0,524.71,567.88,0.0,0.0,0.0,567.88,1.0822740180290065,1.094184756828946
2026-05-22,537.33,0.0,0.207944,0.0,537.33,576.32,0.0,0.0,0.0,576.32,1.0725624848789386,1.0929558620087683
2026-05-26,570.09,0.0,0.207944,0.0,570.09,602.14,0.0,0.0,0.0,602.14,1.0562191934606815,1.0901839403221483
2026-05-27,563.98,0.0,0.207944,0.0,563.98,595.5,0.0,0.0,0.0,595.5,1.0558885066846342,1.086994914173624
2026-05-28,569.47,0.0,0.207944,0.0,569.47,599.83,0.0,0.0,0.0,599.83,1.0533127293799498,1.0841504281954557
2026-05-29,569.08,0.0,0.207944,0.0,569.08,598.93,0.0,0.0,0.0,598.93,1.0524530821677092,1.0818667022761022
2026-06-01,571.93,0.0,0.207944,0.0,571.93,607.81,0.0,0.0,0.0,607.81,1.0627349500813037,1.0802723708751754
2026-06-02,605.02,0.0,0.207944,0.0,605.02,632.21,0.0,0.0,0.0,632.21,1.0449406631185747,1.0776791235480498
2026-06-03,615.68,0.0,0.207944,0.0,615.68,637.9,0.0,0.0,0.0,637.9,1.0360901767151767,1.075344672716914
2026-06-04,602.72,0.0,0.207944,0.0,602.72,627.53,0.0,0.0,0.0,627.53,1.041163392620122,1.073171974472528
2026-06-05,539.77,0.0,0.207944,0.0,539.77,569.69,0.0,0.0,0.0,569.69,1.055431016914612,1.0710954466766145
2026-06-08,571.45,0.0,0.207944,0.0,571.45,598.16,0.0,0.0,0.0,598.16,1.046740747221979,1.0689888938013112
2026-06-09,562.14,0.0,0.207944,0.0,562.14,591.01,0.0,0.0,0.0,591.01,1.0513573131248444,1.0674695532108383
2026-06-10,541.51,0.0,0.207944,0.0,541.51,570.91,0.0,0.0,0.0,570.91,1.0542926261749552,1.0657984406098202
2026-06-11,586.93,0.0,0.207944,0.0,586.93,609.45,0.0,0.0,0.0,609.45,1.0383691411241547,1.0635364286054743
2026-06-12,596.25,0.0,0.207944,0.0,596.25,619.96,0.0,0.0,0.0,619.96,1.0397651991614256,1.0609673993535007
2026-06-15,628.45,0.282726,0.49066999999999994,0.0,628.45,647.1,0.0,0.0,0.0,647.1,1.029676187445302,1.057749328760376
2026-06-16,591.24,0.0,0.49066999999999994,0.0,591.24,616.0,0.0,0.0,0.0,616.0,1.041878086732968,1.054772347582676
2026-06-17,599.73,0.0,0.49066999999999994,0.0,599.73,623.97,0.0,0.0,0.0,623.97,1.040418188184683,1.0520402675004257
2026-06-18,639.45,0.0,0.49066999999999994,0.0,639.45,659.88,0.0,0.0,0.0,659.88,1.0319493314567205,1.0493758517338871
2026-06-22,655.01,0.0,0.49066999999999994,0.0,655.01,668.91,0.0,0.0,0.0,668.91,1.0212210500603043,1.0463232033354521
2026-06-23,603.39,0.0,0.49066999999999994,0.0,603.39,622.05,0.0,0.0,0.0,622.05,1.0309252722120021,1.0442413427021051
2026-06-24,601.5,0.0,0.49066999999999994,0.0,601.5,618.92,0.0,0.0,0.0,618.92,1.0289609310058188,1.0428784295793618
2026-06-25,625.2,0.0,0.49066999999999994,0.0,625.2,636.88,0.0,0.0,0.0,636.88,1.018682021753039,1.0410181053327823
2026-06-26,589.94,0.0,0.49066999999999994,0.0,589.94,611.61,0.0,0.0,0.0,611.61,1.036732549072787,1.040189096317424
2026-06-29,614.35,0.0,0.49066999999999994,0.0,614.35,631.98,0.0,0.0,0.0,631.98,1.0286969968259136,1.0390012920503342
2026-06-30,640.76,0.0,0.49066999999999994,0.0,640.76,655.89,0.0,0.0,0.0,655.89,1.0236125850552469,1.0370451737990316
2026-07-01,599.7,0.0,0.49066999999999994,0.0,599.7,620.46,0.0,0.0,0.0,620.46,1.034617308654327,1.0365290060758192
2026-07-02,566.32,0.0,0.49066999999999994,0.0,566.32,592.29,0.0,0.0,0.0,592.29,1.045857465743749,1.0370173705272476
2026-07-06,581.51,0.0,0.49066999999999994,0.0,581.51,604.3,0.0,0.0,0.0,604.3,1.039191071520696,1.0369187544722764
2026-07-07,551.69,0.0,0.49066999999999994,0.0,551.69,581.45,0.0,0.0,0.0,581.45,1.0539433377440228,1.036844370513747
2026-07-08,562.03,0.0,0.49066999999999994,0.0,562.03,593.0,0.0,0.0,0.0,593.0,1.0551038200807787,1.0372625241566868
2026-07-09,581.7,0.0,0.49066999999999994,0.0,581.7,607.73,0.0,0.0,0.0,607.73,1.0447481519683686,1.036932066098863
2026-07-10,581.34,0.0,0.49066999999999994,0.0,581.34,611.03,0.0,0.0,0.0,611.03,1.0510716620222245,1.0367710178912266
2026-07-13,553.61,0.0,0.49066999999999994,0.0,553.61,585.62,0.0,0.0,0.0,585.62,1.057820487346688,1.0377435852023533
2026-07-14,567.92,0.0,0.49066999999999994,0.0,567.92,600.31,0.0,0.0,0.0,600.31,1.0570326806592478,1.0386069592772444
2026-07-15,555.27,0.0,0.49066999999999994,0.0,555.27,590.77,0.0,0.0,0.0,590.77,1.0639328614908063,1.0403197929795196
2026-07-16,530.5,0.0,0.49066999999999994,0.0,530.5,568.92,0.0,0.0,0.0,568.92,1.0724222431668238,1.0418470008012124
2026-07-17,521.81,0.0,0.49066999999999994,0.0,521.81,556.53,0.0,0.0,0.0,556.53,1.0665376286387767,1.043152972823917
2026-07-20,524.14,0.0,0.49066999999999994,0.0,524.14,558.83,0.0,0.0,0.0,558.83,1.0661846071660244,1.0448647366093824
2026-07-21,552.69,0.0,0.49066999999999994,0.0,552.69,584.08,0.0,0.0,0.0,584.08,1.0567949483435561,1.0466434315235449
2026-07-22,555.52,0.0,0.49066999999999994,0.0,555.52,586.91,0.0,0.0,0.0,586.91,1.056505616359447,1.047922448730917
2026-07-23,551.24,0.0,0.49066999999999994,0.0,551.24,580.17,0.0,0.0,0.0,580.17,1.0524816776721573,1.049098486064234
2026-07-24,527.01,0.0,0.49066999999999994,0.0,527.01,561.19,0.0,0.0,0.0,561.19,1.06485645433673,1.0514072076934187
2026-07-27,516.23,0.0,0.49066999999999994,0.0,516.23,548.55,0.0,0.0,0.0,548.55,1.0626077523584447,1.0527009678577015
2026-07-28,491.46,0.0,0.49066999999999994,0.0,491.46,529.6,0.0,0.0,0.0,529.6,1.077605501973711,1.0551463931150915
2026-07-29,465.0,0.0,0.49066999999999994,0.0,465.0,504.22,0.0,0.0,0.0,504.22,1.0843440860215054,1.0581829681634043
2026-07-30,504.53,0.0,0.49066999999999994,0.0,504.53,538.9,0.0,0.0,0.0,538.9,1.0681228073652707,1.0598582430989514
2026-07-31,504.89,0.0,0.49066999999999994,0.0,504.89,540.53,0.0,0.0,0.0,540.53,1.0705896333854898,1.0610948514810385
2026-08-03,507.68,0.0,0.49066999999999994,0.0,507.68,545.46,0.0,0.0,0.0,545.46,1.0744169555625591,1.0628561456831316
2026-08-04,542.21,0.0,0.49066999999999994,0.0,542.21,575.71,0.0,0.0,0.0,575.71,1.0617841795614245,1.0632481877740017
2026-08-05,530.7,0.0,0.49066999999999994,0.0,530.7,569.7,0.0,0.0,0.0,569.7,1.073487846240814,1.0641673890820036
2026-08-06,532.52,0.0,0.49066999999999994,0.0,532.52,571.48,0.0,0.0,0.0,571.48,1.0731615713963796,1.0655880600534042
2026-08-07,543.27,0.0,0.49066999999999994,0.0,543.27,582.7,0.0,0.0,0.0,582.7,1.072579012277505,1.066663427566168
2026-08-10,529.39,0.0,0.49066999999999994,0.0,529.39,569.41,0.0,0.0,0.0,569.41,1.0755964411870265,1.067552225258185
2026-08-11,534.2,0.0,0.49066999999999994,0.0,534.2,572.93,0.0,0.0,0.0,572.93,1.0725009359790338,1.0683256380241741
2026-08-12,546.61,0.0,0.49066999999999994,0.0,546.61,584.83,0.0,0.0,0.0,584.83,1.0699218821463201,1.06862508905695
2026-08-13,550.74,0.0,0.49066999999999994,0.0,550.74,589.12,0.0,0.0,0.0,589.12,1.0696880560700148,1.0684883797021096
2026-08-14,550.42,0.0,0.49066999999999994,0.0,550.42,587.82,0.0,0.0,0.0,587.82,1.0679481123505687,1.068558903887699
2026-08-17,559.12,0.0,0.49066999999999994,0.0,559.12,594.07,0.0,0.0,0.0,594.07,1.0625089426241237,1.068375120660604
2026-08-18,531.39,0.0,0.49066999999999994,0.0,531.39,569.77,0.0,0.0,0.0,569.77,1.0722256722934191,1.0691466568580972
2026-08-19,519.67,0.0,0.49066999999999994,0.0,519.67,560.92,0.0,0.0,0.0,560.92,1.0793772971308715,1.0702902408966684
2026-08-20,522.35,0.0,0.49066999999999994,0.0,522.35,562.65,0.0,0.0,0.0,562.65,1.0771513353115727,1.0715237237786392
2026-08-21,520.05,0.0,0.49066999999999994,0.0,520.05,560.42,0.0,0.0,0.0,560.42,1.077627151235458,1.0721622586235757
2026-08-24,506.18,0.0,0.49066999999999994,0.0,506.18,546.8,0.0,0.0,0.0,546.8,1.0802481330751905,1.073044277659413
2026-08-25,514.06,0.0,0.49066999999999994,0.0,514.06,555.82,0.0,0.0,0.0,555.82,1.0812356534256704,1.0732257852320108
2026-08-26,515.4,0.0,0.49066999999999994,0.0,515.4,555.77,0.0,0.0,0.0,555.77,1.078327512611564,1.0729249565615138
2026-08-27,525.43,0.0,0.49066999999999994,0.0,525.43,573.0,0.0,0.0,0.0,573.0,1.0905353710294428,1.0740455847447223
2026-08-28,508.62,0.0,0.49066999999999994,0.0,508.62,553.11,0.0,0.0,0.0,553.11,1.0874719830128583,1.0748897022260908
2026-08-31,511.04,0.0,0.49066999999999994,0.0,511.04,556.63,0.0,0.0,0.0,556.63,1.089210237946149,1.0756293663452703
2026-09-01,500.31,0.0,0.49066999999999994,0.0,500.31,545.22,0.0,0.0,0.0,545.22,1.0897643461054147,1.0770283746724698
2026-09-02,501.44,0.0,0.49066999999999994,0.0,501.44,550.48,0.0,0.0,0.0,550.48,1.0977983407785579,1.0782438993993568
2026-09-03,502.2,0.0,0.49066999999999994,0.0,502.2,552.6,0.0,0.0,0.0,552.6,1.1003584229390682,1.0796037419764914
2026-09-04,519.86,0.0,0.49066999999999994,0.0,519.86,567.01,0.0,0.0,0.0,567.01,1.090697495479552,1.0805096661365938
2026-09-08,528.4,0.0,0.49066999999999994,0.0,528.4,573.73,0.0,0.0,0.0,573.73,1.085787282361847,1.0810192081953347
2026-09-09,532.0,0.0,0.49066999999999994,0.0,532.0,574.29,0.0,0.0,0.0,574.29,1.0794924812030076,1.0813687854565335
2026-09-10,517.43,0.0,0.49066999999999994,0.0,517.43,560.28,0.0,0.0,0.0,560.28,1.082813134143749,1.082013348056405
2026-09-11,527.07,0.0,0.49066999999999994,0.0,527.07,568.53,0.0,0.0,0.0,568.53,1.0786612783880698,1.0824620091723076
2026-09-14,497.4,0.0,0.49066999999999994,0.0,497.4,541.5,0.0,0.0,0.0,541.5,1.0886610373944512,1.083497655424502
2026-09-15,498.85,0.325046,0.8157159999999999,0.0,498.85,542.11,0.0,0.0,0.0,542.11,1.0867194547459156,1.0847081810305916
2026-09-16,502.06,0.0,0.8157159999999999,0.0,502.06,545.56,0.0,0.0,0.0,545.56,1.0866430307134605,1.0854290489515934
2026-09-17,519.1,0.0,0.8157159999999999,0.0,519.1,560.61,0.0,0.0,0.0,560.61,1.0799653246002696,1.0854584503250633
2026-09-18,533.07,0.0,0.8157159999999999,0.0,533.07,573.0,0.0,0.0,0.0,573.0,1.0749057347065112,1.0853461702948102
2026-09-21,559.34,0.0,0.8157159999999999,0.0,559.34,596.03,0.0,0.0,0.0,596.03,1.06559516573104,1.0847445710195893
2026-09-22,572.78,0.0,0.8157159999999999,0.0,572.78,607.46,0.0,0.0,0.0,607.46,1.0605468068019135,1.0837595047059256
2026-09-23,565.72,0.0,0.8157159999999999,0.0,565.72,601.41,0.0,0.0,0.0,601.41,1.063087746588418,1.082852109364063
2026-09-24,566.07,0.0,0.8157159999999999,0.0,566.07,600.52,0.0,0.0,0.0,600.52,1.0608581977493947,1.0819786436209546
2026-09-25,572.68,0.0,0.8157159999999999,0.0,572.68,606.56,0.0,0.0,0.0,606.56,1.0591604386393798,1.0804098970014513
2026-09-28,560.79,0.0,0.8157159999999999,0.0,560.79,600.01,0.0,0.0,0.0,600.01,1.0699370530858254,1.0795331505050998
2026-09-29,567.44,0.0,0.8157159999999999,0.0,567.44,606.9,0.0,0.0,0.0,606.9,1.0695403919357112,1.078549658204578
2026-09-30,568.64,0.0,0.8157159999999999,0.0,568.64,609.0,0.0,0.0,0.0,609.0,1.0709763646595385,1.077610259132284
2026-10-01,576.33,0.0,0.8157159999999999,0.0,576.33,617.81,0.0,0.0,0.0,617.81,1.0719726545555497,1.0763189748211337
2026-10-02,588.9,0.0,0.8157159999999999,0.0,588.9,630.6,0.0,0.0,0.0,630.6,1.0708099847172696,1.0748415529100437
2026-10-05,589.51,0.0,0.8157159999999999,0.0,589.51,633.9,0.0,0.0,0.0,633.9,1.0752998252786212,1.0740716693999972
2026-10-06,594.47,0.0,0.8157159999999999,0.0,594.47,637.21,0.0,0.0,0.0,637.21,1.0718959745655794,1.0733771040101838
