date,USIG,div_USIG,div_cumsum_USIG,div_adj_USIG,USIG*,CORP,div_CORP,div_cumsum_CORP,div_adj_CORP,CORP*,ratio*,ratio*_ma
2026-01-02,51.76,0.0,0.0,0.0,51.76,97.82,0.0,0.0,0.0,97.82,1.8898763523956723,
2026-01-05,51.87,0.0,0.0,0.0,51.87,98.02,0.0,0.0,0.0,98.02,1.8897243107769424,
2026-01-06,51.88,0.0,0.0,0.0,51.88,98.05,0.0,0.0,0.0,98.05,1.8899383191981494,
2026-01-07,51.91,0.0,0.0,0.0,51.91,98.1,0.0,0.0,0.0,98.1,1.8898092853014834,
2026-01-08,51.8,0.0,0.0,0.0,51.8,97.9,0.0,0.0,0.0,97.9,1.88996138996139,
2026-01-09,51.92,0.0,0.0,0.0,51.92,98.11,0.0,0.0,0.0,98.11,1.8896379044684128,
2026-01-12,51.86,0.0,0.0,0.0,51.86,98.04,0.0,0.0,0.0,98.04,1.8904743540300812,
2026-01-13,51.97,0.0,0.0,0.0,51.97,98.19,0.0,0.0,0.0,98.19,1.8893592457186839,
2026-01-14,52.06,0.0,0.0,0.0,52.06,98.45,0.0,0.0,0.0,98.45,1.8910872070687668,
2026-01-15,52.01,0.0,0.0,0.0,52.01,98.29,0.0,0.0,0.0,98.29,1.889828879061719,
2026-01-16,51.9,0.0,0.0,0.0,51.9,98.08,0.0,0.0,0.0,98.08,1.8897880539499037,
2026-01-20,51.67,0.0,0.0,0.0,51.67,97.63,0.0,0.0,0.0,97.63,1.8894910005806076,
2026-01-21,51.9,0.0,0.0,0.0,51.9,98.07,0.0,0.0,0.0,98.07,1.8895953757225432,
2026-01-22,51.97,0.0,0.0,0.0,51.97,98.2,0.0,0.0,0.0,98.2,1.8895516644217818,
2026-01-23,52.0,0.0,0.0,0.0,52.0,98.25,0.0,0.0,0.0,98.25,1.8894230769230769,
2026-01-26,52.05,0.0,0.0,0.0,52.05,98.34,0.0,0.0,0.0,98.34,1.8893371757925075,
2026-01-27,52.0,0.0,0.0,0.0,52.0,98.28,0.0,0.0,0.0,98.28,1.8900000000000001,
2026-01-28,51.97,0.0,0.0,0.0,51.97,98.16,0.0,0.0,0.0,98.16,1.88878198960939,
2026-01-29,51.98,0.0,0.0,0.0,51.98,98.27,0.0,0.0,0.0,98.27,1.8905348210850328,
2026-01-30,51.96,0.0,0.0,0.0,51.96,98.2,0.0,0.0,0.0,98.2,1.8899153194765204,1.8898057862771331
2026-02-02,51.7,0.0,0.0,0.0,51.7,97.78,0.0,0.0,0.0,97.78,1.8912959381044487,1.889876765562572
2026-02-03,51.73,0.0,0.0,0.0,51.73,97.77,0.0,0.0,0.0,97.77,1.8900057993427413,1.889890839990862
2026-02-04,51.7,0.0,0.0,0.0,51.7,97.7,0.0,0.0,0.0,97.7,1.8897485493230173,1.8898813514971053
2026-02-05,51.89,0.0,0.0,0.0,51.89,98.11,0.0,0.0,0.0,98.11,1.8907303912121796,1.8899274067926402
2026-02-06,51.92,0.0,0.0,0.0,51.92,98.13,0.0,0.0,0.0,98.13,1.8900231124807394,1.889930492918608
2026-02-09,51.92,0.0,0.0,0.0,51.92,98.18,0.0,0.0,0.0,98.18,1.8909861325115562,1.889997904320765
2026-02-10,52.03,0.0,0.0,0.0,52.03,98.38,0.0,0.0,0.0,98.38,1.8908322121852776,1.8900157972285245
2026-02-11,51.98,0.0,0.0,0.0,51.98,98.29,0.0,0.0,0.0,98.29,1.89091958445556,1.8900938141653687
2026-02-12,52.14,0.0,0.0,0.0,52.14,98.65,0.0,0.0,0.0,98.65,1.8920214806290756,1.8901405278433838
2026-02-13,52.3,0.0,0.0,0.0,52.3,98.91,0.0,0.0,0.0,98.91,1.8912045889101339,1.8902093133358047
2026-02-17,52.33,0.0,0.0,0.0,52.33,99.02,0.0,0.0,0.0,99.02,1.8922224345499714,1.890331032365808
2026-02-18,52.3,0.0,0.0,0.0,52.3,98.88,0.0,0.0,0.0,98.88,1.8906309751434034,1.8903880310939478
2026-02-19,52.32,0.0,0.0,0.0,52.32,98.94,0.0,0.0,0.0,98.94,1.8910550458715596,1.8904610146013987
2026-02-20,52.3,0.0,0.0,0.0,52.3,98.97,0.0,0.0,0.0,98.97,1.8923518164435946,1.8906010222024894
2026-02-23,52.37,0.0,0.0,0.0,52.37,99.08,0.0,0.0,0.0,99.08,1.8919228565972885,1.8907260111861999
2026-02-24,52.34,0.0,0.0,0.0,52.34,99.04,0.0,0.0,0.0,99.04,1.8922430263660681,1.8908713037148779
2026-02-25,52.32,0.0,0.0,0.0,52.32,98.98,0.0,0.0,0.0,98.98,1.8918195718654436,1.8909622823081502
2026-02-26,52.35,0.0,0.0,0.0,52.35,99.07,0.0,0.0,0.0,99.07,1.8924546322827123,1.891145914441816
2026-02-27,52.37,0.0,0.0,0.0,52.37,99.09,0.0,0.0,0.0,99.09,1.8921138056139013,1.8912248636682594
2026-03-02,52.02,0.0,0.0,0.0,52.02,98.4,0.0,0.0,0.0,98.4,1.8915801614763552,1.8913081057682515
2026-03-03,51.98,0.0,0.0,0.0,51.98,98.32,0.0,0.0,0.0,98.32,1.8914967295113505,1.8913181453385968
2026-03-04,51.99,0.0,0.0,0.0,51.99,98.32,0.0,0.0,0.0,98.32,1.8911329101750334,1.891374500880211
2026-03-05,51.83,0.0,0.0,0.0,51.83,98.0,0.0,0.0,0.0,98.0,1.890796835809377,1.8914269152045289
2026-03-06,51.7,0.0,0.0,0.0,51.7,97.8,0.0,0.0,0.0,97.8,1.8916827852998064,1.8914745349089102
2026-03-09,51.94,0.0,0.0,0.0,51.94,98.14,0.0,0.0,0.0,98.14,1.8894878706199463,1.8914477728158705
2026-03-10,51.68,0.0,0.0,0.0,51.68,97.76,0.0,0.0,0.0,97.76,1.891640866873065,1.8914805095339464
2026-03-11,51.35,0.0,0.0,0.0,51.35,97.18,0.0,0.0,0.0,97.18,1.8925024342745862,1.8915640206384114
2026-03-12,51.1,0.0,0.0,0.0,51.1,96.76,0.0,0.0,0.0,96.76,1.8935420743639921,1.891695145133833
2026-03-13,50.97,0.0,0.0,0.0,50.97,96.44,0.0,0.0,0.0,96.44,1.8920933882676083,1.89169874051576
2026-03-16,51.15,0.0,0.0,0.0,51.15,96.74,0.0,0.0,0.0,96.74,1.8913000977517107,1.8917035159578386
2026-03-17,51.37,0.0,0.0,0.0,51.37,97.16,0.0,0.0,0.0,97.16,1.8913762896632276,1.8916612087135014
2026-03-18,51.15,0.0,0.0,0.0,51.15,96.76,0.0,0.0,0.0,96.76,1.8916911045943305,1.8917142151860478
2026-03-19,51.32,0.0,0.0,0.0,51.32,97.0,0.0,0.0,0.0,97.0,1.8901013250194856,1.891666529143444
2026-03-20,50.8,0.0,0.0,0.0,50.8,96.08,0.0,0.0,0.0,96.08,1.8913385826771654,1.8916158674551227
2026-03-23,51.08,0.0,0.0,0.0,51.08,96.52,0.0,0.0,0.0,96.52,1.889584964761159,1.8914989728633163
2026-03-24,50.98,0.0,0.0,0.0,50.98,96.36,0.0,0.0,0.0,96.36,1.8901530011769323,1.8913944716038593
2026-03-25,51.11,0.0,0.0,0.0,51.11,96.64,0.0,0.0,0.0,96.64,1.8908237135589905,1.8913446786885366
2026-03-26,50.8,0.0,0.0,0.0,50.8,96.03,0.0,0.0,0.0,96.03,1.8903543307086614,1.8912396636098343
2026-03-27,50.71,0.0,0.0,0.0,50.71,95.87,0.0,0.0,0.0,95.87,1.8905541313350425,1.8911616798958915
2026-03-30,50.97,0.0,0.0,0.0,50.97,96.29,0.0,0.0,0.0,96.29,1.8891504806749069,1.891040195855819
2026-03-31,51.23,0.0,0.0,0.0,51.23,96.8,0.0,0.0,0.0,96.8,1.889517860628538,1.8909412524116782
2026-04-01,51.06,0.0,0.0,0.0,51.06,96.52,0.0,0.0,0.0,96.52,1.8903251077164118,1.8909008622887473
2026-04-02,51.21,0.0,0.0,0.0,51.21,96.83,0.0,0.0,0.0,96.83,1.8908416324936534,1.8909031021229612
2026-04-06,51.13,0.0,0.0,0.0,51.13,96.71,0.0,0.0,0.0,96.71,1.891453158615294,1.8908916207887354
2026-04-07,51.24,0.0,0.0,0.0,51.24,96.86,0.0,0.0,0.0,96.86,1.89032006245121,1.8909332303802988
2026-04-08,51.38,0.0,0.0,0.0,51.38,97.16,0.0,0.0,0.0,97.16,1.891008174386921,1.8909015957559911
2026-04-09,51.4,0.0,0.0,0.0,51.4,97.22,0.0,0.0,0.0,97.22,1.8914396887159532,1.8908484584780598
2026-04-10,51.31,0.0,0.0,0.0,51.31,97.06,0.0,0.0,0.0,97.06,1.8916390567140908,1.8907533075955647
2026-04-13,51.46,0.0,0.0,0.0,51.46,97.33,0.0,0.0,0.0,97.33,1.8913719393703847,1.8907172351507036
2026-04-14,51.59,0.0,0.0,0.0,51.59,97.59,0.0,0.0,0.0,97.59,1.8916456677650706,1.8907345136513716
2026-04-15,51.57,0.0,0.0,0.0,51.57,97.54,0.0,0.0,0.0,97.54,1.8914097343416716,1.8907361858852938
2026-04-16,51.41,0.0,0.0,0.0,51.41,97.22,0.0,0.0,0.0,97.22,1.891071775919082,1.8907052194515312
2026-04-17,51.65,0.0,0.0,0.0,51.65,97.7,0.0,0.0,0.0,97.7,1.8915779283639884,1.8907790496187566
2026-04-20,51.65,0.0,0.0,0.0,51.65,97.72,0.0,0.0,0.0,97.72,1.8919651500484027,1.8908103779873184
2026-04-21,51.46,0.0,0.0,0.0,51.46,97.34,0.0,0.0,0.0,97.34,1.891566265060241,1.8909094430022724
2026-04-22,51.56,0.0,0.0,0.0,51.56,97.48,0.0,0.0,0.0,97.48,1.8906128782001552,1.8909324368534333
2026-04-23,51.45,0.0,0.0,0.0,51.45,97.36,0.0,0.0,0.0,97.36,1.8923226433430513,1.8910073833426366
2026-04-24,51.5,0.0,0.0,0.0,51.5,97.43,0.0,0.0,0.0,97.43,1.891844660194175,1.8910818998169123
2026-04-27,51.38,0.0,0.0,0.0,51.38,97.23,0.0,0.0,0.0,97.23,1.8923705722070845,1.8911727218605143
2026-04-28,51.41,0.0,0.0,0.0,51.41,97.22,0.0,0.0,0.0,97.22,1.891071775919082,1.8912687866227231
2026-04-29,51.18,0.0,0.0,0.0,51.18,96.8,0.0,0.0,0.0,96.8,1.8913638139898397,1.8913610842907882
2026-04-30,51.25,0.0,0.0,0.0,51.25,96.92,0.0,0.0,0.0,96.92,1.8911219512195123,1.891400926465943
2026-05-01,51.1,0.0,0.0,0.0,51.1,96.7,0.0,0.0,0.0,96.7,1.8923679060665362,1.8914772401445874
2026-05-04,50.97,0.0,0.0,0.0,50.97,96.36,0.0,0.0,0.0,96.36,1.890523837551501,1.8914307740913976
2026-05-05,51.11,0.0,0.0,0.0,51.11,96.6,0.0,0.0,0.0,96.6,1.8900410878497358,1.8914168253613242
2026-05-06,51.31,0.0,0.0,0.0,51.31,97.02,0.0,0.0,0.0,97.02,1.8908594815825372,1.8914093907211047
2026-05-07,51.16,0.0,0.0,0.0,51.16,96.76,0.0,0.0,0.0,96.76,1.8913213448006256,1.8914034735253384
2026-05-08,51.32,0.0,0.0,0.0,51.32,97.06,0.0,0.0,0.0,97.06,1.8912704598597039,1.8913850436826192
2026-05-11,51.21,0.0,0.0,0.0,51.21,96.85,0.0,0.0,0.0,96.85,1.8912321812146065,1.89137805577483
2026-05-12,51.07,0.0,0.0,0.0,51.07,96.53,0.0,0.0,0.0,96.53,1.8901507734482084,1.8913033110589867
2026-05-13,51.09,0.0,0.0,0.0,51.09,96.56,0.0,0.0,0.0,96.56,1.8899980426697982,1.8912327264753934
2026-05-14,51.07,0.0,0.0,0.0,51.07,96.55,0.0,0.0,0.0,96.55,1.890542392794204,1.8912062573191495
2026-05-15,50.82,0.0,0.0,0.0,50.82,96.03,0.0,0.0,0.0,96.03,1.8896103896103895,1.8911078803814694
2026-05-18,50.74,0.0,0.0,0.0,50.74,95.88,0.0,0.0,0.0,95.88,1.8896334253054787,1.8909912941443232
2026-05-19,50.56,0.0,0.0,0.0,50.56,95.52,0.0,0.0,0.0,95.52,1.8892405063291138,1.8908750062077668
2026-05-20,50.86,0.0,0.0,0.0,50.86,96.13,0.0,0.0,0.0,96.13,1.8900904443570585,1.8908488845156122
2026-05-21,50.94,0.0,0.0,0.0,50.94,96.23,0.0,0.0,0.0,96.23,1.8890851982724777,1.8906870122620834
2026-05-22,51.0,0.0,0.0,0.0,51.0,96.38,0.0,0.0,0.0,96.38,1.8898039215686273,1.8905849753308062
2026-05-26,51.16,0.0,0.0,0.0,51.16,96.71,0.0,0.0,0.0,96.71,1.8903440187646599,1.8904836476586848
2026-05-27,51.23,0.0,0.0,0.0,51.23,96.81,0.0,0.0,0.0,96.81,1.889713058754636,1.8904157118004625
2026-05-28,51.34,0.0,0.0,0.0,51.34,97.02,0.0,0.0,0.0,97.02,1.8897545773276196,1.8903352499673514
2026-05-29,51.39,0.0,0.0,0.0,51.39,97.12,0.0,0.0,0.0,97.12,1.8898618408250634,1.890272244447629
2026-06-01,51.16,0.0,0.0,0.0,51.16,96.69,0.0,0.0,0.0,96.69,1.8899530883502738,1.8901515035618157
2026-06-02,51.17,0.0,0.0,0.0,51.17,96.68,0.0,0.0,0.0,96.68,1.889388313464921,1.8900947273574868
2026-06-03,51.05,0.0,0.0,0.0,51.05,96.48,0.0,0.0,0.0,96.48,1.8899118511263469,1.8900882655213174
2026-06-04,51.14,0.0,0.0,0.0,51.14,96.63,0.0,0.0,0.0,96.63,1.8895189675400859,1.8900212398191947
2026-06-05,50.88,0.0,0.0,0.0,50.88,96.09,0.0,0.0,0.0,96.09,1.888561320754717,1.8898832386168993
2026-06-08,50.84,0.0,0.0,0.0,50.84,96.02,0.0,0.0,0.0,96.02,1.8886703383162862,1.8897532325397286
2026-06-09,50.97,0.0,0.0,0.0,50.97,96.28,0.0,0.0,0.0,96.28,1.8889542868353935,1.889639337820768
2026-06-10,50.9,0.0,0.0,0.0,50.9,96.15,0.0,0.0,0.0,96.15,1.888998035363458,1.8895817009165305
2026-06-11,51.22,0.0,0.0,0.0,51.22,96.8,0.0,0.0,0.0,96.8,1.8898867629832097,1.889576136932201
2026-06-12,51.2,0.0,0.0,0.0,51.2,96.71,0.0,0.0,0.0,96.71,1.8888671874999998,1.8894923766674907
2026-06-15,51.21,0.0,0.0,0.0,51.21,96.76,0.0,0.0,0.0,96.76,1.8894747119703184,1.8894855927854874
2026-06-16,51.28,0.0,0.0,0.0,51.28,96.87,0.0,0.0,0.0,96.87,1.889040561622465,1.8894559496013368
2026-06-17,51.1,0.0,0.0,0.0,51.1,96.52,0.0,0.0,0.0,96.52,1.8888454011741682,1.8894361943435893
2026-06-18,51.23,0.0,0.0,0.0,51.23,96.77,0.0,0.0,0.0,96.77,1.8889322662502441,1.8893782854382486
2026-06-22,51.13,0.0,0.0,0.0,51.13,96.55,0.0,0.0,0.0,96.55,1.8883238803051046,1.8893402195398799
2026-06-23,51.19,0.0,0.0,0.0,51.19,96.68,0.0,0.0,0.0,96.68,1.8886501269779257,1.8892825298103446
2026-06-24,51.37,0.0,0.0,0.0,51.37,97.07,0.0,0.0,0.0,97.07,1.889624294335215,1.8892465435888723
2026-06-25,51.41,0.0,0.0,0.0,51.41,97.19,0.0,0.0,0.0,97.19,1.8904882318615057,1.889285302244216
2026-06-26,51.43,0.0,0.0,0.0,51.43,97.26,0.0,0.0,0.0,97.26,1.8911141357184524,1.8893532801637576
2026-06-29,51.52,0.0,0.0,0.0,51.52,97.4,0.0,0.0,0.0,97.4,1.890527950310559,1.8893865856380327
2026-06-30,51.29,0.0,0.0,0.0,51.29,96.9,0.0,0.0,0.0,96.9,1.8892571651394034,1.8893517894774892
2026-07-01,51.01,0.0,0.0,0.0,51.01,96.33,0.0,0.0,0.0,96.33,1.8884532444618702,1.8893050360273365
2026-07-02,51.09,0.0,0.0,0.0,51.09,96.52,0.0,0.0,0.0,96.52,1.8892151105891561,1.889270199000477
2026-07-06,51.09,0.0,0.0,0.0,51.09,96.52,0.0,0.0,0.0,96.52,1.8892151105891561,1.8892550061529305
2026-07-07,50.82,0.0,0.0,0.0,50.82,96.03,0.0,0.0,0.0,96.03,1.8896103896103895,1.8893074595957142
2026-07-08,50.73,0.0,0.0,0.0,50.73,95.87,0.0,0.0,0.0,95.87,1.8898087916420265,1.889364382262001
2026-07-09,50.78,0.0,0.0,0.0,50.78,95.97,0.0,0.0,0.0,95.97,1.8899172902717605,1.8894125324338193
2026-07-10,50.7,0.0,0.0,0.0,50.7,95.79,0.0,0.0,0.0,95.79,1.8893491124260355,1.8894300862869482
2026-07-13,50.5,0.0,0.0,0.0,50.5,95.41,0.0,0.0,0.0,95.41,1.8893069306930692,1.8894010946724413
2026-07-14,50.62,0.0,0.0,0.0,50.62,95.64,0.0,0.0,0.0,95.64,1.8893717898064006,1.8894263247877614
2026-07-15,50.75,0.0,0.0,0.0,50.75,95.9,0.0,0.0,0.0,95.9,1.889655172413793,1.889435347809935
2026-07-16,50.72,0.0,0.0,0.0,50.72,95.88,0.0,0.0,0.0,95.88,1.890378548895899,1.8895022471736067
2026-07-17,50.74,0.0,0.0,0.0,50.74,95.93,0.0,0.0,0.0,95.93,1.8906188411509657,1.8895909191724467
2026-07-20,50.61,0.0,0.0,0.0,50.61,95.63,0.0,0.0,0.0,95.63,1.8895475202529144,1.8896216818725802
2026-07-21,50.5,0.0,0.0,0.0,50.5,95.45,0.0,0.0,0.0,95.45,1.8900990099009902,1.8897104383523744
2026-07-22,50.42,0.0,0.0,0.0,50.42,95.27,0.0,0.0,0.0,95.27,1.8895279650932169,1.889754330258139
2026-07-23,50.27,0.0,0.0,0.0,50.27,94.99,0.0,0.0,0.0,94.99,1.8895961806246269,1.8897529245726097
2026-07-24,50.3,0.0,0.0,0.0,50.3,95.02,0.0,0.0,0.0,95.02,1.889065606361829,1.8896817932976255
2026-07-27,50.39,0.0,0.0,0.0,50.39,95.2,0.0,0.0,0.0,95.2,1.8892637428061123,1.889589273652009
2026-07-28,50.51,0.0,0.0,0.0,50.51,95.48,0.0,0.0,0.0,95.48,1.8903187487626214,1.8895788135746117
2026-07-29,50.3,0.0,0.0,0.0,50.3,95.1,0.0,0.0,0.0,95.1,1.8906560636182903,1.8896487584985562
2026-07-30,50.37,0.0,0.0,0.0,50.37,95.27,0.0,0.0,0.0,95.27,1.8914036132618621,1.8897962769385561
2026-07-31,50.32,0.0,0.0,0.0,50.32,95.08,0.0,0.0,0.0,95.08,1.8895071542130366,1.8898108791197497
2026-08-03,50.22,0.0,0.0,0.0,50.22,94.87,0.0,0.0,0.0,94.87,1.889088012743927,1.8898045242274883
2026-08-04,50.44,0.0,0.0,0.0,50.44,95.31,0.0,0.0,0.0,95.31,1.889571768437748,1.8898025931688562
2026-08-05,50.45,0.0,0.0,0.0,50.45,95.35,0.0,0.0,0.0,95.35,1.8899900891972248,1.8898116580466162
2026-08-06,50.32,0.0,0.0,0.0,50.32,95.1,0.0,0.0,0.0,95.1,1.8899046104928456,1.8898110240576702
2026-08-07,50.4,0.0,0.0,0.0,50.4,95.23,0.0,0.0,0.0,95.23,1.8894841269841272,1.889817774785575
2026-08-10,50.18,0.0,0.0,0.0,50.18,94.84,0.0,0.0,0.0,94.84,1.889996014348346,1.8898522289683388
2026-08-11,50.21,0.0,0.0,0.0,50.21,94.92,0.0,0.0,0.0,94.92,1.8904600677155945,1.8899066428637987
2026-08-12,50.25,0.0,0.0,0.0,50.25,94.97,0.0,0.0,0.0,94.97,1.889950248756219,1.8899213966809196
2026-08-13,50.41,0.0,0.0,0.0,50.41,95.27,0.0,0.0,0.0,95.27,1.8899027970640747,1.8898976090893285
2026-08-14,50.28,0.0,0.0,0.0,50.28,95.08,0.0,0.0,0.0,95.08,1.8910103420843276,1.8899171841359965
2026-08-17,50.12,0.0,0.0,0.0,50.12,94.76,0.0,0.0,0.0,94.76,1.890662410215483,1.8899729286341251
2026-08-18,50.16,0.0,0.0,0.0,50.16,94.82,0.0,0.0,0.0,94.82,1.8903508771929824,1.889985521998725
2026-08-19,50.44,0.0,0.0,0.0,50.44,95.28,0.0,0.0,0.0,95.28,1.8889770023790644,1.8899579738630172
2026-08-20,50.25,0.0,0.0,0.0,50.25,95.01,0.0,0.0,0.0,95.01,1.8907462686567165,1.8900154782646215
2026-08-21,50.2,0.0,0.0,0.0,50.2,94.89,0.0,0.0,0.0,94.89,1.8902390438247012,1.8900741501377651
2026-08-24,50.3,0.0,0.0,0.0,50.3,95.03,0.0,0.0,0.0,95.03,1.8892644135188867,1.8900741836734039
2026-08-25,50.54,0.0,0.0,0.0,50.54,95.51,0.0,0.0,0.0,95.51,1.8897902651365257,1.8900477594920992
2026-08-26,50.51,0.0,0.0,0.0,50.51,95.46,0.0,0.0,0.0,95.46,1.8899227875668183,1.8900110956895255
2026-08-27,50.49,0.0,0.0,0.0,50.49,95.44,0.0,0.0,0.0,95.44,1.8902753020400078,1.8899546801284326
2026-08-28,50.32,0.0,0.0,0.0,50.32,95.09,0.0,0.0,0.0,95.09,1.8897058823529411,1.889964616535428
2026-08-31,50.28,0.0,0.0,0.0,50.28,94.98,0.0,0.0,0.0,94.98,1.8890214797136038,1.889961289883912
2026-09-01,49.89,0.0,0.0,0.0,49.89,94.2,0.0,0.0,0.0,94.2,1.8881539386650632,1.8898903983952777
2026-09-02,49.93,0.0,0.0,0.0,49.93,94.28,0.0,0.0,0.0,94.28,1.8882435409573404,1.8898030709832834
2026-09-03,50.0,0.0,0.0,0.0,50.0,94.38,0.0,0.0,0.0,94.38,1.8876,1.8896878404586412
2026-09-04,50.0,0.0,0.0,0.0,50.0,94.39,0.0,0.0,0.0,94.39,1.8878,1.8896036341094349
2026-09-08,49.96,0.0,0.0,0.0,49.96,94.35,0.0,0.0,0.0,94.35,1.8885108086469173,1.8895293738243635
2026-09-09,49.89,0.0,0.0,0.0,49.89,94.24,0.0,0.0,0.0,94.24,1.8889557025456003,1.8894541555658635
2026-09-10,49.53,0.0,0.0,0.0,49.53,93.59,0.0,0.0,0.0,93.59,1.8895618816878659,1.889434737212446
2026-09-11,49.5,0.0,0.0,0.0,49.5,93.48,0.0,0.0,0.0,93.48,1.8884848484848487,1.8893638397834849
2026-09-14,49.48,0.0,0.0,0.0,49.48,93.4,0.0,0.0,0.0,93.4,1.8876313662085693,1.8891948909896967
2026-09-15,49.46,0.0,0.0,0.0,49.46,93.41,0.0,0.0,0.0,93.41,1.88859684593611,1.8890916127757282
2026-09-16,49.51,0.0,0.0,0.0,49.51,93.43,0.0,0.0,0.0,93.43,1.8870935164613212,1.888928744739145
2026-09-17,49.77,0.0,0.0,0.0,49.77,93.88,0.0,0.0,0.0,93.88,1.8862768736186455,1.8887937383011242
2026-09-18,49.6,0.0,0.0,0.0,49.6,93.57,0.0,0.0,0.0,93.57,1.8864919354838707,1.8885810216424819
2026-09-21,49.74,0.0,0.0,0.0,49.74,93.86,0.0,0.0,0.0,93.86,1.8870124648170485,1.8884196926920993
2026-09-22,49.76,0.0,0.0,0.0,49.76,93.86,0.0,0.0,0.0,93.86,1.8862540192926045,1.8882691729807852
2026-09-23,49.32,0.0,0.0,0.0,49.32,93.02,0.0,0.0,0.0,93.02,1.8860502838605027,1.888082173916984
2026-09-24,49.02,0.0,0.0,0.0,49.02,92.53,0.0,0.0,0.0,92.53,1.887596899224806,1.8879658794998835
2026-09-25,49.08,0.0,0.0,0.0,49.08,92.58,0.0,0.0,0.0,92.58,1.8863080684596578,1.887767517820866
2026-09-28,48.82,0.0,0.0,0.0,48.82,92.08,0.0,0.0,0.0,92.08,1.8861122490782465,1.887587836157131
2026-09-29,48.77,0.0,0.0,0.0,48.77,92.03,0.0,0.0,0.0,92.03,1.8870207094525322,1.8874877976440776
2026-09-30,48.71,0.0,0.0,0.0,48.71,91.8,0.0,0.0,0.0,91.8,1.8846232806405254,1.8873112647428507
2026-10-01,48.62,0.0,0.0,0.0,48.62,91.63,0.0,0.0,0.0,91.63,1.8846153846153846,1.8871298569257526
2026-10-02,48.54,0.0,0.0,0.0,48.54,91.45,0.0,0.0,0.0,91.45,1.8840131850020603,1.8869505161758557
2026-10-05,48.54,0.0,0.0,0.0,48.54,91.46,0.0,0.0,0.0,91.46,1.88421920065925,1.8867714762088184
2026-10-06,48.72,0.0,0.0,0.0,48.72,91.79,0.0,0.0,0.0,91.79,1.8840311986863714,1.886547495710791
