date,XLE,div_XLE,div_cumsum_XLE,div_adj_XLE,XLE*,IYE,div_IYE,div_cumsum_IYE,div_adj_IYE,IYE*,ratio*,ratio*_ma
2026-01-02,45.65,0.0,0.0,0.0,45.65,48.55,0.0,0.0,0.0,48.55,1.063526834611172,
2026-01-05,46.89,0.0,0.0,0.0,46.89,49.73,0.0,0.0,0.0,49.73,1.0605672851354233,
2026-01-06,45.64,0.0,0.0,0.0,45.64,48.44,0.0,0.0,0.0,48.44,1.0613496932515336,
2026-01-07,45.13,0.0,0.0,0.0,45.13,47.87,0.0,0.0,0.0,47.87,1.0607134943496563,
2026-01-08,46.55,0.0,0.0,0.0,46.55,49.29,0.0,0.0,0.0,49.29,1.0588614393125673,
2026-01-09,46.67,0.0,0.0,0.0,46.67,49.39,0.0,0.0,0.0,49.39,1.058281551317763,
2026-01-12,46.34,0.0,0.0,0.0,46.34,49.07,0.0,0.0,0.0,49.07,1.0589123867069485,
2026-01-13,47.0,0.0,0.0,0.0,47.0,49.77,0.0,0.0,0.0,49.77,1.058936170212766,
2026-01-14,48.06,0.0,0.0,0.0,48.06,50.84,0.0,0.0,0.0,50.84,1.0578443612151478,
2026-01-15,47.61,0.0,0.0,0.0,47.61,50.43,0.0,0.0,0.0,50.43,1.0592312539382482,
2026-01-16,47.69,0.0,0.0,0.0,47.69,50.55,0.0,0.0,0.0,50.55,1.059970643740826,
2026-01-20,47.6,0.0,0.0,0.0,47.6,50.42,0.0,0.0,0.0,50.42,1.0592436974789916,
2026-01-21,48.75,0.0,0.0,0.0,48.75,51.63,0.0,0.0,0.0,51.63,1.059076923076923,
2026-01-22,48.91,0.0,0.0,0.0,48.91,51.77,0.0,0.0,0.0,51.77,1.0584747495399716,
2026-01-23,49.19,0.0,0.0,0.0,49.19,52.06,0.0,0.0,0.0,52.06,1.058345192112218,
2026-01-26,49.22,0.0,0.0,0.0,49.22,52.09,0.0,0.0,0.0,52.09,1.0583096302316133,
2026-01-27,49.67,0.0,0.0,0.0,49.67,52.57,0.0,0.0,0.0,52.57,1.0583853432655526,
2026-01-28,50.05,0.0,0.0,0.0,50.05,52.98,0.0,0.0,0.0,52.98,1.0585414585414585,
2026-01-29,50.51,0.0,0.0,0.0,50.51,53.46,0.0,0.0,0.0,53.46,1.0584042763809147,
2026-01-30,51.05,0.0,0.0,0.0,51.05,53.97,0.0,0.0,0.0,53.97,1.0571988246816846,1.059208760455069
2026-02-02,50.05,0.0,0.0,0.0,50.05,52.98,0.0,0.0,0.0,52.98,1.0585414585414585,1.0589594916515834
2026-02-03,51.67,0.0,0.0,0.0,51.67,54.62,0.0,0.0,0.0,54.62,1.0570930907683374,1.0587857819332291
2026-02-04,52.83,0.0,0.0,0.0,52.83,55.83,0.0,0.0,0.0,55.83,1.056785917092561,1.0585575931252804
2026-02-05,52.21,0.0,0.0,0.0,52.21,55.19,0.0,0.0,0.0,55.19,1.0570771882781076,1.058375777821703
2026-02-06,53.25,0.0,0.0,0.0,53.25,56.24,0.0,0.0,0.0,56.24,1.0561502347417842,1.058240217593164
2026-02-09,53.64,0.0,0.0,0.0,53.64,56.69,0.0,0.0,0.0,56.69,1.0568605518269947,1.0581691676186256
2026-02-10,53.58,0.0,0.0,0.0,53.58,56.64,0.0,0.0,0.0,56.64,1.0571108622620382,1.05807909139638
2026-02-11,54.98,0.0,0.0,0.0,54.98,58.07,0.0,0.0,0.0,58.07,1.0562022553655877,1.0579423956540208
2026-02-12,53.98,0.0,0.0,0.0,53.98,56.98,0.0,0.0,0.0,56.98,1.0555761393108558,1.0578289845588063
2026-02-13,54.35,0.0,0.0,0.0,54.35,57.41,0.0,0.0,0.0,57.41,1.0563017479300827,1.0576825092583981
2026-02-17,53.75,0.0,0.0,0.0,53.75,56.79,0.0,0.0,0.0,56.79,1.0565581395348838,1.057511884048101
2026-02-18,54.78,0.0,0.0,0.0,54.78,57.9,0.0,0.0,0.0,57.9,1.0569550930996714,1.0573974538291349
2026-02-19,55.18,0.0,0.0,0.0,55.18,58.29,0.0,0.0,0.0,58.29,1.0563610003624502,1.0572616576934113
2026-02-20,54.88,0.0,0.0,0.0,54.88,58.06,0.0,0.0,0.0,58.06,1.0579446064139941,1.0572351505371125
2026-02-23,55.15,0.0,0.0,0.0,55.15,58.29,0.0,0.0,0.0,58.29,1.0569356300997281,1.057164672436488
2026-02-24,55.1,0.0,0.0,0.0,55.1,58.28,0.0,0.0,0.0,58.28,1.0577132486388385,1.0571348533568492
2026-02-25,54.87,0.0,0.0,0.0,54.87,57.93,0.0,0.0,0.0,57.93,1.055768179332969,1.05700399516022
2026-02-26,55.05,0.0,0.0,0.0,55.05,58.16,0.0,0.0,0.0,58.16,1.0564940962761127,1.056901627046953
2026-02-27,55.92,0.0,0.0,0.0,55.92,59.06,0.0,0.0,0.0,59.06,1.0561516452074393,1.056788995488279
2026-03-02,57.04,0.0,0.0,0.0,57.04,60.29,0.0,0.0,0.0,60.29,1.0569775596072932,1.0567779322345594
2026-03-03,56.52,0.0,0.0,0.0,56.52,59.7,0.0,0.0,0.0,59.7,1.056263269639066,1.0566640227894397
2026-03-04,56.19,0.0,0.0,0.0,56.19,59.37,0.0,0.0,0.0,59.37,1.0565936999466097,1.0566390532483534
2026-03-05,56.48,0.0,0.0,0.0,56.48,59.68,0.0,0.0,0.0,59.68,1.056657223796034,1.056632618583527
2026-03-06,56.57,0.0,0.0,0.0,56.57,59.75,0.0,0.0,0.0,59.75,1.0562135407459785,1.0565894362069206
2026-03-09,56.32,0.0,0.0,0.0,56.32,59.5,0.0,0.0,0.0,59.5,1.0564630681818181,1.0566050778789222
2026-03-10,55.6,0.0,0.0,0.0,55.6,58.78,0.0,0.0,0.0,58.78,1.0571942446043165,1.0566217625177885
2026-03-11,56.98,0.0,0.0,0.0,56.98,60.21,0.0,0.0,0.0,60.21,1.0566865566865569,1.056600547239014
2026-03-12,57.51,0.0,0.0,0.0,57.51,60.71,0.0,0.0,0.0,60.71,1.055642496957051,1.0565725593185875
2026-03-13,57.7,0.0,0.0,0.0,57.7,60.93,0.0,0.0,0.0,60.93,1.0559792027729635,1.056592712491693
2026-03-16,57.9,0.0,0.0,0.0,57.9,61.16,0.0,0.0,0.0,61.16,1.0563039723661485,1.0565928237134963
2026-03-17,58.51,0.0,0.0,0.0,58.51,61.45,0.306727,0.306727,0.306727,61.756727000000005,1.0554901213467784,1.0565394228040907
2026-03-18,58.43,0.0,0.0,0.0,58.43,61.45,0.0,0.306727,0.306727,61.756727000000005,1.0569352558617149,1.0565384309421932
2026-03-19,59.36,0.0,0.0,0.0,59.36,62.48,0.0,0.306727,0.306727,62.786727,1.0577278807277628,1.0566067749604586
2026-03-20,59.31,0.0,0.0,0.0,59.31,62.42,0.0,0.306727,0.306727,62.726727000000004,1.0576079413252404,1.056589941706021
2026-03-23,59.63,0.38518,0.38518,0.0,59.63,63.12,0.0,0.306727,0.0,63.12,1.0585275867851751,1.0566695395402932
2026-03-24,60.84,0.0,0.38518,0.0,60.84,64.42,0.0,0.306727,0.0,64.42,1.0588428665351741,1.05672602043511
2026-03-25,60.57,0.0,0.38518,0.0,60.57,64.15,0.0,0.306727,0.0,64.15,1.059105167574707,1.056892869847197
2026-03-26,61.52,0.0,0.38518,0.0,61.52,65.12,0.0,0.306727,0.0,65.12,1.05851755526658,1.0569940427967206
2026-03-27,62.56,0.0,0.38518,0.0,62.56,66.2,0.0,0.306727,0.0,66.2,1.0581841432225063,1.0570956676974739
2026-03-30,61.96,0.0,0.38518,0.0,61.96,65.5,0.0,0.306727,0.0,65.5,1.0571336346029696,1.0571034714472576
2026-03-31,61.26,0.0,0.38518,0.0,61.26,64.77,0.0,0.306727,0.0,64.77,1.0572967678746328,1.0571551463590358
2026-04-01,58.97,0.0,0.38518,0.0,58.97,62.46,0.0,0.306727,0.0,62.46,1.0591826352382567,1.0572845931236183
2026-04-02,59.25,0.0,0.38518,0.0,59.25,62.83,0.0,0.306727,0.0,62.83,1.06042194092827,1.05747282898023
2026-04-06,59.68,0.0,0.38518,0.0,59.68,63.22,0.0,0.306727,0.0,63.22,1.0593163538873995,1.057627969637301
2026-04-07,60.16,0.0,0.38518,0.0,60.16,63.73,0.0,0.306727,0.0,63.73,1.0593417553191489,1.0577719039941678
2026-04-08,58.05,0.0,0.38518,0.0,58.05,61.56,0.0,0.306727,0.0,61.56,1.06046511627907,1.0579354475779053
2026-04-09,57.33,0.0,0.38518,0.0,57.33,60.82,0.0,0.306727,0.0,60.82,1.0608756323042037,1.0581449013587876
2026-04-10,56.94,0.0,0.38518,0.0,56.94,60.44,0.0,0.306727,0.0,60.44,1.0614682121531436,1.0584361871185923
2026-04-13,57.11,0.0,0.38518,0.0,57.11,60.6,0.0,0.306727,0.0,60.6,1.0611101383295396,1.0586927338964212
2026-04-14,55.95,0.0,0.38518,0.0,55.95,59.3,0.0,0.306727,0.0,59.3,1.0598748882931188,1.0588712796927697
2026-04-15,55.76,0.0,0.38518,0.0,55.76,59.14,0.0,0.306727,0.0,59.14,1.060616929698709,1.0591276201103663
2026-04-16,56.58,0.0,0.38518,0.0,56.58,60.05,0.0,0.306727,0.0,60.05,1.061329091551785,1.0593473118948695
2026-04-17,55.02,0.0,0.38518,0.0,55.02,58.31,0.0,0.306727,0.0,58.31,1.059796437659033,1.059450739741433
2026-04-20,55.07,0.0,0.38518,0.0,55.07,58.44,0.0,0.306727,0.0,58.44,1.0611948429271836,1.0596300848215303
2026-04-21,55.87,0.0,0.38518,0.0,55.87,59.25,0.0,0.306727,0.0,59.25,1.0604975836763917,1.059728584666091
2026-04-22,56.54,0.0,0.38518,0.0,56.54,59.95,0.0,0.306727,0.0,59.95,1.0603112840466926,1.0598020055416673
2026-04-23,56.98,0.0,0.38518,0.0,56.98,60.37,0.0,0.306727,0.0,60.37,1.0594945594945595,1.0598214751376598
2026-04-24,56.87,0.0,0.38518,0.0,56.87,60.31,0.0,0.306727,0.0,60.31,1.060488834183225,1.0599200390834917
2026-04-27,56.77,0.0,0.38518,0.0,56.77,60.26,0.0,0.306727,0.0,60.26,1.061476131759732,1.0600846385103533
2026-04-28,57.71,0.0,0.38518,0.0,57.71,61.22,0.0,0.306727,0.0,61.22,1.0608213481199098,1.0602690241862003
2026-04-29,59.03,0.0,0.38518,0.0,59.03,62.58,0.0,0.306727,0.0,62.58,1.0601389124174148,1.0604111314133395
2026-04-30,59.65,0.0,0.38518,0.0,59.65,63.21,0.0,0.306727,0.0,63.21,1.0596814752724224,1.0604360734150475
2026-05-01,58.85,0.0,0.38518,0.0,58.85,62.47,0.0,0.306727,0.0,62.47,1.0615123194562446,1.0604905923414463
2026-05-04,59.39,0.0,0.38518,0.0,59.39,63.02,0.0,0.306727,0.0,63.02,1.061121400909244,1.0605808446925384
2026-05-05,59.45,0.0,0.38518,0.0,59.45,63.09,0.0,0.306727,0.0,63.09,1.0612279226240537,1.0606751530577838
2026-05-06,57.0,0.0,0.38518,0.0,57.0,60.56,0.0,0.306727,0.0,60.56,1.0624561403508772,1.0607747042613742
2026-05-07,55.95,0.0,0.38518,0.0,55.95,59.4,0.0,0.306727,0.0,59.4,1.0616621983914207,1.0608140325657351
2026-05-08,55.7,0.0,0.38518,0.0,55.7,59.09,0.0,0.306727,0.0,59.09,1.0608617594254937,1.0607837099293527
2026-05-11,57.17,0.0,0.38518,0.0,57.17,60.63,0.0,0.306727,0.0,60.63,1.0605212524051075,1.060754265633131
2026-05-12,57.57,0.0,0.38518,0.0,57.57,61.02,0.0,0.306727,0.0,61.02,1.0599270453361127,1.0607568734852806
2026-05-13,57.63,0.0,0.38518,0.0,57.63,61.1,0.0,0.306727,0.0,61.1,1.060211695297588,1.0607366117652244
2026-05-14,58.07,0.0,0.38518,0.0,58.07,61.56,0.0,0.306727,0.0,61.56,1.0600998794558292,1.0606751511604267
2026-05-15,59.44,0.0,0.38518,0.0,59.44,62.96,0.0,0.306727,0.0,62.96,1.0592193808882908,1.0606462983218896
2026-05-18,60.58,0.0,0.38518,0.0,60.58,64.09,0.0,0.306727,0.0,64.09,1.0579399141630903,1.060483551883685
2026-05-19,61.29,0.0,0.38518,0.0,61.29,64.72,0.0,0.306727,0.0,64.72,1.0559634524392234,1.0602568453218266
2026-05-20,59.8,0.0,0.38518,0.0,59.8,63.28,0.0,0.306727,0.0,63.28,1.0581939799331104,1.0601509801161473
2026-05-21,59.13,0.0,0.38518,0.0,59.13,62.68,0.0,0.306727,0.0,62.68,1.0600372061559276,1.060178112449216
2026-05-22,59.49,0.0,0.38518,0.0,59.49,62.98,0.0,0.306727,0.0,62.98,1.0586653219028408,1.0600869368351966
2026-05-26,57.85,0.0,0.38518,0.0,57.85,61.39,0.0,0.306727,0.0,61.39,1.0611927398444252,1.0600727672394314
2026-05-27,56.99,0.0,0.38518,0.0,56.99,60.43,0.0,0.306727,0.0,60.43,1.0603614669240218,1.0600497731796368
2026-05-28,56.95,0.0,0.38518,0.0,56.95,60.46,0.0,0.306727,0.0,60.46,1.0616330114135206,1.0601244781294423
2026-05-29,56.29,0.0,0.38518,0.0,56.29,59.84,0.0,0.306727,0.0,59.84,1.0630662639900517,1.0602937175653238
2026-06-01,57.3,0.0,0.38518,0.0,57.3,60.86,0.0,0.306727,0.0,60.86,1.0621291448516579,1.0603245588350945
2026-06-02,57.96,0.0,0.38518,0.0,57.96,61.56,0.0,0.306727,0.0,61.56,1.0621118012422361,1.060374078851744
2026-06-03,58.71,0.0,0.38518,0.0,58.71,62.38,0.0,0.306727,0.0,62.38,1.0625106455459037,1.0604382149978364
2026-06-04,58.75,0.0,0.38518,0.0,58.75,62.4,0.0,0.306727,0.0,62.4,1.062127659574468,1.060421790959016
2026-06-05,57.67,0.0,0.38518,0.0,57.67,61.09,0.0,0.306727,0.0,61.09,1.059302930466447,1.0603038275627674
2026-06-08,58.33,0.0,0.38518,0.0,58.33,61.76,0.0,0.306727,0.0,61.76,1.058803360192011,1.0602009076010932
2026-06-09,57.39,0.0,0.38518,0.0,57.39,60.79,0.0,0.306727,0.0,60.79,1.0592437706917581,1.0601370335154257
2026-06-10,58.25,0.0,0.38518,0.0,58.25,61.66,0.0,0.306727,0.0,61.66,1.0585407725321887,1.0600677198752293
2026-06-11,57.12,0.0,0.38518,0.0,57.12,60.53,0.0,0.306727,0.0,60.53,1.0596988795518207,1.0600420790879412
2026-06-12,57.55,0.0,0.38518,0.0,57.55,60.99,0.0,0.306727,0.0,60.99,1.0597741094700261,1.060025790588651
2026-06-15,55.55,0.0,0.38518,0.0,55.55,58.63,0.30909,0.6158170000000001,0.30909,58.93909,1.0610097209720972,1.0601153075928413
2026-06-16,55.36,0.0,0.38518,0.0,55.36,58.37,0.0,0.6158170000000001,0.30909,58.679089999999995,1.0599546604046242,1.060216044904918
2026-06-17,54.67,0.0,0.38518,0.0,54.67,57.71,0.0,0.6158170000000001,0.30909,58.01909,1.061260106091092,1.0604808775875114
2026-06-18,53.77,0.0,0.38518,0.0,53.77,56.77,0.0,0.6158170000000001,0.30909,57.07909,1.0615415659289567,1.060648256887304
2026-06-22,54.06,0.38488,0.77006,0.0,54.06,57.53,0.0,0.6158170000000001,0.0,57.53,1.064187939326674,1.0608557935458411
2026-06-23,54.46,0.0,0.77006,0.0,54.46,57.86,0.0,0.6158170000000001,0.0,57.86,1.0624311421226589,1.061044084556832
2026-06-24,53.57,0.0,0.77006,0.0,53.57,56.91,0.0,0.6158170000000001,0.0,56.91,1.062348329288781,1.0611018640290497
2026-06-25,54.09,0.0,0.77006,0.0,54.09,57.5,0.0,0.6158170000000001,0.0,57.5,1.0630430763542245,1.06123594450056
2026-06-26,53.84,0.0,0.77006,0.0,53.84,57.22,0.0,0.6158170000000001,0.0,57.22,1.062778603268945,1.061293224093331
2026-06-29,53.58,0.0,0.77006,0.0,53.58,56.97,0.0,0.6158170000000001,0.0,56.97,1.0632698768197089,1.061303404734814
2026-06-30,53.11,0.0,0.77006,0.0,53.11,56.59,0.0,0.6158170000000001,0.0,56.59,1.0655243833553003,1.061473166659996
2026-07-01,52.81,0.0,0.77006,0.0,52.81,56.29,0.0,0.6158170000000001,0.0,56.29,1.0658966104904373,1.0616624071224061
2026-07-02,53.22,0.0,0.77006,0.0,53.22,56.75,0.0,0.6158170000000001,0.0,56.75,1.0663284479518977,1.061853297242706
2026-07-06,53.13,0.0,0.77006,0.0,53.13,56.67,0.0,0.6158170000000001,0.0,56.67,1.0666290231507622,1.0620783654215207
2026-07-07,54.64,0.0,0.77006,0.0,54.64,58.21,0.0,0.6158170000000001,0.0,58.21,1.0653367496339678,1.0623800563798966
2026-07-08,55.6,0.0,0.77006,0.0,55.6,59.12,0.0,0.6158170000000001,0.0,59.12,1.0633093525179855,1.0626053559961952
2026-07-09,54.82,0.0,0.77006,0.0,54.82,58.32,0.0,0.6158170000000001,0.0,58.32,1.0638453119299525,1.0628354330581051
2026-07-10,55.08,0.0,0.77006,0.0,55.08,58.6,0.0,0.6158170000000001,0.0,58.6,1.0639070442992011,1.0631037466464557
2026-07-13,56.74,0.0,0.77006,0.0,56.74,60.27,0.0,0.6158170000000001,0.0,60.27,1.0622136059217484,1.063229482964952
2026-07-14,56.95,0.0,0.77006,0.0,56.95,60.5,0.0,0.6158170000000001,0.0,60.5,1.0623353819139596,1.0633575465871488
2026-07-15,56.5,0.0,0.77006,0.0,56.5,60.02,0.0,0.6158170000000001,0.0,60.02,1.0623008849557523,1.0634221047863315
2026-07-16,57.02,0.0,0.77006,0.0,57.02,60.53,0.0,0.6158170000000001,0.0,60.53,1.0615573482988425,1.0635022391810423
2026-07-17,57.68,0.0,0.77006,0.0,57.68,61.25,0.0,0.6158170000000001,0.0,61.25,1.0618932038834952,1.0635338940706627
2026-07-20,57.94,0.0,0.77006,0.0,57.94,61.53,0.0,0.6158170000000001,0.0,61.53,1.061960648947187,1.063554848221574
2026-07-21,58.5,0.0,0.77006,0.0,58.5,62.18,0.0,0.6158170000000001,0.0,62.18,1.0629059829059828,1.0634907504005395
2026-07-22,59.2,0.0,0.77006,0.0,59.2,62.94,0.0,0.6158170000000001,0.0,62.94,1.0631756756756756,1.0635279770781905
2026-07-23,59.38,0.0,0.77006,0.0,59.38,63.23,0.0,0.6158170000000001,0.0,63.23,1.0648366453351297,1.0636523928805077
2026-07-24,59.62,0.0,0.77006,0.0,59.62,63.35,0.0,0.6158170000000001,0.0,63.35,1.0625628983562563,1.0636283839806093
2026-07-27,58.36,0.0,0.77006,0.0,58.36,62.04,0.0,0.6158170000000001,0.0,62.04,1.0630568882796436,1.0636422982311444
2026-07-28,57.57,0.0,0.77006,0.0,57.57,61.1,0.0,0.6158170000000001,0.0,61.1,1.0613166579815876,1.063544637289238
2026-07-29,58.65,0.0,0.77006,0.0,58.65,62.24,0.0,0.6158170000000001,0.0,62.24,1.0612105711849957,1.063328946680723
2026-07-30,58.96,0.0,0.77006,0.0,58.96,62.56,0.0,0.6158170000000001,0.0,62.56,1.0610583446404342,1.0630870333882227
2026-07-31,59.55,0.0,0.77006,0.0,59.55,63.14,0.0,0.6158170000000001,0.0,63.14,1.060285474391268,1.0627848847101913
2026-08-03,58.79,0.0,0.77006,0.0,58.79,62.47,0.0,0.6158170000000001,0.0,62.47,1.0625956795373364,1.0625832175295202
2026-08-04,58.52,0.0,0.77006,0.0,58.52,62.25,0.0,0.6158170000000001,0.0,62.25,1.063738892686261,1.0625033246821347
2026-08-05,57.31,0.0,0.77006,0.0,57.31,60.91,0.0,0.6158170000000001,0.0,60.91,1.0628162624323851,1.0624786701778546
2026-08-06,58.16,0.0,0.77006,0.0,58.16,61.91,0.0,0.6158170000000001,0.0,61.91,1.0644773039889959,1.0625102697808069
2026-08-07,57.5,0.0,0.77006,0.0,57.5,61.23,0.0,0.6158170000000001,0.0,61.23,1.0648695652173912,1.0625583958267164
2026-08-10,60.18,0.0,0.77006,0.0,60.18,63.99,0.0,0.6158170000000001,0.0,63.99,1.0633100697906281,1.0626132190201605
2026-08-11,60.93,0.0,0.77006,0.0,60.93,64.67,0.0,0.6158170000000001,0.0,64.67,1.0613819136714262,1.0625655456080338
2026-08-12,61.03,0.0,0.77006,0.0,61.03,64.8,0.0,0.6158170000000001,0.0,64.8,1.0617728985744714,1.0625391462889697
2026-08-13,61.06,0.0,0.77006,0.0,61.06,64.77,0.0,0.6158170000000001,0.0,64.77,1.0607599082869308,1.062499274288374
2026-08-14,61.91,0.0,0.77006,0.0,61.91,65.66,0.0,0.6158170000000001,0.0,65.66,1.060571797770958,1.062433203982747
2026-08-17,62.58,0.0,0.77006,0.0,62.58,66.26,0.0,0.6158170000000001,0.0,66.26,1.0588047299456695,1.0622754080326715
2026-08-18,63.68,0.0,0.77006,0.0,63.68,67.31,0.0,0.6158170000000001,0.0,67.31,1.057003768844221,1.0619802973295833
2026-08-19,63.58,0.0,0.77006,0.0,63.58,67.29,0.0,0.6158170000000001,0.0,67.29,1.058351682919157,1.0617390976917573
2026-08-20,63.75,0.0,0.77006,0.0,63.75,67.48,0.0,0.6158170000000001,0.0,67.48,1.0585098039215688,1.0614227556210794
2026-08-21,63.64,0.0,0.77006,0.0,63.64,67.36,0.0,0.6158170000000001,0.0,67.36,1.0584538026398491,1.0612173008352588
2026-08-24,63.11,0.0,0.77006,0.0,63.11,66.81,0.0,0.6158170000000001,0.0,66.81,1.05862779274283,1.0609958460584183
2026-08-25,62.06,0.0,0.77006,0.0,62.06,65.73,0.0,0.6158170000000001,0.0,65.73,1.059136319690622,1.06088682914387
2026-08-26,62.43,0.0,0.77006,0.0,62.43,66.05,0.0,0.6158170000000001,0.0,66.05,1.0579849431363126,1.060725547741436
2026-08-27,62.29,0.0,0.77006,0.0,62.29,65.93,0.0,0.6158170000000001,0.0,65.93,1.0584363461229733,1.0605944478155627
2026-08-28,62.68,0.0,0.77006,0.0,62.68,66.25,0.0,0.6158170000000001,0.0,66.25,1.0569559668155712,1.0604279724367778
2026-08-31,63.96,0.0,0.77006,0.0,63.96,67.59,0.0,0.6158170000000001,0.0,67.59,1.0567542213883678,1.0601358995293295
2026-09-01,64.77,0.0,0.77006,0.0,64.77,68.54,0.0,0.6158170000000001,0.0,68.54,1.0582059595491742,1.0598592528724753
2026-09-02,65.1,0.0,0.77006,0.0,65.1,68.8,0.0,0.6158170000000001,0.0,68.8,1.0568356374807988,1.059560221624896
2026-09-03,64.62,0.0,0.77006,0.0,64.62,68.37,0.0,0.6158170000000001,0.0,68.37,1.0580315691736304,1.0592379348841274
2026-09-04,64.06,0.0,0.77006,0.0,64.06,67.73,0.0,0.6158170000000001,0.0,67.73,1.0572900405869499,1.0588589586526056
2026-09-08,64.77,0.0,0.77006,0.0,64.77,68.38,0.0,0.6158170000000001,0.0,68.38,1.0557356800988111,1.0584802391680148
2026-09-09,65.31,0.0,0.77006,0.0,65.31,68.91,0.0,0.6158170000000001,0.0,68.91,1.0551217271474504,1.0581672298418159
2026-09-10,64.93,0.0,0.77006,0.0,64.93,68.61,0.0,0.6158170000000001,0.0,68.61,1.0566764207608192,1.0579124059511333
2026-09-11,65.14,0.0,0.77006,0.0,65.14,68.82,0.0,0.6158170000000001,0.0,68.82,1.0564937058642923,1.0576990958300014
2026-09-14,64.53,0.0,0.77006,0.0,64.53,68.18,0.0,0.6158170000000001,0.0,68.18,1.0565628389896173,1.0574986478909343
2026-09-15,65.93,0.0,0.77006,0.0,65.93,69.25,0.393503,1.00932,0.393503,69.643503,1.0563249355376914,1.0573746581705354
2026-09-16,64.03,0.0,0.77006,0.0,64.03,67.17,0.0,1.00932,0.393503,67.563503,1.05518511635171,1.0572837255459098
2026-09-17,64.48,0.0,0.77006,0.0,64.48,67.64,0.0,1.00932,0.393503,68.033503,1.0551101581885856,1.0571216493093814
2026-09-18,64.31,0.0,0.77006,0.0,64.31,67.37,0.0,1.00932,0.393503,67.763503,1.053700870782149,1.0568812026524101
2026-09-21,62.46,0.380277,1.150337,0.0,62.46,65.84,0.0,1.00932,0.0,65.84,1.054114633365354,1.0566642441886855
2026-09-22,61.78,0.0,1.150337,0.0,61.78,65.14,0.0,1.00932,0.0,65.14,1.0543865328585302,1.0564521811944705
2026-09-23,62.37,0.0,1.150337,0.0,62.37,65.76,0.0,1.00932,0.0,65.76,1.0543530543530544,1.0562130179275921
2026-09-24,62.6,0.0,1.150337,0.0,62.6,65.97,0.0,1.00932,0.0,65.97,1.0538338658146964,1.0560054640615113
2026-09-25,62.04,0.0,1.150337,0.0,62.04,65.38,0.0,1.00932,0.0,65.38,1.0538362346872985,1.0557754584897276
2026-09-28,62.1,0.0,1.150337,0.0,62.1,65.37,0.0,1.00932,0.0,65.37,1.0526570048309178,1.055560510390495
2026-09-29,61.54,0.0,1.150337,0.0,61.54,64.81,0.0,1.00932,0.0,64.81,1.0531361715957102,1.0553796079008622
2026-09-30,61.5,0.0,1.150337,0.0,61.5,64.8,0.0,1.00932,0.0,64.8,1.053658536585366,1.0551522367526716
2026-10-01,62.7,0.0,1.150337,0.0,62.7,65.98,0.0,1.00932,0.0,65.98,1.0523125996810208,1.0549260848626827
2026-10-02,62.82,0.0,1.150337,0.0,62.82,66.22,0.0,1.00932,0.0,66.22,1.0541228907991085,1.0547306509439567
2026-10-05,63.45,0.0,1.150337,0.0,63.45,66.84,0.0,1.00932,0.0,66.84,1.0534278959810874,1.0545375437136637
2026-10-06,63.54,0.0,1.150337,0.0,63.54,66.96,0.0,1.00932,0.0,66.96,1.0538243626062322,1.0544419778390346
