date,XLU,div_XLU,div_cumsum_XLU,div_adj_XLU,XLU*,IDU,div_IDU,div_cumsum_IDU,div_adj_IDU,IDU*,ratio*,ratio*_ma
2026-01-02,43.18,0.0,0.0,0.0,43.18,109.52,0.0,0.0,0.0,109.52,2.5363594256600277,
2026-01-05,42.7,0.0,0.0,0.0,42.7,108.41,0.0,0.0,0.0,108.41,2.53887587822014,
2026-01-06,42.91,0.0,0.0,0.0,42.91,108.86,0.0,0.0,0.0,108.86,2.5369377767420183,
2026-01-07,41.87,0.0,0.0,0.0,41.87,106.3,0.0,0.0,0.0,106.3,2.538810604251254,
2026-01-08,41.99,0.0,0.0,0.0,41.99,106.66,0.0,0.0,0.0,106.66,2.5401286020481066,
2026-01-09,42.51,0.0,0.0,0.0,42.51,107.99,0.0,0.0,0.0,107.99,2.5403434486003293,
2026-01-12,42.58,0.0,0.0,0.0,42.58,108.07,0.0,0.0,0.0,108.07,2.5380460310004698,
2026-01-13,42.85,0.0,0.0,0.0,42.85,108.72,0.0,0.0,0.0,108.72,2.5372228704784128,
2026-01-14,43.17,0.0,0.0,0.0,43.17,109.47,0.0,0.0,0.0,109.47,2.5357887421820706,
2026-01-15,43.61,0.0,0.0,0.0,43.61,110.72,0.0,0.0,0.0,110.72,2.5388672322861727,
2026-01-16,43.39,0.0,0.0,0.0,43.39,110.09,0.0,0.0,0.0,110.09,2.5372205577321965,
2026-01-20,42.96,0.0,0.0,0.0,42.96,108.99,0.0,0.0,0.0,108.99,2.537011173184357,
2026-01-21,43.02,0.0,0.0,0.0,43.02,109.45,0.0,0.0,0.0,109.45,2.5441655044165503,
2026-01-22,42.71,0.0,0.0,0.0,42.71,108.88,0.0,0.0,0.0,108.88,2.549285881526574,
2026-01-23,42.56,0.0,0.0,0.0,42.56,108.5,0.0,0.0,0.0,108.5,2.549342105263158,
2026-01-26,42.87,0.0,0.0,0.0,42.87,109.26,0.0,0.0,0.0,109.26,2.5486354093771872,
2026-01-27,43.43,0.0,0.0,0.0,43.43,110.5,0.0,0.0,0.0,110.5,2.5443241998618467,
2026-01-28,43.33,0.0,0.0,0.0,43.33,110.31,0.0,0.0,0.0,110.31,2.5458112162474036,
2026-01-29,43.33,0.0,0.0,0.0,43.33,110.0,0.0,0.0,0.0,110.0,2.538656819755366,
2026-01-30,43.25,0.0,0.0,0.0,43.25,109.81,0.0,0.0,0.0,109.81,2.5389595375722545,2.540739650820295
2026-02-02,42.62,0.0,0.0,0.0,42.62,108.38,0.0,0.0,0.0,108.38,2.5429375879868608,2.541068558936636
2026-02-03,43.24,0.0,0.0,0.0,43.24,109.89,0.0,0.0,0.0,109.89,2.5413968547641073,2.5411946077638348
2026-02-04,43.08,0.0,0.0,0.0,43.08,109.42,0.0,0.0,0.0,109.42,2.5399257195914577,2.541344004906307
2026-02-05,43.1,0.0,0.0,0.0,43.1,109.61,0.0,0.0,0.0,109.61,2.543155452436195,2.541561247315554
2026-02-06,43.35,0.0,0.0,0.0,43.35,110.24,0.0,0.0,0.0,110.24,2.543021914648212,2.541705912945559
2026-02-09,43.48,0.0,0.0,0.0,43.48,110.72,0.0,0.0,0.0,110.72,2.546458141674333,2.542011647599259
2026-02-10,44.2,0.0,0.0,0.0,44.2,112.4,0.0,0.0,0.0,112.4,2.5429864253393664,2.542258667316204
2026-02-11,44.59,0.0,0.0,0.0,44.59,113.36,0.0,0.0,0.0,113.36,2.5422740524781338,2.5425112264161904
2026-02-12,45.25,0.0,0.0,0.0,45.25,114.77,0.0,0.0,0.0,114.77,2.536353591160221,2.5425394688650975
2026-02-13,46.5,0.0,0.0,0.0,46.5,117.77,0.0,0.0,0.0,117.77,2.5326881720430108,2.5422305158529395
2026-02-17,46.38,0.0,0.0,0.0,46.38,117.41,0.0,0.0,0.0,117.41,2.53147908581285,2.541943442256972
2026-02-18,45.61,0.0,0.0,0.0,45.61,115.57,0.0,0.0,0.0,115.57,2.533874150405613,2.541786591118035
2026-02-19,46.11,0.0,0.0,0.0,46.11,116.75,0.0,0.0,0.0,116.75,2.5319887226198223,2.5411777520281986
2026-02-20,46.33,0.0,0.0,0.0,46.33,117.14,0.0,0.0,0.0,117.14,2.5283833369307147,2.5401326247984057
2026-02-23,46.68,0.0,0.0,0.0,46.68,117.86,0.0,0.0,0.0,117.86,2.5248500428449017,2.538908021677493
2026-02-24,47.2,0.0,0.0,0.0,47.2,119.03,0.0,0.0,0.0,119.03,2.521822033898305,2.5375673529035487
2026-02-25,47.36,0.0,0.0,0.0,47.36,119.44,0.0,0.0,0.0,119.44,2.5219594594594597,2.5364491158834293
2026-02-26,47.18,0.0,0.0,0.0,47.18,119.25,0.0,0.0,0.0,119.25,2.5275540483255616,2.5355362574873377
2026-02-27,47.73,0.0,0.0,0.0,47.73,120.7,0.0,0.0,0.0,120.7,2.5288078776450873,2.5350438103818234
2026-03-02,47.37,0.0,0.0,0.0,47.37,119.96,0.0,0.0,0.0,119.96,2.5324044754063753,2.5347160572735294
2026-03-03,47.07,0.0,0.0,0.0,47.07,119.25,0.0,0.0,0.0,119.25,2.5334608030592736,2.53424221802715
2026-03-04,47.27,0.0,0.0,0.0,47.27,119.69,0.0,0.0,0.0,119.69,2.5320499259572666,2.5337748715868083
2026-03-05,46.9,0.0,0.0,0.0,46.9,118.88,0.0,0.0,0.0,118.88,2.5347547974413644,2.533516325479303
2026-03-06,46.74,0.0,0.0,0.0,46.74,118.42,0.0,0.0,0.0,118.42,2.5335900727428324,2.533038056494635
2026-03-09,46.85,0.0,0.0,0.0,46.85,118.71,0.0,0.0,0.0,118.71,2.533831376734258,2.5325785295989376
2026-03-10,46.56,0.0,0.0,0.0,46.56,117.67,0.0,0.0,0.0,117.67,2.5272766323024056,2.531619454130341
2026-03-11,46.17,0.0,0.0,0.0,46.17,116.85,0.0,0.0,0.0,116.85,2.530864197530864,2.531013342739916
2026-03-12,46.5,0.0,0.0,0.0,46.5,117.69,0.0,0.0,0.0,117.69,2.5309677419354837,2.530448027212784
2026-03-13,46.96,0.0,0.0,0.0,46.96,118.72,0.0,0.0,0.0,118.72,2.5281090289608175,2.530035799102813
2026-03-16,47.26,0.0,0.0,0.0,47.26,119.28,0.0,0.0,0.0,119.28,2.5239102835378757,2.5295969046775566
2026-03-17,47.13,0.0,0.0,0.0,47.13,118.39,0.621629,0.621629,0.621629,119.011629,2.5251777848504138,2.529281839629435
2026-03-18,46.73,0.0,0.0,0.0,46.73,117.52,0.0,0.621629,0.621629,118.141629,2.528175240744704,2.528996894146389
2026-03-19,46.54,0.0,0.0,0.0,46.54,117.08,0.0,0.621629,0.621629,117.701629,2.5290423076923076,2.528849573400014
2026-03-20,44.65,0.0,0.0,0.0,44.65,112.57,0.0,0.621629,0.621629,113.19162899999999,2.535086875699888,2.529184750338472
2026-03-23,44.78,0.30994,0.30994,0.0,44.78,113.42,0.0,0.621629,0.0,113.42,2.5328271549799015,2.529583605945222
2026-03-24,45.09,0.0,0.30994,0.0,45.09,114.11,0.0,0.621629,0.0,114.11,2.5307163450876025,2.530028321504687
2026-03-25,45.25,0.0,0.30994,0.0,45.25,114.49,0.0,0.621629,0.0,114.49,2.5301657458563533,2.530438635824532
2026-03-26,45.33,0.0,0.30994,0.0,45.33,114.81,0.0,0.621629,0.0,114.81,2.5327597617471875,2.530698921495613
2026-03-27,45.59,0.0,0.30994,0.0,45.59,115.34,0.0,0.621629,0.0,115.34,2.5299407764860713,2.530755566437662
2026-03-30,45.92,0.0,0.30994,0.0,45.92,116.21,0.0,0.621629,0.0,116.21,2.5307055749128917,2.5306706214129884
2026-03-31,45.89,0.0,0.30994,0.0,45.89,116.11,0.0,0.621629,0.0,116.11,2.5301808672913486,2.530506624624592
2026-04-01,46.11,0.0,0.30994,0.0,46.11,116.61,0.0,0.621629,0.0,116.61,2.5289525048796357,2.5303517535707103
2026-04-02,46.34,0.0,0.30994,0.0,46.34,117.48,0.0,0.621629,0.0,117.48,2.535174794993526,2.5303727534483187
2026-04-06,46.17,0.0,0.30994,0.0,46.17,116.92,0.0,0.621629,0.0,116.92,2.532380333549924,2.5303122664886732
2026-04-07,46.27,0.0,0.30994,0.0,46.27,117.27,0.0,0.621629,0.0,117.27,2.534471579857359,2.530344276644828
2026-04-08,46.78,0.0,0.30994,0.0,46.78,118.26,0.0,0.621629,0.0,118.26,2.5280034202650707,2.530380616042961
2026-04-09,47.15,0.0,0.30994,0.0,47.15,119.13,0.0,0.621629,0.0,119.13,2.5266171792152705,2.5301682651271813
2026-04-10,46.96,0.0,0.30994,0.0,46.96,118.54,0.0,0.621629,0.0,118.54,2.52427597955707,2.5298336770082606
2026-04-13,46.39,0.0,0.30994,0.0,46.39,117.26,0.0,0.621629,0.0,117.26,2.52769993533089,2.529813222326765
2026-04-14,46.47,0.0,0.30994,0.0,46.47,117.41,0.0,0.621629,0.0,117.41,2.526576285775769,2.5299465224386593
2026-04-15,46.02,0.0,0.30994,0.0,46.02,116.31,0.0,0.621629,0.0,116.31,2.527379400260756,2.530056603209176
2026-04-16,46.35,0.0,0.30994,0.0,46.35,117.0,0.0,0.621629,0.0,117.0,2.524271844660194,2.5298614334049505
2026-04-17,46.16,0.0,0.30994,0.0,46.16,116.57,0.0,0.621629,0.0,116.57,2.5253466204506068,2.529676649042866
2026-04-20,45.75,0.0,0.30994,0.0,45.75,115.62,0.0,0.621629,0.0,115.62,2.5272131147540984,2.5292829609955763
2026-04-21,44.95,0.0,0.30994,0.0,44.95,113.57,0.0,0.621629,0.0,113.57,2.526585094549499,2.5289708579740564
2026-04-22,44.87,0.0,0.30994,0.0,44.87,113.54,0.0,0.621629,0.0,113.54,2.530421216848674,2.52895610156211
2026-04-23,46.09,0.0,0.30994,0.0,46.09,116.72,0.0,0.621629,0.0,116.72,2.5324365372098065,2.529069641129783
2026-04-24,46.18,0.0,0.30994,0.0,46.18,116.84,0.0,0.621629,0.0,116.84,2.530099610220875,2.528936633553467
2026-04-27,46.19,0.0,0.30994,0.0,46.19,116.67,0.0,0.621629,0.0,116.67,2.52587140073609,2.528733164765968
2026-04-28,46.25,0.0,0.30994,0.0,46.25,116.87,0.0,0.621629,0.0,116.87,2.526918918918919,2.528543831966269
2026-04-29,45.68,0.0,0.30994,0.0,45.68,115.53,0.0,0.621629,0.0,115.53,2.5291155866900175,2.5284905679362026
2026-04-30,46.85,0.0,0.30994,0.0,46.85,118.3,0.0,0.621629,0.0,118.3,2.525080042689434,2.5282969448266925
2026-05-01,46.55,0.0,0.30994,0.0,46.55,117.41,0.0,0.621629,0.0,117.41,2.5222341568206232,2.527649912918047
2026-05-04,46.37,0.0,0.30994,0.0,46.37,117.1,0.0,0.621629,0.0,117.1,2.525339659262454,2.5272978792036738
2026-05-05,46.37,0.0,0.30994,0.0,46.37,116.96,0.0,0.621629,0.0,116.96,2.5223204658184173,2.526690323501727
2026-05-06,45.71,0.0,0.30994,0.0,45.71,115.28,0.0,0.621629,0.0,115.28,2.5219864362283966,2.526389474299893
2026-05-07,45.12,0.0,0.30994,0.0,45.12,113.92,0.0,0.621629,0.0,113.92,2.524822695035461,2.5262997500909026
2026-05-08,44.72,0.0,0.30994,0.0,44.72,112.84,0.0,0.621629,0.0,112.84,2.5232558139534884,2.526248741810724
2026-05-11,45.14,0.0,0.30994,0.0,45.14,113.77,0.0,0.621629,0.0,113.77,2.5203810367744794,2.525882796882903
2026-05-12,45.19,0.0,0.30994,0.0,45.19,114.1,0.0,0.621629,0.0,114.1,2.5248948882496127,2.5257987270065954
2026-05-13,44.67,0.0,0.30994,0.0,44.67,112.75,0.0,0.621629,0.0,112.75,2.5240653682561,2.5256330254063624
2026-05-14,44.9,0.0,0.30994,0.0,44.9,113.42,0.0,0.621629,0.0,113.42,2.5260579064587976,2.5257223284962924
2026-05-15,43.87,0.0,0.30994,0.0,43.87,111.08,0.0,0.621629,0.0,111.08,2.532026441759745,2.526056319561749
2026-05-18,43.94,0.0,0.30994,0.0,43.94,111.32,0.0,0.621629,0.0,111.32,2.533454710969504,2.5263683993725197
2026-05-19,44.34,0.0,0.30994,0.0,44.34,112.26,0.0,0.621629,0.0,112.26,2.5317997293640055,2.5266291311132454
2026-05-20,44.51,0.0,0.30994,0.0,44.51,112.55,0.0,0.621629,0.0,112.55,2.5286452482588184,2.5265403326837523
2026-05-21,45.0,0.0,0.30994,0.0,45.0,113.59,0.0,0.621629,0.0,113.59,2.5242222222222224,2.526129616934373
2026-05-22,45.35,0.0,0.30994,0.0,45.35,114.48,0.0,0.621629,0.0,114.48,2.5243660418963616,2.5258429385181476
2026-05-26,45.33,0.0,0.30994,0.0,45.33,114.41,0.0,0.621629,0.0,114.41,2.523935583498787,2.5257461476562826
2026-05-27,45.14,0.0,0.30994,0.0,45.14,113.85,0.0,0.621629,0.0,113.85,2.522153300841825,2.5255078667524273
2026-05-28,44.63,0.0,0.30994,0.0,44.63,112.61,0.0,0.621629,0.0,112.61,2.5231906789155274,2.5252116213637033
2026-05-29,44.42,0.0,0.30994,0.0,44.42,112.11,0.0,0.621629,0.0,112.11,2.523863124718595,2.5251507754651614
2026-06-01,43.1,0.0,0.30994,0.0,43.1,109.08,0.0,0.621629,0.0,109.08,2.530858468677494,2.525581991058005
2026-06-02,43.9,0.0,0.30994,0.0,43.9,110.95,0.0,0.621629,0.0,110.95,2.5273348519362187,2.525681750691693
2026-06-03,43.71,0.0,0.30994,0.0,43.71,110.64,0.0,0.621629,0.0,110.64,2.531228551818806,2.526127154991712
2026-06-04,43.94,0.0,0.30994,0.0,43.94,111.3,0.0,0.621629,0.0,111.3,2.5329995448338645,2.526677810421986
2026-06-05,44.35,0.0,0.30994,0.0,44.35,112.23,0.0,0.621629,0.0,112.23,2.5305524239007893,2.526964296865252
2026-06-08,43.52,0.0,0.30994,0.0,43.52,110.16,0.0,0.621629,0.0,110.16,2.5312499999999996,2.5273640061675775
2026-06-09,43.98,0.0,0.30994,0.0,43.98,111.52,0.0,0.621629,0.0,111.52,2.5356980445657116,2.5281298565571393
2026-06-10,44.0,0.0,0.30994,0.0,44.0,111.55,0.0,0.621629,0.0,111.55,2.5352272727272727,2.5286464757810223
2026-06-11,44.05,0.0,0.30994,0.0,44.05,111.38,0.0,0.621629,0.0,111.38,2.528490351872872,2.5288677249618607
2026-06-12,44.53,0.0,0.30994,0.0,44.53,112.58,0.0,0.621629,0.0,112.58,2.5281832472490455,2.528973992001373
2026-06-15,44.74,0.0,0.30994,0.0,44.74,112.42,0.631488,1.253117,0.631488,113.051488,2.526854894948592,2.5287154146608155
2026-06-16,45.06,0.0,0.30994,0.0,45.06,113.22,0.0,1.253117,0.631488,113.851488,2.5266641810918773,2.5283758881669343
2026-06-17,44.46,0.0,0.30994,0.0,44.46,111.81,0.0,1.253117,0.631488,112.441488,2.5290483130904184,2.5282383173532548
2026-06-18,44.76,0.0,0.30994,0.0,44.76,112.49,0.0,1.253117,0.631488,113.121488,2.527289722966935,2.5281705410886604
2026-06-22,44.72,0.28442,0.59436,0.0,44.72,112.97,0.0,1.253117,0.0,112.97,2.5261627906976742,2.5282675695124333
2026-06-23,45.07,0.0,0.59436,0.0,45.07,113.94,0.0,1.253117,0.0,113.94,2.5280674506323497,2.5284526399492324
2026-06-24,45.54,0.0,0.59436,0.0,45.54,115.25,0.0,1.253117,0.0,115.25,2.5307422046552484,2.528792971007056
2026-06-25,45.85,0.0,0.59436,0.0,45.85,115.94,0.0,1.253117,0.0,115.94,2.528680479825518,2.5291193299562407
2026-06-26,46.2,0.0,0.59436,0.0,46.2,116.82,0.0,1.253117,0.0,116.82,2.5285714285714285,2.5293883674390356
2026-06-29,46.02,0.0,0.59436,0.0,46.02,116.25,0.0,1.253117,0.0,116.25,2.526075619295958,2.5294989921679036
2026-06-30,45.34,0.0,0.59436,0.0,45.34,114.61,0.0,1.253117,0.0,114.61,2.527790030877812,2.5293455702779193
2026-07-01,44.77,0.0,0.59436,0.0,44.77,113.31,0.0,1.253117,0.0,113.31,2.530935894572258,2.5295256224097216
2026-07-02,45.76,0.0,0.59436,0.0,45.76,115.75,0.0,1.253117,0.0,115.75,2.5295017482517483,2.5294392822313685
2026-07-06,45.3,0.0,0.59436,0.0,45.3,114.75,0.0,1.253117,0.0,114.75,2.533112582781457,2.5294449341287484
2026-07-07,45.7,0.0,0.59436,0.0,45.7,115.97,0.0,1.253117,0.0,115.97,2.5376367614879647,2.529799151008107
2026-07-08,45.36,0.0,0.59436,0.0,45.36,115.08,0.0,1.253117,0.0,115.08,2.537037037037037,2.530088502859959
2026-07-09,45.13,0.0,0.59436,0.0,45.13,114.53,0.0,1.253117,0.0,114.53,2.53777974739641,2.5301925880014937
2026-07-10,45.41,0.0,0.59436,0.0,45.41,115.19,0.0,1.253117,0.0,115.19,2.536665932613962,2.530264520995828
2026-07-13,45.72,0.0,0.59436,0.0,45.72,116.05,0.0,1.253117,0.0,116.05,2.53827646544182,2.5307538266742755
2026-07-14,45.69,0.0,0.59436,0.0,45.69,115.94,0.0,1.253117,0.0,115.94,2.537535565769315,2.5312214426002893
2026-07-15,45.22,0.0,0.59436,0.0,45.22,114.87,0.0,1.253117,0.0,114.87,2.540247678018576,2.5318910817537885
2026-07-16,45.47,0.0,0.59436,0.0,45.47,115.67,0.0,1.253117,0.0,115.67,2.54387508247196,2.532751626822793
2026-07-17,45.17,0.0,0.59436,0.0,45.17,114.84,0.0,1.253117,0.0,114.84,2.542395395173788,2.533418980926961
2026-07-20,44.94,0.0,0.59436,0.0,44.94,114.24,0.0,1.253117,0.0,114.24,2.542056074766355,2.534157298516932
2026-07-21,44.92,0.0,0.59436,0.0,44.92,114.01,0.0,1.253117,0.0,114.01,2.53806767586821,2.5347525427754585
2026-07-22,45.93,0.0,0.59436,0.0,45.93,116.44,0.0,1.253117,0.0,116.44,2.5351622033529284,2.535107280411488
2026-07-23,46.19,0.0,0.59436,0.0,46.19,117.03,0.0,1.253117,0.0,117.03,2.5336652955185106,2.535253434954651
2026-07-24,46.29,0.0,0.59436,0.0,46.29,117.16,0.0,1.253117,0.0,117.16,2.53100021602938,2.5353694217648437
2026-07-27,45.68,0.0,0.59436,0.0,45.68,115.69,0.0,1.253117,0.0,115.69,2.5326182136602453,2.535571761019285
2026-07-28,45.52,0.0,0.59436,0.0,45.52,115.37,0.0,1.253117,0.0,115.37,2.5344903339191562,2.5359924967504446
2026-07-29,44.91,0.0,0.59436,0.0,44.91,113.95,0.0,1.253117,0.0,113.95,2.53729681585393,2.5364678359992507
2026-07-30,44.66,0.0,0.59436,0.0,44.66,113.1,0.0,1.253117,0.0,113.1,2.5324675324675323,2.536544417894014
2026-07-31,44.35,0.0,0.59436,0.0,44.35,112.39,0.0,1.253117,0.0,112.39,2.534160090191657,2.53677733499101
2026-08-03,44.36,0.0,0.59436,0.0,44.36,112.52,0.0,1.253117,0.0,112.52,2.5365193868349865,2.5369476751936864
2026-08-04,44.11,0.0,0.59436,0.0,44.11,111.87,0.0,1.253117,0.0,111.87,2.5361596009975065,2.5368738171691634
2026-08-05,43.66,0.0,0.59436,0.0,43.66,110.74,0.0,1.253117,0.0,110.74,2.5364177737059093,2.5368428540026065
2026-08-06,43.38,0.0,0.59436,0.0,43.38,110.29,0.0,1.253117,0.0,110.29,2.5424158598432456,2.5370746596249485
2026-08-07,43.61,0.0,0.59436,0.0,43.61,110.95,0.0,1.253117,0.0,110.95,2.544141252006421,2.5374484255945715
2026-08-10,43.13,0.0,0.59436,0.0,43.13,109.8,0.0,1.253117,0.0,109.8,2.54579179225597,2.5378241919352793
2026-08-11,43.63,0.0,0.59436,0.0,43.63,110.98,0.0,1.253117,0.0,110.98,2.543662617465047,2.5381305445200657
2026-08-12,43.84,0.0,0.59436,0.0,43.84,111.49,0.0,1.253117,0.0,111.49,2.543111313868613,2.5382737263125676
2026-08-13,44.04,0.0,0.59436,0.0,44.04,111.86,0.0,1.253117,0.0,111.86,2.5399636693914625,2.5380781556585426
2026-08-14,44.31,0.0,0.59436,0.0,44.31,112.53,0.0,1.253117,0.0,112.53,2.5396073121191605,2.5379387515058114
2026-08-17,44.18,0.0,0.59436,0.0,44.18,112.16,0.0,1.253117,0.0,112.16,2.5387052965142596,2.5377712125932064
2026-08-18,44.02,0.0,0.59436,0.0,44.02,111.66,0.0,1.253117,0.0,111.66,2.536574284416174,2.537696543020605
2026-08-19,44.02,0.0,0.59436,0.0,44.02,111.86,0.0,1.253117,0.0,111.86,2.541117673784643,2.53799431654219
2026-08-20,43.77,0.0,0.59436,0.0,43.77,111.22,0.0,1.253117,0.0,111.22,2.54100982408042,2.538361542970286
2026-08-21,42.77,0.0,0.59436,0.0,42.77,108.97,0.0,1.253117,0.0,108.97,2.54781388823942,2.5392022265807883
2026-08-24,43.22,0.0,0.59436,0.0,43.22,110.03,0.0,1.253117,0.0,110.03,2.545812124016659,2.5398619220986083
2026-08-25,43.31,0.0,0.59436,0.0,43.31,110.05,0.0,1.253117,0.0,110.05,2.540983606557377,2.5401865857305195
2026-08-26,43.51,0.0,0.59436,0.0,43.51,110.49,0.0,1.253117,0.0,110.49,2.539416226154907,2.5402925562455687
2026-08-27,43.18,0.0,0.59436,0.0,43.18,109.64,0.0,1.253117,0.0,109.64,2.539138490041686,2.5406261041242764
2026-08-28,42.73,0.0,0.59436,0.0,42.73,108.67,0.0,1.253117,0.0,108.67,2.543178095015212,2.541077004365454
2026-08-31,42.23,0.0,0.59436,0.0,42.23,107.59,0.0,1.253117,0.0,107.59,2.547714894624675,2.5416367797549384
2026-09-01,42.56,0.0,0.59436,0.0,42.56,108.37,0.0,1.253117,0.0,108.37,2.5462875939849625,2.5421431794043112
2026-09-02,42.67,0.0,0.59436,0.0,42.67,108.58,0.0,1.253117,0.0,108.58,2.5446449496133114,2.5425545381996812
2026-09-03,43.03,0.0,0.59436,0.0,43.03,109.53,0.0,1.253117,0.0,109.53,2.5454334185452008,2.542705416134779
2026-09-04,43.08,0.0,0.59436,0.0,43.08,109.61,0.0,1.253117,0.0,109.61,2.544336118848654,2.5427151594768906
2026-09-08,43.45,0.0,0.59436,0.0,43.45,110.48,0.0,1.253117,0.0,110.48,2.542692750287687,2.5425602073784765
2026-09-09,42.94,0.0,0.59436,0.0,42.94,109.25,0.0,1.253117,0.0,109.25,2.5442477876106198,2.5425894658857553
2026-09-10,42.52,0.0,0.59436,0.0,42.52,108.23,0.0,1.253117,0.0,108.23,2.5453904045155222,2.5427034204181007
2026-09-11,42.39,0.0,0.59436,0.0,42.39,107.94,0.0,1.253117,0.0,107.94,2.546355272469922,2.5430230005720236
2026-09-14,41.82,0.0,0.59436,0.0,41.82,106.67,0.0,1.253117,0.0,106.67,2.5506934481109518,2.543577307371613
2026-09-15,41.32,0.0,0.59436,0.0,41.32,104.88,0.646977,1.9000940000000002,0.646977,105.526977,2.5538958615682477,2.544336835624313
2026-09-16,41.32,0.0,0.59436,0.0,41.32,104.77,0.0,1.9000940000000002,0.646977,105.416977,2.551233712487899,2.545069807027899
2026-09-17,41.69,0.0,0.59436,0.0,41.69,105.62,0.0,1.9000940000000002,0.646977,106.26697700000001,2.5489800191892544,2.5454629242981293
2026-09-18,41.1,0.0,0.59436,0.0,41.1,104.21,0.0,1.9000940000000002,0.646977,104.856977,2.5512646472019465,2.5459756654542054
2026-09-21,40.66,0.300376,0.894736,0.0,40.66,103.68,0.0,1.9000940000000002,0.0,103.68,2.549926217412691,2.546081281912869
2026-09-22,40.53,0.0,0.894736,0.0,40.53,103.44,0.0,1.9000940000000002,0.0,103.44,2.5521835677276092,2.546399854098417
2026-09-23,39.75,0.0,0.894736,0.0,39.75,101.71,0.0,1.9000940000000002,0.0,101.71,2.5587421383647797,2.547287780688787
2026-09-24,39.36,0.0,0.894736,0.0,39.36,100.9,0.0,1.9000940000000002,0.0,100.9,2.5635162601626016,2.5484927823891717
2026-09-25,39.51,0.0,0.894736,0.0,39.51,101.17,0.0,1.9000940000000002,0.0,101.17,2.560617565173374,2.549566736145756
2026-09-28,39.25,0.0,0.894736,0.0,39.25,100.52,0.0,1.9000940000000002,0.0,100.52,2.5610191082802545,2.5504587868090085
2026-09-29,39.71,0.0,0.894736,0.0,39.71,101.53,0.0,1.9000940000000002,0.0,101.53,2.556786703601108,2.5509123772578297
2026-09-30,39.44,0.0,0.894736,0.0,39.44,100.84,0.0,1.9000940000000002,0.0,100.84,2.556795131845842,2.5514377541508737
2026-10-01,39.68,0.0,0.894736,0.0,39.68,101.3,0.0,1.9000940000000002,0.0,101.3,2.552923387096774,2.5518516760250467
2026-10-02,39.83,0.0,0.894736,0.0,39.83,101.73,0.0,1.9000940000000002,0.0,101.73,2.554104946020588,2.5522852523988164
2026-10-05,39.97,0.0,0.894736,0.0,39.97,102.18,0.0,1.9000940000000002,0.0,102.18,2.5564173129847387,2.552889312105621
2026-10-06,40.89,0.0,0.894736,0.0,40.89,104.44,0.0,1.9000940000000002,0.0,104.44,2.5541697236488137,2.553463160773677
