date,Z,div_Z,div_cumsum_Z,div_adj_Z,Z*,ZG,div_ZG,div_cumsum_ZG,div_adj_ZG,ZG*,ratio*,ratio*_ma
2026-01-02,65.92,0.0,0.0,0.0,65.92,65.61,0.0,0.0,0.0,65.61,0.9952973300970873,
2026-01-05,66.03,0.0,0.0,0.0,66.03,65.71,0.0,0.0,0.0,65.71,0.9951537180069664,
2026-01-06,66.58,0.0,0.0,0.0,66.58,65.88,0.0,0.0,0.0,65.88,0.9894863322319014,
2026-01-07,68.17,0.0,0.0,0.0,68.17,67.43,0.0,0.0,0.0,67.43,0.9891447850960834,
2026-01-08,69.95,0.0,0.0,0.0,69.95,68.54,0.0,0.0,0.0,68.54,0.979842744817727,
2026-01-09,68.75,0.0,0.0,0.0,68.75,67.16,0.0,0.0,0.0,67.16,0.9768727272727272,
2026-01-12,68.17,0.0,0.0,0.0,68.17,67.14,0.0,0.0,0.0,67.14,0.9848907143904944,
2026-01-13,68.84,0.0,0.0,0.0,68.84,67.8,0.0,0.0,0.0,67.8,0.9848925043579313,
2026-01-14,67.55,0.0,0.0,0.0,67.55,66.79,0.0,0.0,0.0,66.79,0.9887490747594376,
2026-01-15,67.89,0.0,0.0,0.0,67.89,67.17,0.0,0.0,0.0,67.17,0.9893946089262041,
2026-01-16,68.53,0.0,0.0,0.0,68.53,67.66,0.0,0.0,0.0,67.66,0.9873048300014592,
2026-01-20,65.88,0.0,0.0,0.0,65.88,65.06,0.0,0.0,0.0,65.06,0.9875531268973893,
2026-01-21,64.92,0.0,0.0,0.0,64.92,64.59,0.0,0.0,0.0,64.59,0.994916820702403,
2026-01-22,68.59,0.0,0.0,0.0,68.59,67.95,0.0,0.0,0.0,67.95,0.9906691937600233,
2026-01-23,68.0,0.0,0.0,0.0,68.0,67.34,0.0,0.0,0.0,67.34,0.9902941176470589,
2026-01-26,69.56,0.0,0.0,0.0,69.56,68.36,0.0,0.0,0.0,68.36,0.9827487061529614,
2026-01-27,66.62,0.0,0.0,0.0,66.62,65.73,0.0,0.0,0.0,65.73,0.9866406484539177,
2026-01-28,65.98,0.0,0.0,0.0,65.98,65.0,0.0,0.0,0.0,65.0,0.9851470142467413,
2026-01-29,66.16,0.0,0.0,0.0,66.16,65.21,0.0,0.0,0.0,65.21,0.9856408706166868,
2026-01-30,63.03,0.0,0.0,0.0,63.03,62.24,0.0,0.0,0.0,62.24,0.9874662858956053,0.9876053077165403
2026-02-02,62.52,0.0,0.0,0.0,62.52,61.75,0.0,0.0,0.0,61.75,0.9876839411388355,0.9872246382686276
2026-02-03,58.94,0.0,0.0,0.0,58.94,58.7,0.0,0.0,0.0,58.7,0.9959280624363761,0.9872633554900982
2026-02-04,56.54,0.0,0.0,0.0,56.54,56.66,0.0,0.0,0.0,56.66,1.0021223912274495,0.9878951584398756
2026-02-05,54.01,0.0,0.0,0.0,54.01,53.72,0.0,0.0,0.0,53.72,0.9946306239585262,0.9881694503829979
2026-02-06,54.97,0.0,0.0,0.0,54.97,54.5,0.0,0.0,0.0,54.5,0.9914498817536839,0.9887498072297957
2026-02-09,54.28,0.0,0.0,0.0,54.28,53.94,0.0,0.0,0.0,53.94,0.9937361827560796,0.9895929800039631
2026-02-10,54.71,0.0,0.0,0.0,54.71,54.42,0.0,0.0,0.0,54.42,0.9946993237068178,0.9900834104697793
2026-02-11,45.66,0.0,0.0,0.0,45.66,45.1,0.0,0.0,0.0,45.1,0.9877354358300483,0.9902255570433853
2026-02-12,43.82,0.0,0.0,0.0,43.82,43.7,0.0,0.0,0.0,43.7,0.997261524418074,0.9906511795263171
2026-02-13,43.45,0.0,0.0,0.0,43.45,43.3,0.0,0.0,0.0,43.3,0.9965477560414268,0.9910088368820782
2026-02-17,43.97,0.0,0.0,0.0,43.97,43.99,0.0,0.0,0.0,43.99,1.0004548555833523,0.9916663381611729
2026-02-18,44.98,0.0,0.0,0.0,44.98,44.92,0.0,0.0,0.0,44.92,0.9986660738105826,0.9922219855068326
2026-02-19,45.55,0.0,0.0,0.0,45.55,45.54,0.0,0.0,0.0,45.54,0.9997804610318332,0.992465167523304
2026-02-20,45.46,0.0,0.0,0.0,45.46,45.42,0.0,0.0,0.0,45.42,0.9991201055873296,0.9928877131146694
2026-02-23,42.83,0.0,0.0,0.0,42.83,42.81,0.0,0.0,0.0,42.81,0.9995330375904741,0.99334965911184
2026-02-24,43.73,0.0,0.0,0.0,43.73,43.84,0.0,0.0,0.0,43.84,1.0025154356277157,0.9943379955855779
2026-02-25,45.31,0.0,0.0,0.0,45.31,45.43,0.0,0.0,0.0,45.43,1.0026484219819023,0.995138384261977
2026-02-26,46.65,0.0,0.0,0.0,46.65,46.52,0.0,0.0,0.0,46.52,0.997213290460879,0.9957416980726839
2026-02-27,44.62,0.0,0.0,0.0,44.62,44.8,0.0,0.0,0.0,44.8,1.004034065441506,0.996661357813925
2026-03-02,43.54,0.0,0.0,0.0,43.54,43.7,0.0,0.0,0.0,43.7,1.0036747818098302,0.9974717826096361
2026-03-03,45.23,0.0,0.0,0.0,45.23,45.52,0.0,0.0,0.0,45.52,1.0064116736679196,0.9984081692360904
2026-03-04,45.82,0.0,0.0,0.0,45.82,46.1,0.0,0.0,0.0,46.1,1.0061108686163247,0.9989173095450878
2026-03-05,46.66,0.0,0.0,0.0,46.66,47.01,0.0,0.0,0.0,47.01,1.0075010715816546,0.9991862435627981
2026-03-06,45.91,0.0,0.0,0.0,45.91,45.97,0.0,0.0,0.0,45.97,1.0013069048137662,0.9995200576055601
2026-03-09,45.25,0.0,0.0,0.0,45.25,45.14,0.0,0.0,0.0,45.14,0.9975690607734806,0.9998260165565498
2026-03-10,44.06,0.0,0.0,0.0,44.06,43.7,0.0,0.0,0.0,43.7,0.9918293236495688,0.9997306736012244
2026-03-11,44.9,0.0,0.0,0.0,44.9,44.35,0.0,0.0,0.0,44.35,0.9877505567928732,0.9993832352555272
2026-03-12,41.25,0.0,0.0,0.0,41.25,40.81,0.0,0.0,0.0,40.81,0.9893333333333334,0.9994631301306912
2026-03-13,42.9,0.0,0.0,0.0,42.9,42.15,0.0,0.0,0.0,42.15,0.9825174825174825,0.9987259280356617
2026-03-16,42.36,0.0,0.0,0.0,42.36,42.27,0.0,0.0,0.0,42.27,0.9978753541076488,0.9987923079389729
2026-03-17,45.23,0.0,0.0,0.0,45.23,45.05,0.0,0.0,0.0,45.05,0.996020340481981,0.9985705821839044
2026-03-18,46.27,0.0,0.0,0.0,46.27,45.71,0.0,0.0,0.0,45.71,0.9878971255673222,0.9980321347717414
2026-03-19,45.54,0.0,0.0,0.0,45.54,44.89,0.0,0.0,0.0,44.89,0.9857268335529206,0.9973294533977958
2026-03-20,43.95,0.0,0.0,0.0,43.95,43.53,0.0,0.0,0.0,43.53,0.9904436860068259,0.9968956324187704
2026-03-23,44.82,0.0,0.0,0.0,44.82,44.71,0.0,0.0,0.0,44.71,0.9975457385095939,0.9967962674647264
2026-03-24,45.31,0.0,0.0,0.0,45.31,45.09,0.0,0.0,0.0,45.09,0.9951445596998455,0.996427723668333
2026-03-25,43.6,0.0,0.0,0.0,43.6,43.4,0.0,0.0,0.0,43.4,0.9954128440366972,0.9960659447710727
2026-03-26,41.86,0.0,0.0,0.0,41.86,42.04,0.0,0.0,0.0,42.04,1.0043000477783086,0.9964202826369443
2026-03-27,40.44,0.0,0.0,0.0,40.44,40.41,0.0,0.0,0.0,40.41,0.9992581602373887,0.9961814873767384
2026-03-30,40.79,0.0,0.0,0.0,40.79,40.63,0.0,0.0,0.0,40.63,0.9960774699681295,0.9958016217846533
2026-03-31,41.38,0.0,0.0,0.0,41.38,41.39,0.0,0.0,0.0,41.39,1.0002416626389559,0.9954931212332051
2026-04-01,40.49,0.0,0.0,0.0,40.49,40.47,0.0,0.0,0.0,40.47,0.9995060508767596,0.9951628803462269
2026-04-02,40.6,0.0,0.0,0.0,40.6,40.64,0.0,0.0,0.0,40.64,1.000985221674877,0.9948370878508879
2026-04-06,41.65,0.0,0.0,0.0,41.65,41.81,0.0,0.0,0.0,41.81,1.003841536614646,0.9949638194409319
2026-04-07,40.79,0.0,0.0,0.0,40.79,40.92,0.0,0.0,0.0,40.92,1.0031870556508948,0.9952447191848026
2026-04-08,41.43,0.0,0.0,0.0,41.43,41.56,0.0,0.0,0.0,41.56,1.0031378228336953,0.995810144144009
2026-04-09,40.63,0.0,0.0,0.0,40.63,40.65,0.0,0.0,0.0,40.65,1.0004922471080482,0.9964472286597676
2026-04-10,39.87,0.0,0.0,0.0,39.87,39.94,0.0,0.0,0.0,39.94,1.0017557060446451,0.9970683472953334
2026-04-13,40.49,0.0,0.0,0.0,40.49,40.63,0.0,0.0,0.0,40.63,1.003457643862682,0.9981153553625933
2026-04-14,40.89,0.0,0.0,0.0,40.89,41.0,0.0,0.0,0.0,41.0,1.0026901442895573,0.9983560948716887
2026-04-15,43.5,0.0,0.0,0.0,43.5,43.62,0.0,0.0,0.0,43.62,1.002758620689655,0.9986930088820725
2026-04-16,44.08,0.0,0.0,0.0,44.08,44.1,0.0,0.0,0.0,44.1,1.000453720508167,0.9993208386291146
2026-04-17,46.86,0.0,0.0,0.0,46.86,47.01,0.0,0.0,0.0,47.01,1.003201024327785,1.0001945481678578
2026-04-20,47.3,0.0,0.0,0.0,47.3,47.44,0.0,0.0,0.0,47.44,1.0029598308668077,1.000820355410857
2026-04-21,46.17,0.0,0.0,0.0,46.17,46.18,0.0,0.0,0.0,46.18,1.0002165908598657,1.0009538980283705
2026-04-22,46.04,0.0,0.0,0.0,46.04,46.06,0.0,0.0,0.0,46.06,1.0004344048653346,1.001218390286645
2026-04-23,44.5,0.0,0.0,0.0,44.5,44.5,0.0,0.0,0.0,44.5,1.0,1.0014477480848103
2026-04-24,45.41,0.0,0.0,0.0,45.41,45.63,0.0,0.0,0.0,45.63,1.004844747852896,1.0014749830885394
2026-04-27,45.59,0.0,0.0,0.0,45.59,45.69,0.0,0.0,0.0,45.69,1.002193463478833,1.0016217482506116
2026-04-28,44.76,0.0,0.0,0.0,44.76,44.91,0.0,0.0,0.0,44.91,1.0033512064343164,1.001985435073921
2026-04-29,43.41,0.0,0.0,0.0,43.41,43.45,0.0,0.0,0.0,43.45,1.0009214466712741,1.002019424275537
2026-04-30,44.4,0.0,0.0,0.0,44.4,44.61,0.0,0.0,0.0,44.61,1.0047297297297297,1.0022806082181854
2026-05-01,45.28,0.0,0.0,0.0,45.28,45.5,0.0,0.0,0.0,45.5,1.0048586572438163,1.0024742799966326
2026-05-04,44.03,0.0,0.0,0.0,44.03,44.27,0.0,0.0,0.0,44.27,1.0054508289802409,1.0025547446149123
2026-05-05,43.54,0.0,0.0,0.0,43.54,43.88,0.0,0.0,0.0,43.88,1.007808911345889,1.0027858373996619
2026-05-06,44.53,0.0,0.0,0.0,44.53,44.83,0.0,0.0,0.0,44.83,1.0067370312149113,1.0029657978187227
2026-05-07,43.68,0.0,0.0,0.0,43.68,44.04,0.0,0.0,0.0,44.04,1.0082417582417582,1.003353273375408
2026-05-08,41.43,0.0,0.0,0.0,41.43,41.94,0.0,0.0,0.0,41.94,1.0123099203475743,1.0038809840905547
2026-05-11,40.44,0.0,0.0,0.0,40.44,40.65,0.0,0.0,0.0,40.65,1.0051928783382789,1.0039677458143346
2026-05-12,39.63,0.0,0.0,0.0,39.63,39.84,0.0,0.0,0.0,39.84,1.0052990158970476,1.0040981893947092
2026-05-13,38.53,0.0,0.0,0.0,38.53,38.88,0.0,0.0,0.0,38.88,1.0090838307812096,1.0044144498992869
2026-05-14,37.37,0.0,0.0,0.0,37.37,37.86,0.0,0.0,0.0,37.86,1.0131121220230133,1.005047369975029
2026-05-15,37.66,0.0,0.0,0.0,37.66,38.06,0.0,0.0,0.0,38.06,1.0106213489113118,1.0054183862042056
2026-05-18,37.17,0.0,0.0,0.0,37.17,37.61,0.0,0.0,0.0,37.61,1.011837503362927,1.0058622698290114
2026-05-19,36.0,0.0,0.0,0.0,36.0,36.42,0.0,0.0,0.0,36.42,1.0116666666666667,1.0064347736193515
2026-05-20,36.47,0.0,0.0,0.0,36.47,36.92,0.0,0.0,0.0,36.92,1.0123389086920758,1.0070299988106886
2026-05-21,36.75,0.0,0.0,0.0,36.75,37.25,0.0,0.0,0.0,37.25,1.0136054421768708,1.007710270919532
2026-05-22,36.34,0.0,0.0,0.0,36.34,36.88,0.0,0.0,0.0,36.88,1.0148596587782057,1.0082110164657974
2026-05-26,35.74,0.0,0.0,0.0,35.74,36.21,0.0,0.0,0.0,36.21,1.0131505316172356,1.0087588698727177
2026-05-27,36.05,0.0,0.0,0.0,36.05,36.37,0.0,0.0,0.0,36.37,1.008876560332871,1.0090351375676454
2026-05-28,35.44,0.0,0.0,0.0,35.44,35.8,0.0,0.0,0.0,35.8,1.010158013544018,1.0094969659112825
2026-05-29,35.0,0.0,0.0,0.0,35.0,35.36,0.0,0.0,0.0,35.36,1.0102857142857142,1.0097747651390818
2026-06-01,36.25,0.0,0.0,0.0,36.25,36.44,0.0,0.0,0.0,36.44,1.0052413793103447,1.0097939012424082
2026-06-02,36.37,0.0,0.0,0.0,36.37,36.58,0.0,0.0,0.0,36.58,1.0057739895518285,1.0098100592709875
2026-06-03,35.51,0.0,0.0,0.0,35.51,35.59,0.0,0.0,0.0,35.59,1.0022528865108422,1.0095322580292354
2026-06-04,35.92,0.0,0.0,0.0,35.92,35.98,0.0,0.0,0.0,35.98,1.0016703786191536,1.0092789253994474
2026-06-05,35.06,0.0,0.0,0.0,35.06,35.39,0.0,0.0,0.0,35.39,1.009412435824301,1.0093374592785747
2026-06-08,34.79,0.0,0.0,0.0,34.79,34.77,0.0,0.0,0.0,34.77,0.9994251221615408,1.0086932193692728
2026-06-09,35.45,0.0,0.0,0.0,35.45,35.83,0.0,0.0,0.0,35.83,1.0107193229901268,1.0089695416018654
2026-06-10,33.93,0.0,0.0,0.0,33.93,34.1,0.0,0.0,0.0,34.1,1.005010315355143,1.0089551065747702
2026-06-11,32.7,0.0,0.0,0.0,32.7,33.05,0.0,0.0,0.0,33.05,1.010703363914373,1.0090360832314282
2026-06-12,32.03,0.0,0.0,0.0,32.03,32.22,0.0,0.0,0.0,32.22,1.005931938807368,1.0086770740706459
2026-06-15,32.36,0.0,0.0,0.0,32.36,32.68,0.0,0.0,0.0,32.68,1.0098887515451174,1.0086404442023362
2026-06-16,33.26,0.0,0.0,0.0,33.26,33.51,0.0,0.0,0.0,33.51,1.007516536380036,1.0084243958531915
2026-06-17,32.01,0.0,0.0,0.0,32.01,32.25,0.0,0.0,0.0,32.25,1.0074976569821932,1.008215945368968
2026-06-18,32.11,0.0,0.0,0.0,32.11,32.49,0.0,0.0,0.0,32.49,1.0118343195266273,1.0081907159106955
2026-06-22,30.31,0.0,0.0,0.0,30.31,30.46,0.0,0.0,0.0,30.46,1.0049488617617948,1.0077578868899417
2026-06-23,30.5,0.0,0.0,0.0,30.5,30.56,0.0,0.0,0.0,30.56,1.0019672131147541,1.0071132646067693
2026-06-24,30.54,0.0,0.0,0.0,30.54,30.5,0.0,0.0,0.0,30.5,0.9986902423051736,1.006390250141166
2026-06-25,29.41,0.0,0.0,0.0,29.41,29.14,0.0,0.0,0.0,29.14,0.9908194491669501,1.0054873945828702
2026-06-26,31.15,0.0,0.0,0.0,31.15,31.18,0.0,0.0,0.0,31.18,1.0009630818619584,1.0050276479987672
2026-06-29,31.38,0.0,0.0,0.0,31.38,31.39,0.0,0.0,0.0,31.39,1.0003186743148502,1.004529296000224
2026-06-30,31.52,0.0,0.0,0.0,31.52,31.37,0.0,0.0,0.0,31.37,0.995241116751269,1.0040292828722701
2026-07-01,33.02,0.0,0.0,0.0,33.02,32.65,0.0,0.0,0.0,32.65,0.988794669897032,1.0031803168895301
2026-07-02,33.43,0.0,0.0,0.0,33.43,33.42,0.0,0.0,0.0,33.42,0.9997008674842957,1.0030527159382028
2026-07-06,32.96,0.0,0.0,0.0,32.96,32.95,0.0,0.0,0.0,32.95,0.9996966019417476,1.0029540271043325
2026-07-07,32.78,0.0,0.0,0.0,32.78,32.69,0.0,0.0,0.0,32.69,0.99725442342892,1.0023461264845634
2026-07-08,32.27,0.0,0.0,0.0,32.27,32.13,0.0,0.0,0.0,32.13,0.9956616052060737,1.0021579506367901
2026-07-09,33.44,0.0,0.0,0.0,33.44,33.21,0.0,0.0,0.0,33.21,0.9931220095693781,1.0012780849657528
2026-07-10,32.19,0.0,0.0,0.0,32.19,32.0,0.0,0.0,0.0,32.0,0.9940975458216839,1.0007324464890797
2026-07-13,32.19,0.0,0.0,0.0,32.19,31.94,0.0,0.0,0.0,31.94,0.9922336129232682,0.9998089589395244
2026-07-14,31.86,0.0,0.0,0.0,31.86,31.8,0.0,0.0,0.0,31.8,0.9981167608286253,0.9994182000405875
2026-07-15,33.84,0.0,0.0,0.0,33.84,33.74,0.0,0.0,0.0,33.74,0.9970449172576832,0.9987760083262156
2026-07-16,34.08,0.0,0.0,0.0,34.08,33.99,0.0,0.0,0.0,33.99,0.9973591549295776,0.9982681392536928
2026-07-17,33.91,0.0,0.0,0.0,33.91,33.71,0.0,0.0,0.0,33.71,0.9941020347979949,0.9975983581444827
2026-07-20,33.03,0.0,0.0,0.0,33.03,32.84,0.0,0.0,0.0,32.84,0.9942476536481987,0.9967190248505615
2026-07-21,31.85,0.0,0.0,0.0,31.85,31.8,0.0,0.0,0.0,31.8,0.9984301412872841,0.996393088826836
2026-07-22,31.36,0.0,0.0,0.0,31.36,31.35,0.0,0.0,0.0,31.35,0.9996811224489797,0.9962787842935473
2026-07-23,29.58,0.0,0.0,0.0,29.58,29.56,0.0,0.0,0.0,29.56,0.9993238674780257,0.9963104655521899
2026-07-24,30.76,0.0,0.0,0.0,30.76,30.68,0.0,0.0,0.0,30.68,0.9973992197659297,0.9966394540821387
2026-07-27,32.0,0.0,0.0,0.0,32.0,31.99,0.0,0.0,0.0,31.99,0.9996875,0.9965756749890409
2026-07-28,33.67,0.0,0.0,0.0,33.67,33.81,0.0,0.0,0.0,33.81,1.0041580041580043,0.9967676414811985
2026-07-29,34.0,0.0,0.0,0.0,34.0,34.32,0.0,0.0,0.0,34.32,1.0094117647058825,0.9974761738789292
2026-07-30,33.71,0.0,0.0,0.0,33.71,34.05,0.0,0.0,0.0,34.05,1.0100860278849004,0.9985407417783227
2026-07-31,34.06,0.0,0.0,0.0,34.06,34.69,0.0,0.0,0.0,34.69,1.0184967704051673,0.9994805369243662
2026-08-03,35.12,0.0,0.0,0.0,35.12,35.8,0.0,0.0,0.0,35.8,1.0193621867881548,1.0004638161666866
2026-08-04,36.28,0.0,0.0,0.0,36.28,37.03,0.0,0.0,0.0,37.03,1.0206725468577729,1.0016347223381292
2026-08-05,36.1,0.0,0.0,0.0,36.1,36.89,0.0,0.0,0.0,36.89,1.0218836565096954,1.0029458249033103
2026-08-06,33.43,0.0,0.0,0.0,33.43,33.76,0.0,0.0,0.0,33.76,1.0098713730182471,1.0037832930757538
2026-08-07,33.61,0.0,0.0,0.0,33.61,33.95,0.0,0.0,0.0,33.95,1.0101160368937818,1.004584217629359
2026-08-10,33.75,0.0,0.0,0.0,33.75,34.07,0.0,0.0,0.0,34.07,1.0094814814814814,1.0054466110572693
2026-08-11,34.14,0.0,0.0,0.0,34.14,34.27,0.0,0.0,0.0,34.27,1.0038078500292913,1.0057311655173027
2026-08-12,33.26,0.0,0.0,0.0,33.26,33.49,0.0,0.0,0.0,33.49,1.0069152134696333,1.0062246803279002
2026-08-13,35.92,0.0,0.0,0.0,35.92,36.23,0.0,0.0,0.0,36.23,1.0086302895322938,1.0067882370580359
2026-08-14,34.78,0.0,0.0,0.0,34.78,35.16,0.0,0.0,0.0,35.16,1.0109258194364577,1.007629426289959
2026-08-17,33.72,0.0,0.0,0.0,33.72,34.32,0.0,0.0,0.0,34.32,1.0177935943060499,1.0088067233228517
2026-08-18,34.57,0.0,0.0,0.0,34.57,35.28,0.0,0.0,0.0,35.28,1.0205380387619323,1.009912118196584
2026-08-19,36.58,0.0,0.0,0.0,36.58,37.44,0.0,0.0,0.0,37.44,1.0235101148168397,1.0111035678149771
2026-08-20,35.72,0.0,0.0,0.0,35.72,36.57,0.0,0.0,0.0,36.57,1.0237961926091825,1.012327184071535
2026-08-21,35.88,0.0,0.0,0.0,35.88,36.78,0.0,0.0,0.0,36.78,1.0250836120401337,1.013711403685245
2026-08-24,37.05,0.0,0.0,0.0,37.05,37.95,0.0,0.0,0.0,37.95,1.0242914979757087,1.0149416035840306
2026-08-25,36.09,0.0,0.0,0.0,36.09,37.09,0.0,0.0,0.0,37.09,1.027708506511499,1.0161191287017053
2026-08-26,34.95,0.0,0.0,0.0,34.95,35.98,0.0,0.0,0.0,35.98,1.0294706723891272,1.0171220740858675
2026-08-27,35.43,0.0,0.0,0.0,35.43,36.35,0.0,0.0,0.0,36.35,1.025966694891335,1.017916107436189
2026-08-28,35.66,0.0,0.0,0.0,35.66,36.61,0.0,0.0,0.0,36.61,1.0266404935501965,1.0183232935934405
2026-08-31,34.96,0.0,0.0,0.0,34.96,35.79,0.0,0.0,0.0,35.79,1.023741418764302,1.018542255192248
2026-09-01,33.45,0.0,0.0,0.0,33.45,34.36,0.0,0.0,0.0,34.36,1.0272047832585949,1.0188688670122894
2026-09-02,34.58,0.0,0.0,0.0,34.58,35.44,0.0,0.0,0.0,35.44,1.0248698669751302,1.019018177535561
2026-09-03,35.34,0.0,0.0,0.0,35.34,36.04,0.0,0.0,0.0,36.04,1.019807583474816,1.0195149880583894
2026-09-04,34.59,0.0,0.0,0.0,34.59,35.32,0.0,0.0,0.0,35.32,1.0211043654235328,1.0200644044848768
2026-09-08,32.36,0.0,0.0,0.0,32.36,33.03,0.0,0.0,0.0,33.03,1.0207045735475897,1.0206255590881823
2026-09-09,32.14,0.0,0.0,0.0,32.14,32.8,0.0,0.0,0.0,32.8,1.0205351586807716,1.0214619245207561
2026-09-10,31.25,0.0,0.0,0.0,31.25,31.88,0.0,0.0,0.0,31.88,1.02016,1.0221241638472747
2026-09-11,32.5,0.0,0.0,0.0,32.5,33.23,0.0,0.0,0.0,33.23,1.0224615384615383,1.022815726293737
2026-09-14,33.18,0.0,0.0,0.0,33.18,33.83,0.0,0.0,0.0,33.83,1.0195901145268234,1.0232489410482553
2026-09-15,32.52,0.0,0.0,0.0,32.52,33.18,0.0,0.0,0.0,33.18,1.0202952029520294,1.0233740214805542
2026-09-16,31.31,0.0,0.0,0.0,31.31,32.0,0.0,0.0,0.0,32.0,1.0220376876397317,1.0234490039244442
2026-09-17,30.1,0.0,0.0,0.0,30.1,30.66,0.0,0.0,0.0,30.66,1.0186046511627906,1.0232037307417416
2026-09-18,29.81,0.0,0.0,0.0,29.81,30.25,0.0,0.0,0.0,30.25,1.014760147601476,1.0227519284913562
2026-09-21,30.65,0.0,0.0,0.0,30.65,31.13,0.0,0.0,0.0,31.13,1.0156606851549757,1.0222807821470985
2026-09-22,30.95,0.0,0.0,0.0,30.95,31.59,0.0,0.0,0.0,31.59,1.0206785137318255,1.0221001329349044
2026-09-23,28.65,0.0,0.0,0.0,28.65,29.35,0.0,0.0,0.0,29.35,1.0244328097731241,1.0219363480979855
2026-09-24,28.14,0.0,0.0,0.0,28.14,28.91,0.0,0.0,0.0,28.91,1.027363184079602,1.0218309736825093
2026-09-25,28.43,0.0,0.0,0.0,28.43,29.3,0.0,0.0,0.0,29.3,1.030601477312698,1.0220627128035775
2026-09-28,27.44,0.0,0.0,0.0,27.44,28.15,0.0,0.0,0.0,28.15,1.025874635568513,1.0220244199044932
2026-09-29,27.34,0.0,0.0,0.0,27.34,28.01,0.0,0.0,0.0,28.01,1.0245062179956108,1.0220626598660587
2026-09-30,27.13,0.0,0.0,0.0,27.13,27.7,0.0,0.0,0.0,27.7,1.0210099520825655,1.0217529183072571
2026-10-01,27.75,0.0,0.0,0.0,27.75,28.41,0.0,0.0,0.0,28.41,1.0237837837837838,1.02169861414769
2026-10-02,27.41,0.0,0.0,0.0,27.41,28.09,0.0,0.0,0.0,28.09,1.0248084640642101,1.0219486581771595
2026-10-05,27.41,0.0,0.0,0.0,27.41,28.13,0.0,0.0,0.0,28.13,1.026267785479752,1.0222068291799704
2026-10-06,28.05,0.0,0.0,0.0,28.05,28.79,0.0,0.0,0.0,28.79,1.0263814616755793,1.02249067358637
