date,CMF,div_CMF,div_cumsum_CMF,div_adj_CMF,CMF*,VTEC,div_VTEC,div_cumsum_VTEC,div_adj_VTEC,VTEC*,ratio*,ratio*_ma
2026-01-02,57.5,0.0,0.0,0.0,57.5,100.3,0.0,0.0,0.0,100.3,1.7443478260869565,
2026-01-05,57.56,0.0,0.0,0.0,57.56,100.41,0.0,0.0,0.0,100.41,1.7444405837387074,
2026-01-06,57.62,0.0,0.0,0.0,57.62,100.48,0.0,0.0,0.0,100.48,1.7438389448108298,
2026-01-07,57.72,0.0,0.0,0.0,57.72,100.68,0.0,0.0,0.0,100.68,1.7442827442827444,
2026-01-08,57.69,0.0,0.0,0.0,57.69,100.67,0.0,0.0,0.0,100.67,1.7450164673253599,
2026-01-09,57.78,0.0,0.0,0.0,57.78,100.7,0.0,0.0,0.0,100.7,1.7428175839390794,
2026-01-12,57.78,0.0,0.0,0.0,57.78,100.8,0.0,0.0,0.0,100.8,1.7445482866043613,
2026-01-13,57.79,0.0,0.0,0.0,57.79,100.82,0.0,0.0,0.0,100.82,1.7445924900501817,
2026-01-14,57.83,0.0,0.0,0.0,57.83,100.92,0.0,0.0,0.0,100.92,1.7451149922185718,
2026-01-15,57.87,0.0,0.0,0.0,57.87,100.91,0.0,0.0,0.0,100.91,1.7437359599101434,
2026-01-16,57.85,0.0,0.0,0.0,57.85,100.9,0.0,0.0,0.0,100.9,1.7441659464131374,
2026-01-20,57.6,0.0,0.0,0.0,57.6,100.61,0.0,0.0,0.0,100.61,1.746701388888889,
2026-01-21,57.76,0.0,0.0,0.0,57.76,100.7,0.0,0.0,0.0,100.7,1.743421052631579,
2026-01-22,57.74,0.0,0.0,0.0,57.74,100.64,0.0,0.0,0.0,100.64,1.7429857984066504,
2026-01-23,57.74,0.0,0.0,0.0,57.74,100.66,0.0,0.0,0.0,100.66,1.743332178732248,
2026-01-26,57.79,0.0,0.0,0.0,57.79,100.75,0.0,0.0,0.0,100.75,1.7433812078214224,
2026-01-27,57.78,0.0,0.0,0.0,57.78,100.79,0.0,0.0,0.0,100.79,1.7443752163378332,
2026-01-28,57.82,0.0,0.0,0.0,57.82,100.86,0.0,0.0,0.0,100.86,1.7443791075752335,
2026-01-29,57.83,0.0,0.0,0.0,57.83,100.85,0.0,0.0,0.0,100.85,1.7439045478125539,
2026-01-30,57.9,0.0,0.0,0.0,57.9,100.96,0.0,0.0,0.0,100.96,1.7436960276338513,1.7441539175610168
2026-02-02,57.75,0.137977,0.137977,0.0,57.887977,100.75,0.2508,0.2508,0.0,101.0008,1.7447629928404649,1.744174675898692
2026-02-03,57.79,0.0,0.137977,0.0,57.927977,100.81,0.0,0.2508,0.0,101.0608,1.744593980901491,1.744182345756831
2026-02-04,57.83,0.0,0.137977,0.0,57.967977,100.9,0.0,0.2508,0.0,101.1508,1.7449427293279531,1.7442375349826875
2026-02-05,57.92,0.0,0.137977,0.0,58.057977,101.04,0.0,0.2508,0.0,101.2908,1.7446491461457572,1.7442558550758378
2026-02-06,57.93,0.0,0.137977,0.0,58.067977,101.03,0.0,0.2508,0.0,101.2808,1.7441764847430452,1.7442138559467224
2026-02-09,57.96,0.0,0.137977,0.0,58.097977,101.09,0.0,0.2508,0.0,101.3408,1.7443085841009576,1.7442884059548163
2026-02-10,58.05,0.0,0.137977,0.0,58.187977,101.16,0.0,0.2508,0.0,101.4108,1.7428136400067664,1.7442016736249364
2026-02-11,58.0,0.0,0.137977,0.0,58.137977,101.11,0.0,0.2508,0.0,101.3608,1.743452476855189,1.7441446729651868
2026-02-12,58.11,0.0,0.137977,0.0,58.247977,101.29,0.0,0.2508,0.0,101.5408,1.743250241978361,1.7440514354531764
2026-02-13,58.16,0.0,0.137977,0.0,58.297976999999996,101.41,0.0,0.2508,0.0,101.6608,1.743813511745013,1.74405531304492
2026-02-17,58.18,0.0,0.137977,0.0,58.317977,101.47,0.0,0.2508,0.0,101.7208,1.744244317665546,1.7440592316075398
2026-02-18,58.16,0.0,0.137977,0.0,58.297976999999996,101.47,0.0,0.2508,0.0,101.7208,1.7448427069776367,1.7439662975119776
2026-02-19,58.18,0.0,0.137977,0.0,58.317977,101.46,0.0,0.2508,0.0,101.71079999999999,1.7440728439534174,1.7439988870780696
2026-02-20,58.22,0.0,0.137977,0.0,58.357977,101.55,0.0,0.2508,0.0,101.8008,1.7444196189323011,1.7440705781043522
2026-02-23,58.24,0.0,0.137977,0.0,58.377977,101.62,0.0,0.2508,0.0,101.8708,1.7450210719018235,1.7441550227628309
2026-02-24,58.28,0.0,0.137977,0.0,58.417977,101.7,0.0,0.2508,0.0,101.9508,1.7451956612602315,1.7442457454347715
2026-02-25,58.33,0.0,0.137977,0.0,58.467977,101.69,0.0,0.2508,0.0,101.9408,1.7435321902791334,1.7442035941318366
2026-02-26,58.37,0.0,0.137977,0.0,58.507977,101.76,0.0,0.2508,0.0,102.0108,1.7435366121101745,1.7441614693585834
2026-02-27,58.41,0.0,0.137977,0.0,58.547976999999996,101.83,0.0,0.2508,0.0,102.0808,1.7435410278992218,1.7441432933629168
2026-03-02,58.09,0.14212,0.280097,0.0,58.370097,101.34,0.2567,0.5075000000000001,0.0,101.8475,1.7448574738534355,1.7442013656738962
2026-03-03,57.77,0.0,0.280097,0.0,58.050097,100.82,0.0,0.5075000000000001,0.0,101.32749999999999,1.7455181857835653,1.744239125321051
2026-03-04,57.82,0.0,0.280097,0.0,58.100097,100.81,0.0,0.5075000000000001,0.0,101.3175,1.7438439044258394,1.7442016214972687
2026-03-05,57.78,0.0,0.280097,0.0,58.060097,100.74,0.0,0.5075000000000001,0.0,101.24749999999999,1.7438396632372142,1.7441464681927314
2026-03-06,57.73,0.0,0.280097,0.0,58.010096999999995,100.73,0.0,0.5075000000000001,0.0,101.2375,1.745170327848271,1.744172527277857
2026-03-09,57.73,0.0,0.280097,0.0,58.010096999999995,100.65,0.0,0.5075000000000001,0.0,101.1575,1.7437912575805554,1.7441532659197325
2026-03-10,57.61,0.0,0.280097,0.0,57.890097,100.55,0.0,0.5075000000000001,0.0,101.05749999999999,1.7456785398027574,1.7442217637048227
2026-03-11,57.49,0.0,0.280097,0.0,57.770097,100.25,0.0,0.5075000000000001,0.0,100.7575,1.7441116638595915,1.744286664897464
2026-03-12,57.24,0.0,0.280097,0.0,57.520097,99.87,0.0,0.5075000000000001,0.0,100.3775,1.745085721952103,1.7443683271523096
2026-03-13,57.44,0.0,0.280097,0.0,57.720096999999996,100.17,0.0,0.5075000000000001,0.0,100.6775,1.7442365005034555,1.7444176400785643
2026-03-16,57.5,0.0,0.280097,0.0,57.780097,100.23,0.0,0.5075000000000001,0.0,100.7375,1.7434636705438553,1.7444001480185065
2026-03-17,57.51,0.0,0.280097,0.0,57.790096999999996,100.24,0.0,0.5075000000000001,0.0,100.74749999999999,1.743335021569526,1.7443546832137056
2026-03-18,57.39,0.0,0.280097,0.0,57.670097,100.09,0.0,0.5075000000000001,0.0,100.5975,1.744361553614172,1.7443306255455322
2026-03-19,57.3,0.0,0.280097,0.0,57.580096999999995,99.93,0.0,0.5075000000000001,0.0,100.4375,1.7443093227161464,1.7443424494836688
2026-03-20,56.8,0.0,0.280097,0.0,57.080096999999995,99.14,0.0,0.5075000000000001,0.0,99.6475,1.7457486100628035,1.7444088990401938
2026-03-23,57.01,0.0,0.280097,0.0,57.290096999999996,99.34,0.0,0.5075000000000001,0.0,99.8475,1.7428404772992443,1.7442998693100649
2026-03-24,56.57,0.0,0.280097,0.0,56.850097,98.8,0.0,0.5075000000000001,0.0,99.30749999999999,1.7468307925666335,1.7443816258753848
2026-03-25,56.72,0.0,0.280097,0.0,57.000097,98.98,0.0,0.5075000000000001,0.0,99.4875,1.7453917666140113,1.744474604692129
2026-03-26,56.61,0.0,0.280097,0.0,56.890097,98.73,0.0,0.5075000000000001,0.0,99.2375,1.7443721356284556,1.744516380868043
2026-03-27,56.57,0.0,0.280097,0.0,56.850097,98.67,0.0,0.5075000000000001,0.0,99.1775,1.7445440770312142,1.7445665333246425
2026-03-30,56.72,0.0,0.280097,0.0,57.000097,98.83,0.0,0.5075000000000001,0.0,99.33749999999999,1.742760192144936,1.7444616692392174
2026-03-31,56.86,0.0,0.280097,0.0,57.140097,99.08,0.0,0.5075000000000001,0.0,99.58749999999999,1.7428654347576624,1.7443290316879225
2026-04-01,56.88,0.140381,0.420478,0.0,57.300478000000005,99.11,0.2582,0.7657,0.0,99.8757,1.7430168732623834,1.7442876801297493
2026-04-02,56.97,0.0,0.420478,0.0,57.390478,99.34,0.0,0.7657,0.0,100.1057,1.7442910999974595,1.744310251967762
2026-04-06,56.94,0.0,0.420478,0.0,57.360478,99.25,0.0,0.7657,0.0,100.0157,1.7436343539536054,1.7442334532730286
2026-04-07,56.98,0.0,0.420478,0.0,57.400478,99.4,0.0,0.7657,0.0,100.1657,1.7450325065237262,1.7442955157201872
2026-04-08,57.21,0.0,0.420478,0.0,57.630478000000004,99.73,0.0,0.7657,0.0,100.4957,1.743794316611429,1.7442013045606206
2026-04-09,57.3,0.0,0.420478,0.0,57.720478,99.92,0.0,0.7657,0.0,100.6857,1.744367051152972,1.7442140739252896
2026-04-10,57.25,0.0,0.420478,0.0,57.670478,99.86,0.0,0.7657,0.0,100.6257,1.7448390145127632,1.7442017385533226
2026-04-13,57.34,0.0,0.420478,0.0,57.760478000000006,100.01,0.0,0.7657,0.0,100.7757,1.7447172095771089,1.7442257740070055
2026-04-14,57.37,0.0,0.420478,0.0,57.790478,100.06,0.0,0.7657,0.0,100.8257,1.744676692239853,1.7442864250918053
2026-04-15,57.27,0.0,0.420478,0.0,57.690478000000006,99.96,0.0,0.7657,0.0,100.72569999999999,1.7459675061108002,1.744418049318869
2026-04-16,57.32,0.0,0.420478,0.0,57.740478,99.97,0.0,0.7657,0.0,100.7357,1.7446287853730618,1.7444314109068135
2026-04-17,57.46,0.0,0.420478,0.0,57.880478000000004,100.2,0.0,0.7657,0.0,100.9657,1.744382622410271,1.74443507589152
2026-04-20,57.47,0.0,0.420478,0.0,57.890478,100.26,0.0,0.7657,0.0,101.0257,1.745117737670088,1.744403532271884
2026-04-21,57.42,0.0,0.420478,0.0,57.840478000000004,100.17,0.0,0.7657,0.0,100.9357,1.7450702948893333,1.7445150231513882
2026-04-22,57.44,0.0,0.420478,0.0,57.860478,100.21,0.0,0.7657,0.0,100.97569999999999,1.745158413658456,1.7444314042059794
2026-04-23,57.48,0.0,0.420478,0.0,57.900478,100.19,0.0,0.7657,0.0,100.9557,1.7436073671101644,1.7443421842307871
2026-04-24,57.48,0.0,0.420478,0.0,57.900478,100.25,0.0,0.7657,0.0,101.0157,1.7446436279852473,1.7443557588486267
2026-04-27,57.48,0.0,0.420478,0.0,57.900478,100.23,0.0,0.7657,0.0,100.9957,1.7442982076935531,1.7443434653817438
2026-04-28,57.42,0.0,0.420478,0.0,57.840478000000004,100.1,0.0,0.7657,0.0,100.86569999999999,1.7438600697594508,1.7443984592624695
2026-04-29,57.28,0.0,0.420478,0.0,57.700478000000004,99.92,0.0,0.7657,0.0,100.6857,1.7449716794373868,1.7445037714964555
2026-04-30,57.31,0.0,0.420478,0.0,57.730478000000005,99.98,0.0,0.7657,0.0,100.7457,1.745104206481713,1.744608138157422
2026-05-01,57.14,0.140709,0.561187,0.0,57.701187,99.69,0.2603,1.026,0.0,100.716,1.7454753573786965,1.744667351026484
2026-05-04,57.11,0.0,0.561187,0.0,57.671186999999996,99.59,0.0,1.026,0.0,100.616,1.7446493688434055,1.744718101770974
2026-05-05,57.12,0.0,0.561187,0.0,57.681186999999994,99.63,0.0,1.026,0.0,100.65599999999999,1.7450403716553198,1.7447184950275538
2026-05-06,57.24,0.0,0.561187,0.0,57.801187,99.77,0.0,1.026,0.0,100.79599999999999,1.7438396204562372,1.7447207602197943
2026-05-07,57.23,0.0,0.561187,0.0,57.791186999999994,99.74,0.0,1.026,0.0,100.76599999999999,1.7436222585287962,1.7446835205885853
2026-05-08,57.27,0.0,0.561187,0.0,57.831187,99.75,0.0,1.026,0.0,100.776,1.7425891673293856,1.7445710282294165
2026-05-11,57.24,0.0,0.561187,0.0,57.801187,99.7,0.0,1.026,0.0,100.726,1.7426285726623574,1.744466596383679
2026-05-12,57.12,0.0,0.561187,0.0,57.681186999999994,99.58,0.0,1.026,0.0,100.606,1.744173537898934,1.7444414386666327
2026-05-13,57.02,0.0,0.561187,0.0,57.581187,99.44,0.0,1.026,0.0,100.466,1.7447712566258837,1.744381626192387
2026-05-14,57.04,0.0,0.561187,0.0,57.601186999999996,99.41,0.0,1.026,0.0,100.43599999999999,1.743644623156811,1.7443324180815742
2026-05-15,56.79,0.0,0.561187,0.0,57.351186999999996,98.99,0.0,1.026,0.0,100.01599999999999,1.7439220569227276,1.744309389807197
2026-05-18,56.8,0.0,0.561187,0.0,57.361186999999994,98.93,0.0,1.026,0.0,99.956,1.7425720287134228,1.7441821043593642
2026-05-19,56.66,0.0,0.561187,0.0,57.22118699999999,98.67,0.0,1.026,0.0,99.696,1.7422917144308805,1.7440431753364414
2026-05-20,56.75,0.0,0.561187,0.0,57.311187,98.96,0.0,1.026,0.0,99.98599999999999,1.7446157588744409,1.7440160425972409
2026-05-21,56.77,0.0,0.561187,0.0,57.331187,98.97,0.0,1.026,0.0,99.996,1.7441815743323088,1.744044752958348
2026-05-22,56.84,0.0,0.561187,0.0,57.401187,99.08,0.0,1.026,0.0,100.106,1.7439709042950626,1.7440111167738386
2026-05-26,57.08,0.0,0.561187,0.0,57.641186999999995,99.49,0.0,1.026,0.0,100.51599999999999,1.7438225205181843,1.7439873324150703
2026-05-27,57.14,0.0,0.561187,0.0,57.701187,99.66,0.0,1.026,0.0,100.68599999999999,1.7449554373985408,1.7440421007970248
2026-05-28,57.25,0.0,0.561187,0.0,57.811187,99.83,0.0,1.026,0.0,100.856,1.7445758378910297,1.7440223087197069
2026-05-29,57.35,0.0,0.561187,0.0,57.911187,100.05,0.0,1.026,0.0,101.076,1.7453622561734057,1.7440352112042916
2026-06-01,57.24,0.13805,0.699237,0.0,57.939237,99.84,0.2575,1.2835,0.0,101.1235,1.7453371020401944,1.7440282984373663
2026-06-02,57.33,0.0,0.699237,0.0,58.029236999999995,100.0,0.0,1.2835,0.0,101.2835,1.7453874156573868,1.7440652007780653
2026-06-03,57.31,0.0,0.699237,0.0,58.009237,99.95,0.0,1.2835,0.0,101.2335,1.7451272458556903,1.7440695444880838
2026-06-04,57.38,0.0,0.699237,0.0,58.079237,100.0,0.0,1.2835,0.0,101.2835,1.743884824106763,1.7440718046706103
2026-06-05,57.28,0.0,0.699237,0.0,57.979237,99.87,0.0,1.2835,0.0,101.15350000000001,1.7446504168380141,1.744123212586071
2026-06-08,57.29,0.0,0.699237,0.0,57.989236999999996,99.92,0.0,1.2835,0.0,101.2035,1.7452117881806242,1.7442543436286333
2026-06-09,57.37,0.0,0.699237,0.0,58.069236999999994,100.0,0.0,1.2835,0.0,101.2835,1.7441851354099938,1.7443321717660147
2026-06-10,57.22,0.0,0.699237,0.0,57.919236999999995,99.83,0.0,1.2835,0.0,101.1135,1.7457671274226214,1.7444118512421993
2026-06-11,57.33,0.0,0.699237,0.0,58.029236999999995,99.96,0.0,1.2835,0.0,101.2435,1.7446981079554778,1.7444081938086793
2026-06-12,57.31,0.0,0.699237,0.0,58.009237,99.96,0.0,1.2835,0.0,101.2435,1.7452996321947831,1.7444909442605776
2026-06-15,57.38,0.0,0.699237,0.0,58.079237,100.07,0.0,1.2835,0.0,101.3535,1.7450900740999749,1.7445493451194403
2026-06-16,57.4,0.0,0.699237,0.0,58.099236999999995,100.09,0.0,1.2835,0.0,101.3735,1.7448335853360692,1.7446624229505723
2026-06-17,57.33,0.0,0.699237,0.0,58.029236999999995,100.0,0.0,1.2835,0.0,101.2835,1.7453874156573868,1.744817208011898
2026-06-18,57.5,0.0,0.699237,0.0,58.199237,100.24,0.0,1.2835,0.0,101.5235,1.7444129035574814,1.7448070652460494
2026-06-22,57.49,0.0,0.699237,0.0,58.189237,100.28,0.0,1.2835,0.0,101.5635,1.745400098647109,1.7448679914617895
2026-06-23,57.45,0.0,0.699237,0.0,58.149237,100.24,0.0,1.2835,0.0,101.5235,1.7459128483491537,1.7449650886644943
2026-06-24,57.51,0.0,0.699237,0.0,58.209236999999995,100.34,0.0,1.2835,0.0,101.6235,1.7458311642188338,1.7450655208495267
2026-06-25,57.55,0.0,0.699237,0.0,58.249236999999994,100.43,0.0,1.2835,0.0,101.71350000000001,1.7461773791131379,1.7451266179352565
2026-06-26,57.6,0.0,0.699237,0.0,58.299237,100.5,0.0,1.2835,0.0,101.7835,1.7458804821064813,1.745191850146029
2026-06-29,57.65,0.0,0.699237,0.0,58.349236999999995,100.61,0.0,1.2835,0.0,101.8935,1.7462696213148428,1.7452372184031009
2026-06-30,57.64,0.0,0.699237,0.0,58.339237,100.6,0.0,1.2835,0.0,101.8835,1.7463975403037926,1.7452902403162809
2026-07-01,57.51,0.14266,0.841897,0.0,58.351897,100.3,0.2624,1.5459,0.0,101.8459,1.745374276349576,1.7452895833508904
2026-07-02,57.58,0.0,0.841897,0.0,58.421897,100.39,0.0,1.5459,0.0,101.9359,1.7448235205371712,1.7452743970849647
2026-07-06,57.58,0.0,0.841897,0.0,58.421897,100.43,0.0,1.5459,0.0,101.97590000000001,1.7455081953261464,1.7453555656459336
2026-07-07,57.48,0.0,0.841897,0.0,58.321897,100.23,0.0,1.5459,0.0,101.77590000000001,1.745071838112536,1.74537663670966
2026-07-08,57.33,0.0,0.841897,0.0,58.171897,100.01,0.0,1.5459,0.0,101.55590000000001,1.745789723859272,1.7454055334935918
2026-07-09,57.36,0.0,0.841897,0.0,58.201897,100.05,0.0,1.5459,0.0,101.5959,1.745577124401976,1.745475132943191
2026-07-10,57.35,0.0,0.841897,0.0,58.191897000000004,100.09,0.0,1.5459,0.0,101.6359,1.7465644744318956,1.7455150002936548
2026-07-13,57.33,0.0,0.841897,0.0,58.171897,99.97,0.0,1.5459,0.0,101.5159,1.745102106606563,1.7455352002262088
2026-07-14,57.34,0.0,0.841897,0.0,58.181897000000006,100.02,0.0,1.5459,0.0,101.5659,1.7456615414241303,1.7455532956876767
2026-07-15,57.25,0.0,0.841897,0.0,58.091897,99.85,0.0,1.5459,0.0,101.3959,1.74543964367354,1.7455707741663544
2026-07-16,57.12,0.0,0.841897,0.0,57.961897,99.69,0.0,1.5459,0.0,101.2359,1.746593973623741,1.7456587935807384
2026-07-17,57.11,0.0,0.841897,0.0,57.951897,99.63,0.0,1.5459,0.0,101.1759,1.745860019043035,1.7456824237500208
2026-07-20,57.06,0.0,0.841897,0.0,57.901897000000005,99.52,0.0,1.5459,0.0,101.0659,1.7454678557422736,1.7457351713592604
2026-07-21,57.0,0.0,0.841897,0.0,57.841897,99.39,0.0,1.5459,0.0,100.9359,1.7450309418448016,1.7457167135191451
2026-07-22,56.81,0.0,0.841897,0.0,57.651897000000005,99.08,0.0,1.5459,0.0,100.6259,1.7454048389769377,1.7456913130505343
2026-07-23,56.47,0.0,0.841897,0.0,57.311897,98.44,0.0,1.5459,0.0,99.9859,1.7445924011204863,1.7456293748956166
2026-07-24,56.52,0.0,0.841897,0.0,57.361897000000006,98.59,0.0,1.5459,0.0,100.1359,1.7456866881511954,1.7456048403475197
2026-07-27,56.67,0.0,0.841897,0.0,57.511897000000005,98.77,0.0,1.5459,0.0,100.3159,1.744263452134086,1.7455239888489
2026-07-28,56.74,0.0,0.841897,0.0,57.581897000000005,98.87,0.0,1.5459,0.0,100.41590000000001,1.7438796780175547,1.7454044916840357
2026-07-29,56.59,0.0,0.841897,0.0,57.431897000000006,98.86,0.0,1.5459,0.0,100.4059,1.7482602046037239,1.745497624899032
2026-07-30,56.56,0.0,0.841897,0.0,57.401897000000005,98.72,0.0,1.5459,0.0,100.2659,1.7467349554667155,1.7455656588548891
2026-07-31,56.53,0.0,0.841897,0.0,57.371897000000004,98.66,0.0,1.5459,0.0,100.2059,1.7466025221372756,1.745654608934894
2026-08-03,56.37,0.14026,0.982157,0.0,57.352157,98.45,0.2564,1.8023,0.0,100.2523,1.748012720777006,1.7457798352074374
2026-08-04,56.59,0.0,0.982157,0.0,57.572157000000004,98.79,0.0,1.8023,0.0,100.59230000000001,1.7472386869229166,1.7458881776479562
2026-08-05,56.68,0.0,0.982157,0.0,57.662157,98.89,0.0,1.8023,0.0,100.6923,1.7462458090147408,1.74591098190573
2026-08-06,56.66,0.0,0.982157,0.0,57.642157,98.86,0.0,1.8023,0.0,100.6623,1.746331248499254,1.745948688110594
2026-08-07,56.83,0.0,0.982157,0.0,57.812157,99.14,0.0,1.8023,0.0,100.9423,1.7460393321771406,1.7459224309978558
2026-08-10,56.79,0.0,0.982157,0.0,57.772157,99.1,0.0,1.8023,0.0,100.9023,1.7465558711958773,1.7459951192273215
2026-08-11,56.83,0.0,0.982157,0.0,57.812157,99.17,0.0,1.8023,0.0,100.9723,1.7465582541748097,1.7460399548648553
2026-08-12,56.85,0.0,0.982157,0.0,57.832157,99.21,0.0,1.8023,0.0,101.0123,1.7466459015180775,1.7461002677570825
2026-08-13,56.93,0.0,0.982157,0.0,57.912157,99.35,0.0,1.8023,0.0,101.1523,1.7466505348781949,1.7461030958198052
2026-08-14,56.81,0.0,0.982157,0.0,57.792157,99.15,0.0,1.8023,0.0,100.95230000000001,1.7468166138875905,1.7461509255620329
2026-08-17,56.65,0.0,0.982157,0.0,57.632157,98.85,0.0,1.8023,0.0,100.6523,1.746460747599643,1.7462005701549015
2026-08-18,56.53,0.0,0.982157,0.0,57.512157,98.6,0.0,1.8023,0.0,100.4023,1.7457578577690973,1.7462369159511162
2026-08-19,56.65,0.0,0.982157,0.0,57.632157,98.84,0.0,1.8023,0.0,100.6423,1.7462872333582795,1.7462810356701834
2026-08-20,56.58,0.0,0.982157,0.0,57.562157,98.62,0.0,1.8023,0.0,100.4223,1.7445888971811812,1.746280860473218
2026-08-21,56.51,0.0,0.982157,0.0,57.492157,98.55,0.0,1.8023,0.0,100.3523,1.7454954768873954,1.746271299910028
2026-08-24,56.52,0.0,0.982157,0.0,57.502157000000004,98.63,0.0,1.8023,0.0,100.4323,1.746583176001554,1.7463872861034015
2026-08-25,56.56,0.0,0.982157,0.0,57.542157,98.63,0.0,1.8023,0.0,100.4323,1.7453690517719034,1.746461754791119
2026-08-26,56.49,0.0,0.982157,0.0,57.472157,98.5,0.0,1.8023,0.0,100.3023,1.7452329133914357,1.7463103902305044
2026-08-27,56.41,0.0,0.982157,0.0,57.392157,98.4,0.0,1.8023,0.0,100.20230000000001,1.745923227802712,1.7462698038473043
2026-08-28,56.27,0.0,0.982157,0.0,57.252157000000004,98.31,0.0,1.8023,0.0,100.1123,1.7486205803564745,1.7463707067582643
2026-08-31,56.19,0.0,0.982157,0.0,57.172157,98.13,0.0,1.8023,0.0,99.9323,1.747919008897985,1.746366021164313
2026-09-01,55.75,0.143787,1.125944,0.0,56.875944,97.46,0.2602,2.0625,0.0,99.5225,1.7498171107278677,1.7464949423545608
2026-09-02,55.73,0.0,1.125944,0.0,56.855943999999994,97.42,0.0,2.0625,0.0,99.4825,1.749729104840824,1.7466691071458649
2026-09-03,55.74,0.0,1.125944,0.0,56.865944,97.26,0.0,2.0625,0.0,99.3225,1.7466077763520467,1.7466829335385043
2026-09-04,55.7,0.0,1.125944,0.0,56.825944,97.28,0.0,2.0625,0.0,99.3425,1.7481891721851555,1.746790425538905
2026-09-08,55.75,0.0,1.125944,0.0,56.875944,97.22,0.0,2.0625,0.0,99.2825,1.7455974005460024,1.7467425020064116
2026-09-09,55.45,0.0,1.125944,0.0,56.575944,96.78,0.0,2.0625,0.0,98.8425,1.7470764606243248,1.7467684123288874
2026-09-10,55.09,0.0,1.125944,0.0,56.215944,96.13,0.0,2.0625,0.0,98.1925,1.7467019676837587,1.7467712156371715
2026-09-11,55.34,0.0,1.125944,0.0,56.465944,96.39,0.0,2.0625,0.0,98.4525,1.743573081856207,1.7466173429860716
2026-09-14,55.3,0.0,1.125944,0.0,56.425943999999994,96.39,0.0,2.0625,0.0,98.4525,1.7448090899462845,1.7465169667890066
2026-09-15,55.14,0.0,1.125944,0.0,56.265944,96.05,0.0,2.0625,0.0,98.1125,1.7437279644681694,1.746380327632433
2026-09-16,55.11,0.0,1.125944,0.0,56.235943999999996,96.06,0.0,2.0625,0.0,98.1225,1.74483600737635,1.7463342351127955
2026-09-17,55.26,0.0,1.125944,0.0,56.385943999999995,96.33,0.0,2.0625,0.0,98.3925,1.744982756695534,1.7462690112796584
2026-09-18,55.09,0.0,1.125944,0.0,56.215944,96.08,0.0,2.0625,0.0,98.1425,1.7458125402999547,1.7463301934355968
2026-09-21,55.11,0.0,1.125944,0.0,56.235943999999996,96.05,0.0,2.0625,0.0,98.1125,1.7446581851635674,1.7462883288494055
2026-09-22,55.03,0.0,1.125944,0.0,56.155944,95.95,0.0,2.0625,0.0,98.0125,1.7453628773474097,1.7462273139166982
2026-09-23,54.65,0.0,1.125944,0.0,55.775943999999996,95.24,0.0,2.0625,0.0,97.3025,1.7445244853229198,1.7461850855942491
2026-09-24,54.39,0.0,1.125944,0.0,55.515944,94.82,0.0,2.0625,0.0,96.8825,1.745129291145621,1.7461799044819586
2026-09-25,54.05,0.0,1.125944,0.0,55.175943999999994,94.34,0.0,2.0625,0.0,96.4025,1.7471835189625395,1.7462429190399498
2026-09-28,53.92,0.0,1.125944,0.0,55.045944,93.9,0.0,2.0625,0.0,95.9625,1.7433164557955443,1.7459777128119032
2026-09-29,53.68,0.0,1.125944,0.0,54.805944,93.55,0.0,2.0625,0.0,95.6125,1.7445644216984932,1.7458099834519287
2026-09-30,54.12,0.0,1.125944,0.0,55.245943999999994,94.28,0.0,2.0625,0.0,96.3425,1.7438836776868183,1.7455133117998762
2026-10-01,54.35,0.141319,1.267263,0.0,55.617263,94.56,0.2584,2.3209,0.0,96.8809,1.7419213886882567,1.7451229259922478
