date,IGLB,div_IGLB,div_cumsum_IGLB,div_adj_IGLB,IGLB*,VCLT,div_VCLT,div_cumsum_VCLT,div_adj_VCLT,VCLT*,ratio*,ratio*_ma
2026-01-02,50.39,0.0,0.0,0.0,50.39,75.77,0.0,0.0,0.0,75.77,1.503671363365747,
2026-01-05,50.59,0.0,0.0,0.0,50.59,76.07,0.0,0.0,0.0,76.07,1.5036568491796796,
2026-01-06,50.6,0.0,0.0,0.0,50.6,76.09,0.0,0.0,0.0,76.09,1.5037549407114625,
2026-01-07,50.69,0.0,0.0,0.0,50.69,76.24,0.0,0.0,0.0,76.24,1.504044190175577,
2026-01-08,50.52,0.0,0.0,0.0,50.52,75.95,0.0,0.0,0.0,75.95,1.5033650039588282,
2026-01-09,50.81,0.0,0.0,0.0,50.81,76.44,0.0,0.0,0.0,76.44,1.5044282621531193,
2026-01-12,50.72,0.0,0.0,0.0,50.72,76.32,0.0,0.0,0.0,76.32,1.5047318611987381,
2026-01-13,50.85,0.0,0.0,0.0,50.85,76.51,0.0,0.0,0.0,76.51,1.504621435594887,
2026-01-14,51.09,0.0,0.0,0.0,51.09,76.86,0.0,0.0,0.0,76.86,1.5044039929536113,
2026-01-15,51.04,0.0,0.0,0.0,51.04,76.79,0.0,0.0,0.0,76.79,1.5045062695924767,
2026-01-16,50.86,0.0,0.0,0.0,50.86,76.51,0.0,0.0,0.0,76.51,1.504325599685411,
2026-01-20,50.34,0.0,0.0,0.0,50.34,75.72,0.0,0.0,0.0,75.72,1.504171632896305,
2026-01-21,50.81,0.0,0.0,0.0,50.81,76.42,0.0,0.0,0.0,76.42,1.5040346388506198,
2026-01-22,50.96,0.0,0.0,0.0,50.96,76.68,0.0,0.0,0.0,76.68,1.5047095761381477,
2026-01-23,51.01,0.0,0.0,0.0,51.01,76.75,0.0,0.0,0.0,76.75,1.5046069398157225,
2026-01-26,51.08,0.0,0.0,0.0,51.08,76.84,0.0,0.0,0.0,76.84,1.5043069694596711,
2026-01-27,50.93,0.0,0.0,0.0,50.93,76.61,0.0,0.0,0.0,76.61,1.504221480463381,
2026-01-28,50.84,0.0,0.0,0.0,50.84,76.46,0.0,0.0,0.0,76.46,1.5039339103068448,
2026-01-29,50.82,0.0,0.0,0.0,50.82,76.42,0.0,0.0,0.0,76.42,1.5037386855568673,
2026-01-30,50.68,0.0,0.0,0.0,50.68,76.21,0.0,0.0,0.0,76.21,1.5037490134175215,1.504149130773731
2026-02-02,50.42,0.0,0.0,0.0,50.42,75.8,0.0,0.0,0.0,75.8,1.503371677905593,1.5041341465007232
2026-02-03,50.43,0.0,0.0,0.0,50.43,75.82,0.0,0.0,0.0,75.82,1.503470156652786,1.5041248118743784
2026-02-04,50.34,0.0,0.0,0.0,50.34,75.69,0.0,0.0,0.0,75.69,1.50357568533969,1.50411584910579
2026-02-05,50.68,0.0,0.0,0.0,50.68,76.2,0.0,0.0,0.0,76.2,1.5035516969218627,1.5040912244431044
2026-02-06,50.72,0.0,0.0,0.0,50.72,76.27,0.0,0.0,0.0,76.27,1.5037460567823344,1.5041102770842794
2026-02-09,50.67,0.0,0.0,0.0,50.67,76.21,0.0,0.0,0.0,76.21,1.5040457864614167,1.5040911532996943
2026-02-10,50.92,0.0,0.0,0.0,50.92,76.57,0.0,0.0,0.0,76.57,1.503731343283582,1.5040411274039367
2026-02-11,50.82,0.0,0.0,0.0,50.82,76.41,0.0,0.0,0.0,76.41,1.5035419126328216,1.5039871512558334
2026-02-12,51.18,0.0,0.0,0.0,51.18,76.98,0.0,0.0,0.0,76.98,1.504103165298945,1.5039721098731
2026-02-13,51.37,0.0,0.0,0.0,51.37,77.27,0.0,0.0,0.0,77.27,1.5041853221724741,1.5039560625021
2026-02-17,51.49,0.0,0.0,0.0,51.49,77.44,0.0,0.0,0.0,77.44,1.5039813556030297,1.5039388502979807
2026-02-18,51.41,0.0,0.0,0.0,51.41,77.32,0.0,0.0,0.0,77.32,1.503987551060105,1.5039296462061709
2026-02-19,51.48,0.0,0.0,0.0,51.48,77.39,0.0,0.0,0.0,77.39,1.5033022533022533,1.5038930269287525
2026-02-20,51.41,0.0,0.0,0.0,51.41,77.3,0.0,0.0,0.0,77.3,1.5035985216883876,1.5038374742062646
2026-02-23,51.38,0.0,0.0,0.0,51.38,77.29,0.0,0.0,0.0,77.29,1.5042818217205138,1.503821218301504
2026-02-24,51.39,0.0,0.0,0.0,51.39,77.3,0.0,0.0,0.0,77.3,1.5041836933255497,1.503815054494798
2026-02-25,51.37,0.0,0.0,0.0,51.37,77.28,0.0,0.0,0.0,77.28,1.5043799883200313,1.5038229798876306
2026-02-26,51.41,0.0,0.0,0.0,51.41,77.3,0.0,0.0,0.0,77.3,1.5035985216883876,1.5038062104567076
2026-02-27,51.39,0.0,0.0,0.0,51.39,77.27,0.0,0.0,0.0,77.27,1.503599922163845,1.5037992722870563
2026-03-02,50.94,0.0,0.0,0.0,50.94,76.61,0.0,0.0,0.0,76.61,1.5039261876717707,1.503808130999769
2026-03-03,50.91,0.0,0.0,0.0,50.91,76.55,0.0,0.0,0.0,76.55,1.5036338636810058,1.5038212402885396
2026-03-04,50.94,0.0,0.0,0.0,50.94,76.6,0.0,0.0,0.0,76.6,1.503729878288182,1.5038342263703093
2026-03-05,50.66,0.0,0.0,0.0,50.66,76.2,0.0,0.0,0.0,76.2,1.5041452822739836,1.5038627062170242
2026-03-06,50.4,0.0,0.0,0.0,50.4,75.84,0.0,0.0,0.0,75.84,1.504761904761905,1.5039232166090262
2026-03-09,50.86,0.0,0.0,0.0,50.86,76.53,0.0,0.0,0.0,76.53,1.5047188360204484,1.5039718555709318
2026-03-10,50.33,0.0,0.0,0.0,50.33,75.69,0.0,0.0,0.0,75.69,1.5038744287701171,1.503963287686367
2026-03-11,49.64,0.0,0.0,0.0,49.64,74.6,0.0,0.0,0.0,74.6,1.5028203062046734,1.5039177358324214
2026-03-12,49.36,0.0,0.0,0.0,49.36,74.19,0.0,0.0,0.0,74.19,1.5030388978930307,1.5038925850954319
2026-03-13,49.09,0.0,0.0,0.0,49.09,73.78,0.0,0.0,0.0,73.78,1.5029537584029333,1.5038351147506313
2026-03-16,49.43,0.0,0.0,0.0,49.43,74.29,0.0,0.0,0.0,74.29,1.5029334412300224,1.5037725207035089
2026-03-17,49.83,0.0,0.0,0.0,49.83,74.94,0.0,0.0,0.0,74.94,1.5039133052378086,1.5037691181852477
2026-03-18,49.51,0.0,0.0,0.0,49.51,74.47,0.0,0.0,0.0,74.47,1.5041405776610786,1.5037767695152964
2026-03-19,49.88,0.0,0.0,0.0,49.88,75.03,0.0,0.0,0.0,75.03,1.5042101042502005,1.503822162062694
2026-03-20,48.89,0.0,0.0,0.0,48.89,73.56,0.0,0.0,0.0,73.56,1.5046021681325426,1.5038723443849016
2026-03-23,49.37,0.0,0.0,0.0,49.37,74.3,0.0,0.0,0.0,74.3,1.5049625278509215,1.5039063796914218
2026-03-24,49.29,0.0,0.0,0.0,49.29,74.17,0.0,0.0,0.0,74.17,1.5047677013593022,1.5039355800931096
2026-03-25,49.55,0.0,0.0,0.0,49.55,74.55,0.0,0.0,0.0,74.55,1.5045408678102927,1.5039436240676225
2026-03-26,49.07,0.0,0.0,0.0,49.07,73.88,0.0,0.0,0.0,73.88,1.5056042388424697,1.5040439099253267
2026-03-27,48.8,0.0,0.0,0.0,48.8,73.43,0.0,0.0,0.0,73.43,1.5047131147540986,1.5040995695548394
2026-03-30,49.27,0.0,0.0,0.0,49.27,74.14,0.0,0.0,0.0,74.14,1.504769636695758,1.5041417420060388
2026-03-31,49.63,0.0,0.0,0.0,49.63,74.72,0.0,0.0,0.0,74.72,1.5055410034253476,1.5042370989932559
2026-04-01,49.49,0.0,0.0,0.0,49.49,74.48,0.0,0.0,0.0,74.48,1.504950495049505,1.5042981298313218
2026-04-02,49.78,0.0,0.0,0.0,49.78,74.98,0.0,0.0,0.0,74.98,1.506227400562475,1.5044022357457465
2026-04-06,49.69,0.0,0.0,0.0,49.69,74.86,0.0,0.0,0.0,74.86,1.5065405514187966,1.5044911680785913
2026-04-07,49.77,0.0,0.0,0.0,49.77,74.92,0.0,0.0,0.0,74.92,1.5053244926662648,1.504521450910882
2026-04-08,50.0,0.0,0.0,0.0,50.0,75.27,0.0,0.0,0.0,75.27,1.5053999999999998,1.504597729472376
2026-04-09,50.02,0.0,0.0,0.0,50.02,75.29,0.0,0.0,0.0,75.29,1.5051979208316673,1.504716610203726
2026-04-10,49.83,0.0,0.0,0.0,49.83,74.99,0.0,0.0,0.0,74.99,1.5049167168372466,1.5048105011509365
2026-04-13,50.12,0.0,0.0,0.0,50.12,75.41,0.0,0.0,0.0,75.41,1.504588986432562,1.504892262552418
2026-04-14,50.32,0.0,0.0,0.0,50.32,75.71,0.0,0.0,0.0,75.71,1.5045707472178058,1.504974127851807
2026-04-15,50.33,0.0,0.0,0.0,50.33,75.75,0.0,0.0,0.0,75.75,1.505066560699384,1.505031790624886
2026-04-16,49.95,0.0,0.0,0.0,49.95,75.15,0.0,0.0,0.0,75.15,1.5045045045045045,1.5050499869670573
2026-04-17,50.34,0.0,0.0,0.0,50.34,75.75,0.0,0.0,0.0,75.75,1.5047675804529201,1.505077860777193
2026-04-20,50.33,0.0,0.0,0.0,50.33,75.75,0.0,0.0,0.0,75.75,1.505066560699384,1.5051010804055351
2026-04-21,50.07,0.0,0.0,0.0,50.07,75.38,0.0,0.0,0.0,75.38,1.505492310764929,1.5051275695512356
2026-04-22,50.24,0.0,0.0,0.0,50.24,75.6,0.0,0.0,0.0,75.6,1.504777070063694,1.5051280379864553
2026-04-23,50.05,0.0,0.0,0.0,50.05,75.33,0.0,0.0,0.0,75.33,1.5050949050949052,1.5051557398506858
2026-04-24,50.07,0.0,0.0,0.0,50.07,75.31,0.0,0.0,0.0,75.31,1.5040942680247653,1.5050802413098006
2026-04-27,49.85,0.0,0.0,0.0,49.85,74.99,0.0,0.0,0.0,74.99,1.5043129388164491,1.505060232512918
2026-04-28,49.92,0.0,0.0,0.0,49.92,75.11,0.0,0.0,0.0,75.11,1.5046073717948718,1.5050521192678739
2026-04-29,49.56,0.0,0.0,0.0,49.56,74.56,0.0,0.0,0.0,74.56,1.5044390637610976,1.5049970222846614
2026-04-30,49.61,0.0,0.0,0.0,49.61,74.61,0.0,0.0,0.0,74.61,1.5039306591413022,1.504946030489251
2026-05-01,49.54,0.0,0.0,0.0,49.54,74.51,0.0,0.0,0.0,74.51,1.504037141703674,1.5048365175463112
2026-05-04,49.28,0.0,0.0,0.0,49.28,74.14,0.0,0.0,0.0,74.14,1.5044642857142856,1.5047327042610856
2026-05-05,49.6,0.0,0.0,0.0,49.6,74.61,0.0,0.0,0.0,74.61,1.5042338709677419,1.5046781731761594
2026-05-06,49.92,0.0,0.0,0.0,49.92,75.08,0.0,0.0,0.0,75.08,1.5040064102564101,1.50460849368898
2026-05-07,49.65,0.0,0.0,0.0,49.65,74.7,0.0,0.0,0.0,74.7,1.5045317220543808,1.5045751837501158
2026-05-08,49.94,0.0,0.0,0.0,49.94,75.12,0.0,0.0,0.0,75.12,1.5042050460552665,1.5045396002110167
2026-05-11,49.76,0.0,0.0,0.0,49.76,74.85,0.0,0.0,0.0,74.85,1.5042202572347267,1.5045211637511249
2026-05-12,49.53,0.0,0.0,0.0,49.53,74.5,0.0,0.0,0.0,74.5,1.504138905713709,1.5044995716759202
2026-05-13,49.51,0.0,0.0,0.0,49.51,74.49,0.0,0.0,0.0,74.49,1.5045445364572814,1.504473470463815
2026-05-14,49.53,0.0,0.0,0.0,49.53,74.52,0.0,0.0,0.0,74.52,1.504542701393095,1.5044753803082445
2026-05-15,49.08,0.0,0.0,0.0,49.08,73.81,0.0,0.0,0.0,73.81,1.5038712306438469,1.5044305628177908
2026-05-18,48.91,0.0,0.0,0.0,48.91,73.57,0.0,0.0,0.0,73.57,1.5041913719075852,1.5043868033782009
2026-05-19,48.61,0.0,0.0,0.0,48.61,73.13,0.0,0.0,0.0,73.13,1.5044229582390454,1.5043333357519066
2026-05-20,49.15,0.0,0.0,0.0,49.15,73.93,0.0,0.0,0.0,73.93,1.5041709053916583,1.5043030275183047
2026-05-21,49.3,0.0,0.0,0.0,49.3,74.18,0.0,0.0,0.0,74.18,1.5046653144016229,1.5042815479836409
2026-05-22,49.48,0.0,0.0,0.0,49.48,74.48,0.0,0.0,0.0,74.48,1.505254648342765,1.504339566999541
2026-05-26,49.74,0.0,0.0,0.0,49.74,74.84,0.0,0.0,0.0,74.84,1.5046240450341777,1.5043551223104272
2026-05-27,49.86,0.0,0.0,0.0,49.86,75.05,0.0,0.0,0.0,75.05,1.505214600882471,1.5043854837648072
2026-05-28,50.08,0.0,0.0,0.0,50.08,75.38,0.0,0.0,0.0,75.38,1.5051916932907348,1.504423115241289
2026-05-29,50.13,0.0,0.0,0.0,50.13,75.43,0.0,0.0,0.0,75.43,1.5046878116896072,1.5044609728687042
2026-06-01,49.91,0.0,0.0,0.0,49.91,75.12,0.0,0.0,0.0,75.12,1.505109196553797,1.5045145756112104
2026-06-02,49.92,0.0,0.0,0.0,49.92,75.15,0.0,0.0,0.0,75.15,1.505408653846154,1.5045617940178038
2026-06-03,49.76,0.0,0.0,0.0,49.76,74.89,0.0,0.0,0.0,74.89,1.505024115755627,1.504601306257198
2026-06-04,49.9,0.0,0.0,0.0,49.9,75.1,0.0,0.0,0.0,75.1,1.50501002004008,1.5046514867463816
2026-06-05,49.52,0.0,0.0,0.0,49.52,74.52,0.0,0.0,0.0,74.52,1.5048465266558964,1.5046672269764574
2026-06-08,49.38,0.0,0.0,0.0,49.38,74.3,0.0,0.0,0.0,74.3,1.5046577561765895,1.5046898624825233
2026-06-09,49.62,0.0,0.0,0.0,49.62,74.64,0.0,0.0,0.0,74.64,1.5042321644498187,1.504690457843278
2026-06-10,49.46,0.0,0.0,0.0,49.46,74.39,0.0,0.0,0.0,74.39,1.5040436716538617,1.5046856961402857
2026-06-11,50.03,0.0,0.0,0.0,50.03,75.27,0.0,0.0,0.0,75.27,1.5044973016190284,1.5046833343983732
2026-06-12,49.98,0.0,0.0,0.0,49.98,75.2,0.0,0.0,0.0,75.2,1.5046018407362947,1.504686291365533
2026-06-15,49.97,0.0,0.0,0.0,49.97,75.15,0.0,0.0,0.0,75.15,1.5039023414048431,1.504687846903583
2026-06-16,50.06,0.0,0.0,0.0,50.06,75.29,0.0,0.0,0.0,75.29,1.5039952057530963,1.5046780385958585
2026-06-17,49.98,0.0,0.0,0.0,49.98,75.17,0.0,0.0,0.0,75.17,1.5040016006402561,1.504656970715919
2026-06-18,50.14,0.0,0.0,0.0,50.14,75.4,0.0,0.0,0.0,75.4,1.5037893897088155,1.504637894931777
2026-06-22,49.93,0.0,0.0,0.0,49.93,75.1,0.0,0.0,0.0,75.1,1.5041057480472662,1.504609916614059
2026-06-23,50.05,0.0,0.0,0.0,50.05,75.27,0.0,0.0,0.0,75.27,1.5038961038961038,1.504541989391726
2026-06-24,50.39,0.0,0.0,0.0,50.39,75.8,0.0,0.0,0.0,75.8,1.5042667195872197,1.504524123119378
2026-06-25,50.4,0.0,0.0,0.0,50.4,75.8,0.0,0.0,0.0,75.8,1.503968253968254,1.504461805773667
2026-06-26,50.35,0.0,0.0,0.0,50.35,75.69,0.0,0.0,0.0,75.69,1.5032770605759682,1.5043660741379288
2026-06-29,50.48,0.0,0.0,0.0,50.48,75.94,0.0,0.0,0.0,75.94,1.5043581616481776,1.5043495916358576
2026-06-30,50.04,0.0,0.0,0.0,50.04,75.25,0.0,0.0,0.0,75.25,1.503796962430056,1.5042839799296703
2026-07-01,49.68,0.0,0.0,0.0,49.68,74.65,0.0,0.0,0.0,74.65,1.5026167471819647,1.504144384596461
2026-07-02,49.76,0.0,0.0,0.0,49.76,74.81,0.0,0.0,0.0,74.81,1.5034163987138265,1.504063998744371
2026-07-06,49.73,0.0,0.0,0.0,49.73,74.75,0.0,0.0,0.0,74.75,1.5031168308867888,1.5039693392867064
2026-07-07,49.19,0.0,0.0,0.0,49.19,73.87,0.0,0.0,0.0,73.87,1.5017279934946128,1.503813412628642
2026-07-08,49.09,0.0,0.0,0.0,49.09,73.71,0.0,0.0,0.0,73.71,1.5015278060704826,1.5036569151233368
2026-07-09,49.1,0.0,0.0,0.0,49.1,73.75,0.0,0.0,0.0,73.75,1.5020366598778003,1.5035471398947358
2026-07-10,48.96,0.0,0.0,0.0,48.96,73.52,0.0,0.0,0.0,73.52,1.5016339869281046,1.5034266556584481
2026-07-13,48.64,0.0,0.0,0.0,48.64,73.01,0.0,0.0,0.0,73.01,1.501027960526316,1.5032531886038123
2026-07-14,48.73,0.0,0.0,0.0,48.73,73.16,0.0,0.0,0.0,73.16,1.5013338805663863,1.5030897905953169
2026-07-15,48.95,0.0,0.0,0.0,48.95,73.48,0.0,0.0,0.0,73.48,1.501123595505618,1.5029508533003557
2026-07-16,48.91,0.0,0.0,0.0,48.91,73.45,0.0,0.0,0.0,73.45,1.5017378859129014,1.502837987308346
2026-07-17,48.97,0.0,0.0,0.0,48.97,73.54,0.0,0.0,0.0,73.54,1.5017357565856648,1.5027246951056163
2026-07-20,48.65,0.0,0.0,0.0,48.65,73.08,0.0,0.0,0.0,73.08,1.502158273381295,1.5026431392892403
2026-07-21,48.49,0.0,0.0,0.0,48.49,72.8,0.0,0.0,0.0,72.8,1.5013404825737264,1.5025048760155633
2026-07-22,48.37,0.0,0.0,0.0,48.37,72.64,0.0,0.0,0.0,72.64,1.5017572875749432,1.5023979351995052
2026-07-23,48.12,0.0,0.0,0.0,48.12,72.26,0.0,0.0,0.0,72.26,1.5016625103906902,1.502267724739679
2026-07-24,48.09,0.0,0.0,0.0,48.09,72.22,0.0,0.0,0.0,72.22,1.501767519234768,1.5021576880030048
2026-07-27,48.3,0.0,0.0,0.0,48.3,72.48,0.0,0.0,0.0,72.48,1.5006211180124225,1.5020248908748273
2026-07-28,48.49,0.0,0.0,0.0,48.49,72.82,0.0,0.0,0.0,72.82,1.5017529387502575,1.5018946297299312
2026-07-29,47.95,0.0,0.0,0.0,47.95,72.01,0.0,0.0,0.0,72.01,1.5017726798748696,1.501793415602172
2026-07-30,48.08,0.0,0.0,0.0,48.08,72.23,0.0,0.0,0.0,72.23,1.5022878535773712,1.5017769709219422
2026-07-31,47.94,0.0,0.0,0.0,47.94,71.99,0.0,0.0,0.0,71.99,1.501668752607426,1.5016895886166222
2026-08-03,47.96,0.0,0.0,0.0,47.96,72.0,0.0,0.0,0.0,72.0,1.5012510425354462,1.501596299199055
2026-08-04,48.35,0.0,0.0,0.0,48.35,72.59,0.0,0.0,0.0,72.59,1.5013443640124096,1.501577117724945
2026-08-05,48.35,0.0,0.0,0.0,48.35,72.6,0.0,0.0,0.0,72.6,1.5015511892450877,1.5015782868836753
2026-08-06,48.12,0.0,0.0,0.0,48.12,72.24,0.0,0.0,0.0,72.24,1.5012468827930174,1.501538798029436
2026-08-07,48.21,0.0,0.0,0.0,48.21,72.36,0.0,0.0,0.0,72.36,1.5009334163036714,1.5015037694982143
2026-08-10,47.83,0.0,0.0,0.0,47.83,71.73,0.0,0.0,0.0,71.73,1.4996863892954215,1.5014366909366696
2026-08-11,47.84,0.0,0.0,0.0,47.84,71.78,0.0,0.0,0.0,71.78,1.500418060200669,1.5013908999183838
2026-08-12,47.88,0.0,0.0,0.0,47.88,71.85,0.0,0.0,0.0,71.85,1.5006265664160399,1.5013660484639049
2026-08-13,48.13,0.0,0.0,0.0,48.13,72.22,0.0,0.0,0.0,72.22,1.5005194265530852,1.501305125495914
2026-08-14,47.86,0.0,0.0,0.0,47.86,71.79,0.0,0.0,0.0,71.79,1.5000000000000002,1.5012183376666308
2026-08-17,47.53,0.0,0.0,0.0,47.53,71.27,0.0,0.0,0.0,71.27,1.499474016410688,1.5010841248181006
2026-08-18,47.63,0.0,0.0,0.0,47.63,71.46,0.0,0.0,0.0,71.46,1.5003149275666594,1.5010328470677472
2026-08-19,48.23,0.0,0.0,0.0,48.23,72.38,0.0,0.0,0.0,72.38,1.5007256894049348,1.5009812671592466
2026-08-20,47.87,0.0,0.0,0.0,47.87,71.82,0.0,0.0,0.0,71.82,1.5003133486526008,1.5009138090723422
2026-08-21,47.79,0.0,0.0,0.0,47.79,71.72,0.0,0.0,0.0,71.72,1.500732370788868,1.5008620516500473
2026-08-24,47.98,0.0,0.0,0.0,47.98,72.0,0.0,0.0,0.0,72.0,1.5006252605252188,1.5008622587756872
2026-08-25,48.46,0.0,0.0,0.0,48.46,72.69,0.0,0.0,0.0,72.69,1.5,1.5007746118381742
2026-08-26,48.41,0.0,0.0,0.0,48.41,72.67,0.0,0.0,0.0,72.67,1.501136128898988,1.5007427842893803
2026-08-27,48.39,0.0,0.0,0.0,48.39,72.62,0.0,0.0,0.0,72.62,1.5007232899359373,1.5006645561073086
2026-08-28,48.21,0.0,0.0,0.0,48.21,72.35,0.0,0.0,0.0,72.35,1.500725990458411,1.5006174179998577
2026-08-31,48.09,0.0,0.0,0.0,48.09,72.2,0.0,0.0,0.0,72.2,1.5013516323559992,1.5006224474908854
2026-09-01,47.57,0.0,0.0,0.0,47.57,71.37,0.0,0.0,0.0,71.37,1.5003153247845282,1.5005709955294912
2026-09-02,47.64,0.0,0.0,0.0,47.64,71.44,0.0,0.0,0.0,71.44,1.4995801847187238,1.500472445303173
2026-09-03,47.71,0.0,0.0,0.0,47.71,71.54,0.0,0.0,0.0,71.54,1.4994760008383987,1.5003839012054423
2026-09-04,47.74,0.0,0.0,0.0,47.74,71.62,0.0,0.0,0.0,71.62,1.5002094679514035,1.5003477037878288
2026-09-08,47.72,0.0,0.0,0.0,47.72,71.59,0.0,0.0,0.0,71.59,1.5002095557418273,1.500373862110149
2026-09-09,47.63,0.0,0.0,0.0,47.63,71.45,0.0,0.0,0.0,71.45,1.5001049758555531,1.5003582078928932
2026-09-10,47.07,0.0,0.0,0.0,47.07,70.62,0.0,0.0,0.0,70.62,1.5003186743148502,1.5003428132878338
2026-09-11,47.11,0.0,0.0,0.0,47.11,70.65,0.0,0.0,0.0,70.65,1.499681596264063,1.5003009217733827
2026-09-14,47.1,0.0,0.0,0.0,47.1,70.68,0.0,0.0,0.0,70.68,1.5006369426751593,1.5003327689071406
2026-09-15,47.07,0.0,0.0,0.0,47.07,70.65,0.0,0.0,0.0,70.65,1.5009560229445509,1.5004068692338337
2026-09-16,47.25,0.0,0.0,0.0,47.25,70.93,0.0,0.0,0.0,70.93,1.5011640211640214,1.500449323913702
2026-09-17,47.71,0.0,0.0,0.0,47.71,71.64,0.0,0.0,0.0,71.64,1.501571997484804,1.5004916393176955
2026-09-18,47.44,0.0,0.0,0.0,47.44,71.19,0.0,0.0,0.0,71.19,1.5006323777403037,1.5005075907720804
2026-09-21,47.72,0.0,0.0,0.0,47.72,71.63,0.0,0.0,0.0,71.63,1.5010477787091365,1.500523361168094
2026-09-22,47.72,0.0,0.0,0.0,47.72,71.67,0.0,0.0,0.0,71.67,1.501886001676446,1.500586398225655
2026-09-23,46.99,0.0,0.0,0.0,46.99,70.54,0.0,0.0,0.0,70.54,1.5011704618003832,1.5006449213156743
2026-09-24,46.46,0.0,0.0,0.0,46.46,69.68,0.0,0.0,0.0,69.68,1.4997847610848043,1.500577352924965
2026-09-25,46.4,0.0,0.0,0.0,46.4,69.62,0.0,0.0,0.0,69.62,1.5004310344827587,1.5005627401523063
2026-09-28,45.98,0.0,0.0,0.0,45.98,68.97,0.0,0.0,0.0,68.97,1.5,1.5005264406293857
2026-09-29,45.84,0.0,0.0,0.0,45.84,68.75,0.0,0.0,0.0,68.75,1.4997818499127398,1.5004479515072229
2026-09-30,45.66,0.0,0.0,0.0,45.66,68.5,0.0,0.0,0.0,68.5,1.5002190100744635,1.5004431357717194
2026-10-01,45.58,0.0,0.0,0.0,45.58,68.41,0.0,0.0,0.0,68.41,1.5008775778850372,1.5005080054300353
