date,PFFD,div_PFFD,div_cumsum_PFFD,div_adj_PFFD,PFFD*,PFF,div_PFF,div_cumsum_PFF,div_adj_PFF,PFF*,ratio*,ratio*_ma
2026-01-02,19.14,0.0,0.0,0.0,19.14,31.27,0.0,0.0,0.0,31.27,1.6337513061650992,
2026-01-05,19.19,0.0,0.0,0.0,19.19,31.33,0.0,0.0,0.0,31.33,1.632621156852527,
2026-01-06,19.26,0.0,0.0,0.0,19.26,31.45,0.0,0.0,0.0,31.45,1.6329179646936656,
2026-01-07,19.26,0.0,0.0,0.0,19.26,31.41,0.0,0.0,0.0,31.41,1.630841121495327,
2026-01-08,19.29,0.0,0.0,0.0,19.29,31.38,0.0,0.0,0.0,31.38,1.6267496111975117,
2026-01-09,19.34,0.0,0.0,0.0,19.34,31.57,0.0,0.0,0.0,31.57,1.6323681489141675,
2026-01-12,19.35,0.0,0.0,0.0,19.35,31.62,0.0,0.0,0.0,31.62,1.6341085271317828,
2026-01-13,19.45,0.0,0.0,0.0,19.45,31.64,0.0,0.0,0.0,31.64,1.6267352185089976,
2026-01-14,19.49,0.0,0.0,0.0,19.49,31.74,0.0,0.0,0.0,31.74,1.6285274499743458,
2026-01-15,19.52,0.0,0.0,0.0,19.52,31.82,0.0,0.0,0.0,31.82,1.6301229508196722,
2026-01-16,19.47,0.0,0.0,0.0,19.47,31.78,0.0,0.0,0.0,31.78,1.6322547508988188,
2026-01-20,19.38,0.0,0.0,0.0,19.38,31.61,0.0,0.0,0.0,31.61,1.6310629514963881,
2026-01-21,19.53,0.0,0.0,0.0,19.53,31.85,0.0,0.0,0.0,31.85,1.6308243727598566,
2026-01-22,19.6,0.0,0.0,0.0,19.6,31.94,0.0,0.0,0.0,31.94,1.6295918367346938,
2026-01-23,19.57,0.0,0.0,0.0,19.57,31.91,0.0,0.0,0.0,31.91,1.630556974961676,
2026-01-26,19.58,0.0,0.0,0.0,19.58,31.88,0.0,0.0,0.0,31.88,1.6281920326864148,
2026-01-27,19.56,0.0,0.0,0.0,19.56,31.84,0.0,0.0,0.0,31.84,1.6278118609406953,
2026-01-28,19.51,0.0,0.0,0.0,19.51,31.81,0.0,0.0,0.0,31.81,1.630445925166581,
2026-01-29,19.44,0.0,0.0,0.0,19.44,31.69,0.0,0.0,0.0,31.69,1.6301440329218106,
2026-01-30,19.42,0.0,0.0,0.0,19.42,31.69,0.0,0.0,0.0,31.69,1.6318228630278062,1.6305725528673918
2026-02-02,19.29,0.1,0.1,0.0,19.39,31.46,0.177226,0.177226,0.0,31.637226000000002,1.6316258896338318,1.6304662820408287
2026-02-03,19.24,0.0,0.1,0.0,19.34,31.34,0.0,0.177226,0.0,31.517226,1.6296394002068253,1.6303171942085435
2026-02-04,19.26,0.0,0.1,0.0,19.360000000000003,31.44,0.0,0.177226,0.0,31.617226000000002,1.6331211776859502,1.6303273548581576
2026-02-05,19.12,0.0,0.1,0.0,19.220000000000002,31.16,0.0,0.177226,0.0,31.337226,1.6304488033298645,1.6303077389498846
2026-02-06,19.27,0.0,0.1,0.0,19.37,31.47,0.0,0.177226,0.0,31.647226,1.6338268456375837,1.6306616006718884
2026-02-09,19.3,0.0,0.1,0.0,19.400000000000002,31.51,0.0,0.177226,0.0,31.687226000000003,1.6333621649484535,1.6307113014736025
2026-02-10,19.31,0.0,0.1,0.0,19.41,31.52,0.0,0.177226,0.0,31.697226,1.633035857805255,1.6306576680072762
2026-02-11,19.38,0.0,0.1,0.0,19.48,31.58,0.0,0.177226,0.0,31.757226,1.6302477412731005,1.630833294145481
2026-02-12,19.23,0.0,0.1,0.0,19.330000000000002,31.48,0.0,0.177226,0.0,31.657226,1.6377250905328504,1.6312931761734064
2026-02-13,19.42,0.0,0.1,0.0,19.520000000000003,31.69,0.0,0.177226,0.0,31.867226000000002,1.6325423155737704,1.6314141444111114
2026-02-17,19.47,0.0,0.1,0.0,19.57,31.83,0.0,0.177226,0.0,32.007225999999996,1.6355250894225855,1.6315776613372996
2026-02-18,19.48,0.0,0.1,0.0,19.580000000000002,31.78,0.0,0.177226,0.0,31.957226000000002,1.6321361593462718,1.631631321729794
2026-02-19,19.39,0.0,0.1,0.0,19.490000000000002,31.71,0.0,0.177226,0.0,31.887226000000002,1.6360813750641354,1.6318941718450077
2026-02-20,19.4,0.0,0.1,0.0,19.5,31.7,0.0,0.177226,0.0,31.877226,1.6347295384615386,1.63215105693135
2026-02-23,19.31,0.0,0.1,0.0,19.41,31.5,0.0,0.177226,0.0,31.677226,1.6320054611025245,1.6322234812383924
2026-02-24,19.46,0.0,0.1,0.0,19.560000000000002,31.69,0.0,0.177226,0.0,31.867226000000002,1.6292037832310837,1.632274068765626
2026-02-25,19.42,0.0,0.1,0.0,19.520000000000003,31.71,0.0,0.177226,0.0,31.887226000000002,1.6335669057377047,1.6325618210054764
2026-02-26,19.36,0.0,0.1,0.0,19.46,31.63,0.0,0.177226,0.0,31.807226,1.6344926002055498,1.632764154757425
2026-02-27,19.25,0.0,0.1,0.0,19.35,31.41,0.0,0.177226,0.0,31.587226,1.632414780361757,1.6328776921294221
2026-03-02,19.19,0.1,0.2,0.0,19.39,31.46,0.031167,0.208393,0.0,31.668393000000002,1.6332332645693657,1.6329482122064998
2026-03-03,19.04,0.0,0.2,0.0,19.24,31.28,0.0,0.208393,0.0,31.488393000000002,1.636610862785863,1.6331974608641016
2026-03-04,19.12,0.0,0.2,0.0,19.32,31.42,0.0,0.208393,0.0,31.628393000000003,1.6370803830227745,1.633569510004899
2026-03-05,19.02,0.0,0.2,0.0,19.22,31.29,0.0,0.208393,0.0,31.498393,1.63883418314256,1.6338551602777298
2026-03-06,18.9,0.0,0.2,0.0,19.099999999999998,31.12,0.0,0.208393,0.0,31.328393000000002,1.6402300000000003,1.6343442201112364
2026-03-09,18.91,0.0,0.2,0.0,19.11,31.17,0.0,0.208393,0.0,31.378393000000003,1.6419881214024072,1.6347522838994777
2026-03-10,18.92,0.0,0.2,0.0,19.12,31.15,0.0,0.208393,0.0,31.358393,1.6400833158995816,1.6350883414470339
2026-03-11,18.83,0.0,0.2,0.0,19.029999999999998,31.04,0.0,0.208393,0.0,31.248393,1.6420595375722546,1.6355395254353842
2026-03-12,18.67,0.0,0.2,0.0,18.87,30.85,0.0,0.208393,0.0,31.058393000000002,1.6459137784843667,1.6363228272959471
2026-03-13,18.57,0.0,0.2,0.0,18.77,30.67,0.0,0.208393,0.0,30.878393000000003,1.645092860948322,1.6366912158167206
2026-03-16,18.64,0.0,0.2,0.0,18.84,30.75,0.0,0.208393,0.0,30.958393,1.643226804670913,1.6372254402715778
2026-03-17,18.72,0.0,0.2,0.0,18.919999999999998,30.9,0.0,0.208393,0.0,31.108393,1.6442068181818184,1.6376595267095397
2026-03-18,18.6,0.0,0.2,0.0,18.8,30.67,0.0,0.208393,0.0,30.878393000000003,1.6424677127659575,1.638176104380524
2026-03-19,18.59,0.0,0.2,0.0,18.79,30.71,0.0,0.208393,0.0,30.918393000000002,1.645470622671634,1.6386455667608988
2026-03-20,18.3,0.0,0.2,0.0,18.5,30.27,0.0,0.208393,0.0,30.478393,1.6474807027027027,1.6392831249729571
2026-03-23,18.46,0.0,0.2,0.0,18.66,30.45,0.0,0.208393,0.0,30.658393,1.6430006966773847,1.6398328867517002
2026-03-24,18.5,0.0,0.2,0.0,18.7,30.44,0.0,0.208393,0.0,30.648393000000002,1.6389514973262034,1.640320272456456
2026-03-25,18.59,0.0,0.2,0.0,18.79,30.61,0.0,0.208393,0.0,30.818393,1.640148642895157,1.6406493593143288
2026-03-26,18.43,0.0,0.2,0.0,18.63,30.38,0.0,0.208393,0.0,30.588393,1.6418890499194847,1.6410191818000253
2026-03-27,18.31,0.0,0.2,0.0,18.509999999999998,30.16,0.0,0.208393,0.0,30.368393,1.64064792004322,1.6414308387840986
2026-03-30,18.24,0.0,0.2,0.0,18.439999999999998,30.12,0.0,0.208393,0.0,30.328393000000002,1.6447067787418659,1.6420045144927236
2026-03-31,18.4,0.0,0.2,0.0,18.599999999999998,30.32,0.0,0.208393,0.0,30.528393,1.6413114516129035,1.6422395439340758
2026-04-01,18.39,0.1,0.30000000000000004,0.0,18.69,30.38,0.141967,0.35036,0.0,30.730359999999997,1.6442140181915461,1.6425962256925142
2026-04-02,18.42,0.0,0.30000000000000004,0.0,18.720000000000002,30.43,0.0,0.35036,0.0,30.780359999999998,1.6442499999999998,1.642867016535386
2026-04-06,18.47,0.0,0.30000000000000004,0.0,18.77,30.5,0.0,0.35036,0.0,30.85036,1.6435993606819392,1.6430354845694832
2026-04-07,18.53,0.0,0.30000000000000004,0.0,18.830000000000002,30.47,0.0,0.35036,0.0,30.820359999999997,1.6367689856611787,1.642774527782422
2026-04-08,18.66,0.0,0.30000000000000004,0.0,18.96,30.74,0.0,0.35036,0.0,31.090359999999997,1.6397869198312234,1.6427597079790037
2026-04-09,18.77,0.0,0.30000000000000004,0.0,19.07,30.84,0.0,0.35036,0.0,31.19036,1.6355721027792343,1.642435336239353
2026-04-10,18.73,0.0,0.30000000000000004,0.0,19.03,30.79,0.0,0.35036,0.0,31.140359999999998,1.6363825538623225,1.6419587750082507
2026-04-13,18.83,0.0,0.30000000000000004,0.0,19.13,30.99,0.0,0.35036,0.0,31.340359999999997,1.638283324621014,1.6416182981918852
2026-04-14,18.93,0.0,0.30000000000000004,0.0,19.23,31.25,0.0,0.35036,0.0,31.60036,1.643284451378055,1.6416211805272423
2026-04-15,19.0,0.0,0.30000000000000004,0.0,19.3,31.36,0.0,0.35036,0.0,31.710359999999998,1.643023834196891,1.641562031327996
2026-04-16,18.91,0.0,0.30000000000000004,0.0,19.21,31.33,0.0,0.35036,0.0,31.680359999999997,1.6491598125976052,1.6418966363195782
2026-04-17,18.96,0.0,0.30000000000000004,0.0,19.26,31.46,0.0,0.35036,0.0,31.81036,1.6516282450674973,1.6422045174393713
2026-04-20,19.01,0.0,0.30000000000000004,0.0,19.310000000000002,31.44,0.0,0.35036,0.0,31.79036,1.6463158984981872,1.6421462772291455
2026-04-21,18.89,0.0,0.30000000000000004,0.0,19.19,31.24,0.0,0.35036,0.0,31.590359999999997,1.646188639916623,1.6423056743911075
2026-04-22,19.04,0.0,0.30000000000000004,0.0,19.34,31.51,0.0,0.35036,0.0,31.86036,1.6473815925542916,1.6427271791525118
2026-04-23,19.07,0.0,0.30000000000000004,0.0,19.37,31.49,0.0,0.35036,0.0,31.840359999999997,1.6437976251935982,1.642909628267434
2026-04-24,19.12,0.0,0.30000000000000004,0.0,19.42,31.52,0.0,0.35036,0.0,31.870359999999998,1.641110195674562,1.642870685555188
2026-04-27,19.07,0.0,0.30000000000000004,0.0,19.37,31.49,0.0,0.35036,0.0,31.840359999999997,1.6437976251935982,1.6430281708127068
2026-04-28,19.0,0.0,0.30000000000000004,0.0,19.3,31.29,0.0,0.35036,0.0,31.640359999999998,1.6393968911917096,1.6427626764351992
2026-04-29,18.92,0.0,0.30000000000000004,0.0,19.220000000000002,31.17,0.0,0.35036,0.0,31.52036,1.6399771071800207,1.6426959592135546
2026-04-30,19.09,0.0,0.30000000000000004,0.0,19.39,31.45,0.0,0.35036,0.0,31.800359999999998,1.640039195461578,1.6424872180770564
2026-05-01,19.0,0.1,0.4,0.0,19.4,31.41,0.140325,0.49068500000000004,0.0,31.900685,1.6443652061855671,1.642492978386335
2026-05-04,18.91,0.0,0.4,0.0,19.31,31.26,0.0,0.49068500000000004,0.0,31.750685,1.6442612635939928,1.6425260735319376
2026-05-05,18.95,0.0,0.4,0.0,19.349999999999998,31.45,0.0,0.49068500000000004,0.0,31.940685,1.6506813953488373,1.6432216940163205
2026-05-06,19.08,0.0,0.4,0.0,19.479999999999997,31.61,0.0,0.49068500000000004,0.0,32.100685,1.6478791067761809,1.6436263033635683
2026-05-07,19.0,0.0,0.4,0.0,19.4,31.52,0.0,0.49068500000000004,0.0,32.010685,1.6500353092783508,1.644349463688524
2026-05-08,19.14,0.0,0.4,0.0,19.54,31.72,0.0,0.49068500000000004,0.0,32.210685,1.648448567041965,1.6449527643475061
2026-05-11,19.06,0.0,0.4,0.0,19.459999999999997,31.68,0.0,0.49068500000000004,0.0,32.170685,1.6531698355601234,1.6456970898944618
2026-05-12,19.08,0.0,0.4,0.0,19.479999999999997,31.57,0.0,0.49068500000000004,0.0,32.060685,1.6458257186858318,1.6458241532598508
2026-05-13,19.03,0.0,0.4,0.0,19.43,31.58,0.0,0.49068500000000004,0.0,32.070685,1.6505756562017497,1.6462017443600936
2026-05-14,19.05,0.0,0.4,0.0,19.45,31.6,0.0,0.49068500000000004,0.0,32.090685,1.6499066838046272,1.6462390879204445
2026-05-15,18.84,0.0,0.4,0.0,19.24,31.23,0.0,0.49068500000000004,0.0,31.720685,1.6486842515592517,1.6460918882450322
2026-05-18,18.82,0.0,0.4,0.0,19.22,31.16,0.0,0.49068500000000004,0.0,31.650685,1.6467578043704476,1.6461139835386454
2026-05-19,18.7,0.0,0.4,0.0,19.099999999999998,30.97,0.0,0.49068500000000004,0.0,31.460684999999998,1.6471562827225132,1.64616236567894
2026-05-20,18.81,0.0,0.4,0.0,19.209999999999997,31.11,0.0,0.49068500000000004,0.0,31.600685,1.645012233211869,1.6460438977118188
2026-05-21,18.81,0.0,0.4,0.0,19.209999999999997,31.13,0.0,0.49068500000000004,0.0,31.620684999999998,1.6460533576262364,1.6461566843334505
2026-05-22,18.82,0.0,0.4,0.0,19.22,31.24,0.0,0.49068500000000004,0.0,31.730684999999998,1.6509201352757543,1.6466471813135102
2026-05-26,18.9,0.0,0.4,0.0,19.299999999999997,31.34,0.0,0.49068500000000004,0.0,31.830685,1.6492582901554407,1.6469202145616024
2026-05-27,18.95,0.0,0.4,0.0,19.349999999999998,31.39,0.0,0.49068500000000004,0.0,31.880685,1.647580620155039,1.647329401009769
2026-05-28,19.0,0.0,0.4,0.0,19.4,31.5,0.0,0.49068500000000004,0.0,31.990685,1.649004381443299,1.6477807647229326
2026-05-29,19.02,0.0,0.4,0.0,19.419999999999998,31.56,0.0,0.49068500000000004,0.0,32.050685,1.650395726055613,1.6482985912526344
2026-06-01,18.94,0.1,0.5,0.0,19.44,31.4,0.138397,0.629082,0.0,32.029081999999995,1.6475865226337445,1.6484596570750434
2026-06-02,18.95,0.0,0.5,0.0,19.45,31.44,0.0,0.629082,0.0,32.069082,1.6487959897172237,1.648686393381205
2026-06-03,18.84,0.0,0.5,0.0,19.34,31.23,0.0,0.629082,0.0,31.859082,1.647315511892451,1.6485180992083854
2026-06-04,18.9,0.0,0.5,0.0,19.4,31.25,0.0,0.629082,0.0,31.879082,1.6432516494845362,1.6482867263438035
2026-06-05,18.75,0.0,0.5,0.0,19.25,30.91,0.0,0.629082,0.0,31.539082,1.6383938701298701,1.6477046543863794
2026-06-08,18.69,0.0,0.5,0.0,19.19,30.97,0.0,0.629082,0.0,31.599082,1.646643147472642,1.647614383407913
2026-06-09,18.66,0.0,0.5,0.0,19.16,30.89,0.0,0.629082,0.0,31.519082,1.6450460334029229,1.647208193300053
2026-06-10,18.61,0.0,0.5,0.0,19.11,30.77,0.0,0.629082,0.0,31.399082,1.6430707482993199,1.6470704447807276
2026-06-11,18.77,0.0,0.5,0.0,19.27,31.02,0.0,0.629082,0.0,31.649082,1.6424017644006228,1.646661750190671
2026-06-12,18.82,0.0,0.5,0.0,19.32,31.07,0.0,0.629082,0.0,31.699082,1.6407392339544513,1.6462033776981624
2026-06-15,18.93,0.0,0.5,0.0,19.43,31.3,0.0,0.629082,0.0,31.929082,1.643287802367473,1.6459335552385734
2026-06-16,18.94,0.0,0.5,0.0,19.44,31.19,0.0,0.629082,0.0,31.819082,1.6367840534979423,1.6454348676949482
2026-06-17,18.84,0.0,0.5,0.0,19.34,31.09,0.0,0.629082,0.0,31.719082,1.6400766287487074,1.6450808849962582
2026-06-18,18.89,0.0,0.5,0.0,19.39,31.23,0.0,0.629082,0.0,31.859082,1.643067663744198,1.6449836565228744
2026-06-22,18.74,0.0,0.5,0.0,19.24,30.84,0.0,0.629082,0.0,31.469082,1.6356071725571728,1.6444613472694212
2026-06-23,18.74,0.0,0.5,0.0,19.24,30.78,0.0,0.629082,0.0,31.409082,1.6324886694386695,1.643539773977567
2026-06-24,18.68,0.0,0.5,0.0,19.18,30.68,0.0,0.629082,0.0,31.309082,1.6323817518248176,1.642695947061036
2026-06-25,18.65,0.0,0.5,0.0,19.15,30.44,0.0,0.629082,0.0,31.069082,1.6224063707571803,1.6414372345911428
2026-06-26,18.64,0.0,0.5,0.0,19.14,30.36,0.0,0.629082,0.0,30.989082,1.6190742946708463,1.6399407302525204
2026-06-29,18.68,0.0,0.5,0.0,19.18,30.61,0.0,0.629082,0.0,31.239082,1.628732116788321,1.6388575497891558
2026-06-30,18.69,0.0,0.5,0.0,19.19,30.49,0.0,0.629082,0.0,31.119082,1.6216301198540906,1.6375597296501732
2026-07-01,18.61,0.1,0.6,0.0,19.21,30.47,0.14174,0.770822,0.0,31.240821999999998,1.6262791254554918,1.6364338864370864
2026-07-02,18.58,0.0,0.6,0.0,19.18,30.48,0.0,0.770822,0.0,31.250822,1.629344212721585,1.635535321478543
2026-07-06,18.79,0.0,0.6,0.0,19.39,30.74,0.0,0.770822,0.0,31.510821999999997,1.625106859205776,1.634628081964605
2026-07-07,18.65,0.0,0.6,0.0,19.25,30.51,0.0,0.770822,0.0,31.280822,1.6249777662337663,1.6339572767697998
2026-07-08,18.56,0.0,0.6,0.0,19.16,30.45,0.0,0.770822,0.0,31.220822,1.6294792275574113,1.6330990807740382
2026-07-09,18.68,0.0,0.6,0.0,19.28,30.56,0.0,0.770822,0.0,31.330821999999998,1.6250426348547715,1.6320989108466306
2026-07-10,18.65,0.0,0.6,0.0,19.25,30.54,0.0,0.770822,0.0,31.310821999999998,1.6265362077922076,1.6312721838212751
2026-07-13,18.55,0.0,0.6,0.0,19.150000000000002,30.35,0.0,0.770822,0.0,31.120822,1.6251081984334201,1.6304075055229152
2026-07-14,18.57,0.0,0.6,0.0,19.17,30.51,0.0,0.770822,0.0,31.280822,1.6317591027647365,1.6299584989634295
2026-07-15,18.65,0.0,0.6,0.0,19.25,30.62,0.0,0.770822,0.0,31.390822,1.630692051948052,1.629328711442458
2026-07-16,18.57,0.0,0.6,0.0,19.17,30.37,0.0,0.770822,0.0,31.140822,1.6244560250391236,1.6287123100195173
2026-07-17,18.59,0.0,0.6,0.0,19.19,30.35,0.0,0.770822,0.0,31.120822,1.6217207920792078,1.627794518186042
2026-07-20,18.5,0.0,0.6,0.0,19.1,30.32,0.0,0.770822,0.0,31.090822,1.6277917277486909,1.627030721386267
2026-07-21,18.52,0.0,0.6,0.0,19.12,30.32,0.0,0.770822,0.0,31.090822,1.6260890167364015,1.6265548135952284
2026-07-22,18.55,0.0,0.6,0.0,19.150000000000002,30.45,0.0,0.770822,0.0,31.220822,1.6303301305483027,1.6264468866507102
2026-07-23,18.39,0.0,0.6,0.0,18.990000000000002,30.14,0.0,0.770822,0.0,30.910822,1.6277420747761977,1.626214902798279
2026-07-24,18.36,0.0,0.6,0.0,18.96,30.16,0.0,0.770822,0.0,30.930822,1.6313724683544302,1.6266632076781415
2026-07-27,18.45,0.0,0.6,0.0,19.05,30.28,0.0,0.770822,0.0,31.050822,1.6299644094488188,1.6272077134170402
2026-07-28,18.49,0.0,0.6,0.0,19.09,30.36,0.0,0.770822,0.0,31.130822,1.6307397590361445,1.6273080955294315
2026-07-29,18.34,0.0,0.6,0.0,18.94,30.1,0.0,0.770822,0.0,30.870822,1.6299272439281942,1.6277229517331364
2026-07-30,18.52,0.0,0.6,0.0,19.12,30.44,0.0,0.770822,0.0,31.210822,1.6323651673640167,1.628027253828563
2026-07-31,18.52,0.0,0.6,0.0,19.12,30.47,0.0,0.770822,0.0,31.240821999999998,1.6339342050209202,1.6282567534435295
2026-08-03,18.61,0.1,0.7,0.0,19.31,30.62,0.14231,0.913132,0.0,31.533132000000002,1.6329949249093736,1.6286511567287092
2026-08-04,18.67,0.0,0.7,0.0,19.37,30.73,0.0,0.913132,0.0,31.643132,1.6336154878678368,1.629083042810413
2026-08-05,18.62,0.0,0.7,0.0,19.32,30.74,0.0,0.913132,0.0,31.653132,1.6383608695652174,1.6295271249108034
2026-08-06,18.51,0.0,0.7,0.0,19.21,30.52,0.0,0.913132,0.0,31.433132,1.6362900572618428,1.6300894960311567
2026-08-07,18.6,0.0,0.7,0.0,19.3,30.64,0.0,0.913132,0.0,31.553132,1.6348773056994819,1.6305065509265204
2026-08-10,18.56,0.0,0.7,0.0,19.259999999999998,30.57,0.0,0.913132,0.0,31.483132,1.6346382139148496,1.630983051700592
2026-08-11,18.57,0.0,0.7,0.0,19.27,30.59,0.0,0.913132,0.0,31.503132,1.634827815256876,1.631136487325199
2026-08-12,18.65,0.0,0.7,0.0,19.349999999999998,30.77,0.0,0.913132,0.0,31.683132,1.637371162790698,1.6314704428673312
2026-08-13,18.72,0.0,0.7,0.0,19.419999999999998,30.89,0.0,0.913132,0.0,31.803132,1.6376484037075183,1.6321300618007508
2026-08-14,18.66,0.0,0.7,0.0,19.36,30.84,0.0,0.913132,0.0,31.753132,1.6401411157024794,1.6330510779819147
2026-08-17,18.53,0.0,0.7,0.0,19.23,30.63,0.0,0.913132,0.0,31.543132,1.6403084763390536,1.6336769154114328
2026-08-18,18.41,0.0,0.7,0.0,19.11,30.45,0.0,0.913132,0.0,31.363132,1.6411895342752487,1.6344319412883752
2026-08-19,18.48,0.0,0.7,0.0,19.18,30.59,0.0,0.913132,0.0,31.503132,1.6424990615224193,1.635040387837081
2026-08-20,18.42,0.0,0.7,0.0,19.12,30.45,0.0,0.913132,0.0,31.363132,1.640331171548117,1.6356698426756768
2026-08-21,18.39,0.0,0.7,0.0,19.09,30.46,0.0,0.913132,0.0,31.373132000000002,1.643432792037716,1.6362728588598412
2026-08-24,18.4,0.0,0.7,0.0,19.099999999999998,30.51,0.0,0.913132,0.0,31.423132000000003,1.6451901570680632,1.6370341462408031
2026-08-25,18.5,0.0,0.7,0.0,19.2,30.68,0.0,0.913132,0.0,31.593132,1.645475625,1.637770939538996
2026-08-26,18.51,0.0,0.7,0.0,19.21,30.69,0.0,0.913132,0.0,31.603132000000002,1.6451396147839668,1.638531558081785
2026-08-27,18.48,0.0,0.7,0.0,19.18,30.64,0.0,0.913132,0.0,31.553132,1.6451059436913453,1.6391685968981513
2026-08-28,18.41,0.0,0.7,0.0,19.11,30.54,0.0,0.913132,0.0,31.453132,1.6458991104133962,1.639766842167775
2026-08-31,18.32,0.0,0.7,0.0,19.02,30.44,0.0,0.913132,0.0,31.353132000000002,1.6484296529968456,1.6405385785721485
2026-09-01,18.11,0.1,0.7999999999999999,0.0,18.91,30.1,0.147242,1.0603740000000001,0.0,31.160374,1.6478251718667372,1.641249062772094
2026-09-02,18.14,0.0,0.7999999999999999,0.0,18.94,30.2,0.0,1.0603740000000001,0.0,31.260374,1.6504949313621962,1.6418557658619428
2026-09-03,18.23,0.0,0.7999999999999999,0.0,19.03,30.36,0.0,1.0603740000000001,0.0,31.420374,1.6510968996321596,1.6425961079804583
2026-09-04,18.26,0.0,0.7999999999999999,0.0,19.060000000000002,30.36,0.0,1.0603740000000001,0.0,31.420374,1.6484981112277017,1.6432771482568693
2026-09-08,18.29,0.0,0.7999999999999999,0.0,19.09,30.39,0.0,1.0603740000000001,0.0,31.450374,1.647478994237821,1.6439191872730177
2026-09-09,18.17,0.0,0.7999999999999999,0.0,18.970000000000002,30.18,0.0,1.0603740000000001,0.0,31.240374,1.6468304691618343,1.644519319968266
2026-09-10,18.01,0.0,0.7999999999999999,0.0,18.810000000000002,29.97,0.0,1.0603740000000001,0.0,31.030374,1.6496743221690586,1.6451344779371837
2026-09-11,18.12,0.0,0.7999999999999999,0.0,18.92,30.15,0.0,1.0603740000000001,0.0,31.210373999999998,1.6495969344608876,1.6457319044748524
2026-09-14,17.96,0.0,0.7999999999999999,0.0,18.76,29.94,0.0,1.0603740000000001,0.0,31.000374,1.652471961620469,1.646348446770752
2026-09-15,17.91,0.0,0.7999999999999999,0.0,18.71,29.83,0.0,1.0603740000000001,0.0,30.890373999999998,1.651008765366114,1.6468834612221048
2026-09-16,17.96,0.0,0.7999999999999999,0.0,18.76,29.9,0.0,1.0603740000000001,0.0,30.960373999999998,1.650339765458422,1.6473409727812638
2026-09-17,18.06,0.0,0.7999999999999999,0.0,18.86,30.13,0.0,1.0603740000000001,0.0,31.190374,1.6537844114528102,1.6479052402777832
2026-09-18,18.02,0.0,0.7999999999999999,0.0,18.82,30.0,0.0,1.0603740000000001,0.0,31.060374,1.650391817215728,1.6484082725611635
2026-09-21,18.1,0.0,0.7999999999999999,0.0,18.900000000000002,30.21,0.0,1.0603740000000001,0.0,31.270374,1.6545171428571428,1.6489624901021351
2026-09-22,18.02,0.0,0.7999999999999999,0.0,18.82,30.13,0.0,1.0603740000000001,0.0,31.190374,1.6572993623804462,1.649567950367754
2026-09-23,17.91,0.0,0.7999999999999999,0.0,18.71,29.85,0.0,1.0603740000000001,0.0,30.910374,1.6520777124532335,1.6498980547404158
2026-09-24,17.84,0.0,0.7999999999999999,0.0,18.64,29.77,0.0,1.0603740000000001,0.0,30.830374,1.6539900214592274,1.6503405750741789
2026-09-25,17.82,0.0,0.7999999999999999,0.0,18.62,29.82,0.0,1.0603740000000001,0.0,30.880374,1.658451879699248,1.6510078718745738
2026-09-28,17.64,0.0,0.7999999999999999,0.0,18.44,29.56,0.0,1.0603740000000001,0.0,30.620373999999998,1.6605408893709326,1.6517399608224508
2026-09-29,17.62,0.0,0.7999999999999999,0.0,18.42,29.51,0.0,1.0603740000000001,0.0,30.570374,1.659629424538545,1.6522999493995356
2026-09-30,17.6,0.0,0.7999999999999999,0.0,18.400000000000002,29.5,0.0,1.0603740000000001,0.0,30.560374,1.6608898913043475,1.6529531853714166
2026-10-01,17.52,0.1,0.8999999999999999,0.0,18.419999999999998,29.4,0.159413,1.2197870000000002,0.0,30.619787,1.6623119978284475,1.6535440386947289
