date,SCHH,div_SCHH,div_cumsum_SCHH,div_adj_SCHH,SCHH*,USRT,div_USRT,div_cumsum_USRT,div_adj_USRT,USRT*,ratio*,ratio*_ma
2026-01-02,20.91,0.0,0.0,0.0,20.91,57.07,0.0,0.0,0.0,57.07,2.729316116690579,
2026-01-05,20.9,0.0,0.0,0.0,20.9,57.04,0.0,0.0,0.0,57.04,2.7291866028708136,
2026-01-06,21.04,0.0,0.0,0.0,21.04,57.57,0.0,0.0,0.0,57.57,2.736216730038023,
2026-01-07,20.88,0.0,0.0,0.0,20.88,57.21,0.0,0.0,0.0,57.21,2.7399425287356323,
2026-01-08,21.06,0.0,0.0,0.0,21.06,57.8,0.0,0.0,0.0,57.8,2.7445394112060777,
2026-01-09,21.13,0.0,0.0,0.0,21.13,57.9,0.0,0.0,0.0,57.9,2.7401798390913394,
2026-01-12,21.15,0.0,0.0,0.0,21.15,57.92,0.0,0.0,0.0,57.92,2.7385342789598113,
2026-01-13,21.26,0.0,0.0,0.0,21.26,58.19,0.0,0.0,0.0,58.19,2.7370649106302913,
2026-01-14,21.47,0.0,0.0,0.0,21.47,58.61,0.0,0.0,0.0,58.61,2.7298556124825337,
2026-01-15,21.59,0.0,0.0,0.0,21.59,58.88,0.0,0.0,0.0,58.88,2.7271885132005558,
2026-01-16,21.86,0.0,0.0,0.0,21.86,59.63,0.0,0.0,0.0,59.63,2.7278133577310157,
2026-01-20,21.5,0.0,0.0,0.0,21.5,58.76,0.0,0.0,0.0,58.76,2.7330232558139533,
2026-01-21,21.54,0.0,0.0,0.0,21.54,58.87,0.0,0.0,0.0,58.87,2.7330547818013,
2026-01-22,21.28,0.0,0.0,0.0,21.28,58.18,0.0,0.0,0.0,58.18,2.7340225563909772,
2026-01-23,21.33,0.0,0.0,0.0,21.33,58.33,0.0,0.0,0.0,58.33,2.7346460384435067,
2026-01-26,21.28,0.0,0.0,0.0,21.28,58.14,0.0,0.0,0.0,58.14,2.732142857142857,
2026-01-27,21.29,0.0,0.0,0.0,21.29,58.15,0.0,0.0,0.0,58.15,2.7313292625645844,
2026-01-28,21.06,0.0,0.0,0.0,21.06,57.55,0.0,0.0,0.0,57.55,2.7326685660018994,
2026-01-29,21.38,0.0,0.0,0.0,21.38,58.42,0.0,0.0,0.0,58.42,2.732460243217961,
2026-01-30,21.41,0.0,0.0,0.0,21.41,58.67,0.0,0.0,0.0,58.67,2.740308267164876,2.7341746865089296
2026-02-02,21.23,0.0,0.0,0.0,21.23,58.16,0.0,0.0,0.0,58.16,2.739519547809703,2.7346848580648855
2026-02-03,21.3,0.0,0.0,0.0,21.3,58.33,0.0,0.0,0.0,58.33,2.7384976525821596,2.7351504105504527
2026-02-04,21.64,0.0,0.0,0.0,21.64,59.29,0.0,0.0,0.0,59.29,2.7398336414048057,2.735331256118792
2026-02-05,21.64,0.0,0.0,0.0,21.64,59.5,0.0,0.0,0.0,59.5,2.7495378927911274,2.7358110243215665
2026-02-06,21.97,0.0,0.0,0.0,21.97,60.43,0.0,0.0,0.0,60.43,2.7505689576695493,2.7361125016447403
2026-02-09,22.03,0.0,0.0,0.0,22.03,60.56,0.0,0.0,0.0,60.56,2.748978665456196,2.736552442962983
2026-02-10,22.35,0.0,0.0,0.0,22.35,61.42,0.0,0.0,0.0,61.42,2.7480984340044743,2.7370306507152162
2026-02-11,22.46,0.0,0.0,0.0,22.46,61.49,0.0,0.0,0.0,61.49,2.7377560106856635,2.737065205717985
2026-02-12,22.5,0.0,0.0,0.0,22.5,61.53,0.0,0.0,0.0,61.53,2.7346666666666666,2.7373057584271914
2026-02-13,22.81,0.0,0.0,0.0,22.81,62.29,0.0,0.0,0.0,62.29,2.7308198158702326,2.737487323560676
2026-02-17,23.06,0.0,0.0,0.0,23.06,62.91,0.0,0.0,0.0,62.91,2.728100607111882,2.7375016860297188
2026-02-18,22.67,0.0,0.0,0.0,22.67,62.04,0.0,0.0,0.0,62.04,2.7366563740626377,2.737683341942153
2026-02-19,22.64,0.0,0.0,0.0,22.64,62.05,0.0,0.0,0.0,62.05,2.7407243816254416,2.73806682193336
2026-02-20,22.82,0.0,0.0,0.0,22.82,62.48,0.0,0.0,0.0,62.48,2.7379491673970198,2.738263152483662
2026-02-23,22.88,0.0,0.0,0.0,22.88,62.66,0.0,0.0,0.0,62.66,2.7386363636363638,2.7384626687433054
2026-02-24,22.91,0.0,0.0,0.0,22.91,62.76,0.0,0.0,0.0,62.76,2.7394151025752946,2.7388262810149273
2026-02-25,22.85,0.0,0.0,0.0,22.85,62.81,0.0,0.0,0.0,62.81,2.748796498905908,2.739699642831993
2026-02-26,22.98,0.0,0.0,0.0,22.98,63.24,0.0,0.0,0.0,63.24,2.751958224543081,2.7406641257590523
2026-02-27,23.03,0.0,0.0,0.0,23.03,63.2,0.0,0.0,0.0,63.2,2.7442466348241426,2.7412534453393613
2026-03-02,23.13,0.0,0.0,0.0,23.13,63.44,0.0,0.0,0.0,63.44,2.7427583225248595,2.7413759481073603
2026-03-03,22.99,0.0,0.0,0.0,22.99,63.01,0.0,0.0,0.0,63.01,2.740756850804698,2.74143781325711
2026-03-04,23.03,0.0,0.0,0.0,23.03,63.14,0.0,0.0,0.0,63.14,2.7416413373860182,2.741594997497303
2026-03-05,22.79,0.0,0.0,0.0,22.79,62.53,0.0,0.0,0.0,62.53,2.7437472575691095,2.7417906783055184
2026-03-06,22.56,0.0,0.0,0.0,22.56,61.81,0.0,0.0,0.0,61.81,2.7398049645390072,2.7413040318929123
2026-03-09,22.59,0.0,0.0,0.0,22.59,61.93,0.0,0.0,0.0,61.93,2.741478530323152,2.7408495105255923
2026-03-10,22.6,0.0,0.0,0.0,22.6,62.0,0.0,0.0,0.0,62.0,2.743362831858407,2.740568718845703
2026-03-11,22.37,0.0,0.0,0.0,22.37,61.4,0.0,0.0,0.0,61.4,2.744747429593205,2.74040116862514
2026-03-12,22.22,0.0,0.0,0.0,22.22,61.14,0.0,0.0,0.0,61.14,2.751575157515752,2.7410921259666443
2026-03-13,22.24,0.0,0.0,0.0,22.24,60.97,0.0,0.0,0.0,60.97,2.741456834532374,2.7414316343599294
2026-03-16,22.43,0.0,0.0,0.0,22.43,61.51,0.0,0.0,0.0,61.51,2.742309407044137,2.7420061139186247
2026-03-17,22.49,0.0,0.0,0.0,22.49,61.47,0.211783,0.211783,0.211783,61.681782999999996,2.7426315251222766,2.7427326598191444
2026-03-18,22.15,0.0,0.0,0.0,22.15,60.64,0.0,0.211783,0.211783,60.851783,2.7472588261851016,2.7432627824252673
2026-03-19,22.08,0.0,0.0,0.0,22.08,60.41,0.0,0.211783,0.211783,60.62178299999999,2.745551766304348,2.743504151659213
2026-03-20,21.35,0.0,0.0,0.0,21.35,58.51,0.0,0.211783,0.211783,58.721782999999995,2.750434800936768,2.7441284333362
2026-03-23,21.51,0.0,0.0,0.0,21.51,58.95,0.0,0.211783,0.211783,59.161783,2.7504315667131563,2.7447181934900398
2026-03-24,21.38,0.0,0.0,0.0,21.38,58.76,0.0,0.211783,0.211783,58.971782999999995,2.7582686155285314,2.745660869137702
2026-03-25,21.26,0.1147,0.1147,0.0,21.26,58.74,0.0,0.211783,0.0,58.74,2.762935089369708,2.7463677986608914
2026-03-26,21.24,0.0,0.1147,0.0,21.24,58.69,0.0,0.211783,0.0,58.69,2.7631826741996233,2.746929021143719
2026-03-27,21.1,0.0,0.1147,0.0,21.1,58.14,0.0,0.211783,0.0,58.14,2.7554502369668246,2.747489201250853
2026-03-30,21.17,0.0,0.1147,0.0,21.17,58.36,0.0,0.211783,0.0,58.36,2.756731223429381,2.748187846296079
2026-03-31,21.49,0.0,0.1147,0.0,21.49,59.19,0.0,0.211783,0.0,59.19,2.75430432759423,2.7488652201355555
2026-04-01,21.58,0.0,0.1147,0.0,21.58,59.54,0.0,0.211783,0.0,59.54,2.7590361445783134,2.74973496049517
2026-04-02,21.91,0.0,0.1147,0.0,21.91,60.2,0.0,0.211783,0.0,60.2,2.747603833865815,2.7499277893100054
2026-04-06,21.92,0.0,0.1147,0.0,21.92,60.16,0.0,0.211783,0.0,60.16,2.7445255474452552,2.750163818455318
2026-04-07,21.96,0.0,0.1147,0.0,21.96,60.4,0.0,0.211783,0.0,60.4,2.7504553734061927,2.75061266060947
2026-04-08,22.34,0.0,0.1147,0.0,22.34,61.41,0.0,0.211783,0.0,61.41,2.7488809310653535,2.7508885655698174
2026-04-09,22.55,0.0,0.1147,0.0,22.55,61.92,0.0,0.211783,0.0,61.92,2.74589800443459,2.750946094311886
2026-04-10,22.62,0.0,0.1147,0.0,22.62,62.15,0.0,0.211783,0.0,62.15,2.747568523430592,2.7507457626076284
2026-04-13,22.67,0.0,0.1147,0.0,22.67,62.29,0.0,0.211783,0.0,62.29,2.7476841640935152,2.7510571290856856
2026-04-14,22.89,0.0,0.1147,0.0,22.89,63.03,0.0,0.211783,0.0,63.03,2.7536041939711664,2.751621868432037
2026-04-15,22.88,0.0,0.1147,0.0,22.88,63.01,0.0,0.211783,0.0,63.01,2.7539335664335667,2.7521869704976014
2026-04-16,23.08,0.0,0.1147,0.0,23.08,63.5,0.0,0.211783,0.0,63.5,2.751299826689775,2.7523890205228354
2026-04-17,23.43,0.0,0.1147,0.0,23.43,64.48,0.0,0.211783,0.0,64.48,2.7520273154075974,2.7527127979779977
2026-04-20,23.48,0.0,0.1147,0.0,23.48,64.78,0.0,0.211783,0.0,64.78,2.7589437819420786,2.7531382470282635
2026-04-21,23.09,0.0,0.1147,0.0,23.09,63.74,0.0,0.211783,0.0,63.74,2.760502381983543,2.753641787791783
2026-04-22,22.83,0.0,0.1147,0.0,22.83,63.03,0.0,0.211783,0.0,63.03,2.7608409986859397,2.753770406949653
2026-04-23,23.15,0.0,0.1147,0.0,23.15,63.81,0.0,0.211783,0.0,63.81,2.756371490280778,2.753442226995207
2026-04-24,23.1,0.0,0.1147,0.0,23.1,63.68,0.0,0.211783,0.0,63.68,2.7567099567099564,2.753118591120723
2026-04-27,22.98,0.0,0.1147,0.0,22.98,63.43,0.0,0.211783,0.0,63.43,2.760226283724978,2.753357393458631
2026-04-28,23.21,0.0,0.1147,0.0,23.21,64.02,0.0,0.211783,0.0,64.02,2.758293838862559,2.7534355242302895
2026-04-29,23.06,0.0,0.1147,0.0,23.06,63.63,0.0,0.211783,0.0,63.63,2.7593235039028623,2.7536864830457213
2026-04-30,23.42,0.0,0.1147,0.0,23.42,64.59,0.0,0.211783,0.0,64.59,2.7578992314261312,2.7536296373881126
2026-05-01,23.39,0.0,0.1147,0.0,23.39,64.46,0.0,0.211783,0.0,64.46,2.7558785805899952,2.754043374724321
2026-05-04,23.24,0.0,0.1147,0.0,23.24,64.03,0.0,0.211783,0.0,64.03,2.755163511187608,2.754575272911439
2026-05-05,23.31,0.0,0.1147,0.0,23.31,64.37,0.0,0.211783,0.0,64.37,2.761475761475762,2.7551262923149173
2026-05-06,23.62,0.0,0.1147,0.0,23.62,65.24,0.0,0.211783,0.0,65.24,2.7620660457239623,2.7557855480478475
2026-05-07,23.44,0.0,0.1147,0.0,23.44,64.76,0.0,0.211783,0.0,64.76,2.762798634812287,2.7566305795667327
2026-05-08,23.53,0.0,0.1147,0.0,23.53,65.11,0.0,0.211783,0.0,65.11,2.767105822354441,2.7576074445129253
2026-05-11,23.55,0.0,0.1147,0.0,23.55,65.13,0.0,0.211783,0.0,65.13,2.765605095541401,2.7585034910853197
2026-05-12,23.58,0.0,0.1147,0.0,23.58,65.19,0.0,0.211783,0.0,65.19,2.7646310432569976,2.759054833549611
2026-05-13,23.42,0.0,0.1147,0.0,23.42,64.83,0.0,0.211783,0.0,64.83,2.7681468830059774,2.759765499378232
2026-05-14,23.33,0.0,0.1147,0.0,23.33,64.69,0.0,0.211783,0.0,64.69,2.7728246892413204,2.7608417425058085
2026-05-15,22.97,0.0,0.1147,0.0,22.97,63.65,0.0,0.211783,0.0,63.65,2.7710056595559425,2.7617906597132262
2026-05-18,23.25,0.0,0.1147,0.0,23.25,64.36,0.0,0.211783,0.0,64.36,2.7681720430107526,2.7622520727666595
2026-05-19,23.34,0.0,0.1147,0.0,23.34,64.36,0.0,0.211783,0.0,64.36,2.757497857754927,2.762101846555229
2026-05-20,23.62,0.0,0.1147,0.0,23.62,65.22,0.0,0.211783,0.0,65.22,2.761219305673158,2.76212076190459
2026-05-21,23.65,0.0,0.1147,0.0,23.65,65.38,0.0,0.211783,0.0,65.38,2.764482029598309,2.7625262888704665
2026-05-22,23.69,0.0,0.1147,0.0,23.69,65.49,0.0,0.211783,0.0,65.49,2.764457577036724,2.7629136698868044
2026-05-26,23.84,0.0,0.1147,0.0,23.84,65.89,0.0,0.211783,0.0,65.89,2.7638422818791946,2.763094469794516
2026-05-27,23.75,0.0,0.1147,0.0,23.75,65.69,0.0,0.211783,0.0,65.69,2.765894736842105,2.7634745146934927
2026-05-28,23.67,0.0,0.1147,0.0,23.67,65.41,0.0,0.211783,0.0,65.41,2.763413603717786,2.763679019684239
2026-05-29,23.45,0.0,0.1147,0.0,23.45,64.78,0.0,0.211783,0.0,64.78,2.7624733475479744,2.763907725490331
2026-06-01,23.01,0.0,0.1147,0.0,23.01,63.53,0.0,0.211783,0.0,63.53,2.760973489787049,2.7641624709501835
2026-06-02,23.07,0.0,0.1147,0.0,23.07,63.86,0.0,0.211783,0.0,63.86,2.7680970957954054,2.764809150180574
2026-06-03,23.08,0.0,0.1147,0.0,23.08,63.91,0.0,0.211783,0.0,63.91,2.769064124783362,2.765188568345954
2026-06-04,23.47,0.0,0.1147,0.0,23.47,64.77,0.0,0.211783,0.0,64.77,2.75969322539412,2.7650699273294617
2026-06-05,23.68,0.0,0.1147,0.0,23.68,65.34,0.0,0.211783,0.0,65.34,2.759290540540541,2.7648945226158745
2026-06-08,23.36,0.0,0.1147,0.0,23.36,64.61,0.0,0.211783,0.0,64.61,2.7658390410958904,2.764831183552947
2026-06-09,23.91,0.0,0.1147,0.0,23.91,66.14,0.0,0.211783,0.0,66.14,2.7662066081137597,2.7648612591815644
2026-06-10,23.93,0.0,0.1147,0.0,23.93,66.14,0.0,0.211783,0.0,66.14,2.763894692854158,2.764824441661423
2026-06-11,23.93,0.0,0.1147,0.0,23.93,66.24,0.0,0.211783,0.0,66.24,2.7680735478478895,2.7648207749035185
2026-06-12,24.17,0.0,0.1147,0.0,24.17,66.86,0.0,0.211783,0.0,66.86,2.766239139429044,2.7644914974129047
2026-06-15,23.98,0.0,0.1147,0.0,23.98,66.02,0.373689,0.585472,0.373689,66.393689,2.768710967472894,2.764376762808752
2026-06-16,24.01,0.0,0.1147,0.0,24.01,66.13,0.0,0.585472,0.373689,66.503689,2.7698329446064136,2.764459807888535
2026-06-17,23.4,0.0,0.1147,0.0,23.4,64.51,0.0,0.585472,0.373689,64.883689,2.7728072222222226,2.7652252761118996
2026-06-18,23.38,0.0,0.1147,0.0,23.38,64.66,0.0,0.585472,0.373689,65.033689,2.7815949101796407,2.766244056337224
2026-06-22,23.67,0.0,0.1147,0.0,23.67,65.47,0.0,0.585472,0.373689,65.843689,2.78173591043515,2.7671067503790665
2026-06-23,23.98,0.0,0.1147,0.0,23.98,66.32,0.0,0.585472,0.373689,66.69368899999999,2.781221392827356,2.767944941168598
2026-06-24,23.83,0.1683,0.28300000000000003,0.0,23.83,66.41,0.0,0.585472,0.0,66.41,2.7868233319345364,2.7690939936713646
2026-06-25,23.89,0.0,0.28300000000000003,0.0,23.89,66.79,0.0,0.585472,0.0,66.79,2.795730431142738,2.7705857783863967
2026-06-26,24.22,0.0,0.28300000000000003,0.0,24.22,67.65,0.0,0.585472,0.0,67.65,2.7931461601981837,2.7720724062104165
2026-06-29,24.11,0.0,0.28300000000000003,0.0,24.11,67.56,0.0,0.585472,0.0,67.56,2.802156781418499,2.7740565779039428
2026-06-30,23.68,0.0,0.28300000000000003,0.0,23.68,66.45,0.0,0.585472,0.0,66.45,2.806165540540541,2.7763161804416177
2026-07-01,23.78,0.0,0.28300000000000003,0.0,23.78,66.61,0.0,0.585472,0.0,66.61,2.8010933557611435,2.7779659934399037
2026-07-02,24.07,0.0,0.28300000000000003,0.0,24.07,67.46,0.0,0.585472,0.0,67.46,2.802658911508101,2.779645732776141
2026-07-06,23.87,0.0,0.28300000000000003,0.0,23.87,66.99,0.0,0.585472,0.0,66.99,2.8064516129032255,2.781983652151596
2026-07-07,24.15,0.0,0.28300000000000003,0.0,24.15,67.67,0.0,0.585472,0.0,67.67,2.8020703933747413,2.7841226447933063
2026-07-08,23.78,0.0,0.28300000000000003,0.0,23.78,66.6,0.0,0.585472,0.0,66.6,2.8006728343145495,2.785864334454239
2026-07-09,23.8,0.0,0.28300000000000003,0.0,23.8,66.69,0.0,0.585472,0.0,66.69,2.8021008403361343,2.7876590460653583
2026-07-10,23.89,0.0,0.28300000000000003,0.0,23.89,66.75,0.0,0.585472,0.0,66.75,2.7940560904143994,2.7891671159433704
2026-07-13,24.04,0.0,0.28300000000000003,0.0,24.04,67.22,0.0,0.585472,0.0,67.22,2.796173044925125,2.790572090797232
2026-07-14,24.03,0.0,0.28300000000000003,0.0,24.03,67.16,0.0,0.585472,0.0,67.16,2.794839783603828,2.792002123005971
2026-07-15,24.01,0.0,0.28300000000000003,0.0,24.01,67.06,0.0,0.585472,0.0,67.06,2.793002915451895,2.793216720404921
2026-07-16,24.6,0.0,0.28300000000000003,0.0,24.6,68.8,0.0,0.585472,0.0,68.8,2.7967479674796745,2.794562471548584
2026-07-17,24.61,0.0,0.28300000000000003,0.0,24.61,68.83,0.0,0.585472,0.0,68.83,2.7968305566842746,2.795763638271687
2026-07-20,24.5,0.0,0.28300000000000003,0.0,24.5,68.56,0.0,0.585472,0.0,68.56,2.7983673469387758,2.7966022601096436
2026-07-21,24.53,0.0,0.28300000000000003,0.0,24.53,68.79,0.0,0.585472,0.0,68.79,2.804321239298818,2.797731526552827
2026-07-22,24.4,0.0,0.28300000000000003,0.0,24.4,68.38,0.0,0.585472,0.0,68.38,2.8024590163934424,2.7987934077311314
2026-07-23,24.34,0.0,0.28300000000000003,0.0,24.34,68.33,0.0,0.585472,0.0,68.33,2.807313064913722,2.7998178943800904
2026-07-24,24.86,0.0,0.28300000000000003,0.0,24.86,69.82,0.0,0.585472,0.0,69.82,2.80852775543041,2.8004577605944743
2026-07-27,24.76,0.0,0.28300000000000003,0.0,24.76,69.48,0.0,0.585472,0.0,69.48,2.8061389337641356,2.801107399272772
2026-07-28,24.82,0.0,0.28300000000000003,0.0,24.82,69.56,0.0,0.585472,0.0,69.56,2.8025785656728446,2.801128488485489
2026-07-29,24.76,0.0,0.28300000000000003,0.0,24.76,69.17,0.0,0.585472,0.0,69.17,2.7936187399030694,2.8005011484536153
2026-07-30,24.4,0.0,0.28300000000000003,0.0,24.4,68.26,0.0,0.585472,0.0,68.26,2.7975409836065577,2.800323529845886
2026-07-31,24.28,0.0,0.28300000000000003,0.0,24.28,67.89,0.0,0.585472,0.0,67.89,2.7961285008237233,2.7999970093116673
2026-08-03,24.29,0.0,0.28300000000000003,0.0,24.29,67.93,0.0,0.585472,0.0,67.93,2.796624125154385,2.7995056349242256
2026-08-04,24.21,0.0,0.28300000000000003,0.0,24.21,67.59,0.0,0.585472,0.0,67.59,2.79182156133829,2.798993193322403
2026-08-05,24.21,0.0,0.28300000000000003,0.0,24.21,67.82,0.0,0.585472,0.0,67.82,2.8013217678645184,2.7990256399999014
2026-08-06,24.01,0.0,0.28300000000000003,0.0,24.01,67.07,0.0,0.585472,0.0,67.07,2.793419408579758,2.7985915684120823
2026-08-07,24.11,0.0,0.28300000000000003,0.0,24.11,67.38,0.0,0.585472,0.0,67.38,2.7946909995852343,2.798623313870624
2026-08-10,23.77,0.0,0.28300000000000003,0.0,23.77,66.45,0.0,0.585472,0.0,66.45,2.7955405973916703,2.798591691493951
2026-08-11,23.55,0.0,0.28300000000000003,0.0,23.55,65.8,0.0,0.585472,0.0,65.8,2.7940552016985136,2.7985524623986855
2026-08-12,23.79,0.0,0.28300000000000003,0.0,23.79,66.47,0.0,0.585472,0.0,66.47,2.7940311055065155,2.798603871901417
2026-08-13,24.06,0.0,0.28300000000000003,0.0,24.06,67.2,0.0,0.585472,0.0,67.2,2.7930174563591024,2.798417346345388
2026-08-14,24.11,0.0,0.28300000000000003,0.0,24.11,67.36,0.0,0.585472,0.0,67.36,2.7938614682704275,2.798268891924695
2026-08-17,23.93,0.0,0.28300000000000003,0.0,23.93,66.91,0.0,0.585472,0.0,66.91,2.7960718763058923,2.798154118393051
2026-08-18,23.84,0.0,0.28300000000000003,0.0,23.84,66.66,0.0,0.585472,0.0,66.66,2.7961409395973154,2.7977451034079763
2026-08-19,24.0,0.0,0.28300000000000003,0.0,24.0,67.1,0.0,0.585472,0.0,67.1,2.795833333333333,2.797413819254971
2026-08-20,24.06,0.0,0.28300000000000003,0.0,24.06,67.19,0.0,0.585472,0.0,67.19,2.7926018287614296,2.7966782574473563
2026-08-21,24.04,0.0,0.28300000000000003,0.0,24.04,67.12,0.0,0.585472,0.0,67.12,2.7920133111480867,2.79585253523324
2026-08-24,24.18,0.0,0.28300000000000003,0.0,24.18,67.53,0.0,0.585472,0.0,67.53,2.792803970223325,2.7951857870561994
2026-08-25,24.21,0.0,0.28300000000000003,0.0,24.21,67.56,0.0,0.585472,0.0,67.56,2.7905824039653035,2.7945859789708227
2026-08-26,24.08,0.0,0.28300000000000003,0.0,24.08,67.22,0.0,0.585472,0.0,67.22,2.791528239202658,2.794481453935802
2026-08-27,23.85,0.0,0.28300000000000003,0.0,23.85,66.6,0.0,0.585472,0.0,66.6,2.7924528301886786,2.794227046264908
2026-08-28,23.74,0.0,0.28300000000000003,0.0,23.74,66.13,0.0,0.585472,0.0,66.13,2.7855939342881215,2.7937003179381277
2026-08-31,23.58,0.0,0.28300000000000003,0.0,23.58,65.63,0.0,0.585472,0.0,65.63,2.7832909245122988,2.7930336579060233
2026-09-01,23.58,0.0,0.28300000000000003,0.0,23.58,65.6,0.0,0.585472,0.0,65.6,2.7820186598812553,2.7925435128331717
2026-09-02,23.45,0.0,0.28300000000000003,0.0,23.45,65.35,0.0,0.585472,0.0,65.35,2.786780383795309,2.7918164436297115
2026-09-03,23.61,0.0,0.28300000000000003,0.0,23.61,65.71,0.0,0.585472,0.0,65.71,2.7831427361287586,2.7913026100071616
2026-09-04,23.45,0.0,0.28300000000000003,0.0,23.45,65.34,0.0,0.585472,0.0,65.34,2.7863539445629,2.790885757256045
2026-09-08,23.47,0.0,0.28300000000000003,0.0,23.47,65.33,0.0,0.585472,0.0,65.33,2.783553472518108,2.7902864010123665
2026-09-09,23.23,0.0,0.28300000000000003,0.0,23.23,64.65,0.0,0.585472,0.0,64.65,2.7830391734825657,2.7897355996015696
2026-09-10,23.06,0.0,0.28300000000000003,0.0,23.06,64.22,0.0,0.585472,0.0,64.22,2.784908933217693,2.789279490987128
2026-09-11,23.2,0.0,0.28300000000000003,0.0,23.2,64.48,0.0,0.585472,0.0,64.48,2.7793103448275867,2.7885941354105523
2026-09-14,23.09,0.0,0.28300000000000003,0.0,23.09,64.21,0.0,0.585472,0.0,64.21,2.780857514075357,2.7879439377007986
2026-09-15,23.03,0.0,0.28300000000000003,0.0,23.03,63.56,0.473107,1.058579,0.473107,64.033107,2.7804214937038645,2.7871614185706974
2026-09-16,22.88,0.0,0.28300000000000003,0.0,22.88,63.16,0.0,1.058579,0.473107,63.633106999999995,2.781167263986014,2.786412734790132
2026-09-17,22.97,0.0,0.28300000000000003,0.0,22.97,63.43,0.0,1.058579,0.473107,63.903107,2.782024684370919,2.7857223023420117
2026-09-18,22.74,0.0,0.28300000000000003,0.0,22.74,62.8,0.0,1.058579,0.473107,63.273106999999996,2.7824585312225154,2.785215137465066
2026-09-21,22.93,0.0,0.28300000000000003,0.0,22.93,63.34,0.0,1.058579,0.473107,63.813107,2.782952769297863,2.784762110372555
2026-09-22,22.91,0.0,0.28300000000000003,0.0,22.91,63.26,0.0,1.058579,0.473107,63.733107,2.781890309908337,2.7842164273568053
2026-09-23,22.42,0.1732,0.45620000000000005,0.0,22.42,62.52,0.0,1.058579,0.0,62.52,2.7885816235504013,2.7841163883360602
2026-09-24,22.35,0.0,0.45620000000000005,0.0,22.35,62.44,0.0,1.058579,0.0,62.44,2.7937360178970914,2.7842267772707823
2026-09-25,22.31,0.0,0.45620000000000005,0.0,22.31,62.37,0.0,1.058579,0.0,62.37,2.7956073509636936,2.784384503309533
2026-09-28,22.25,0.0,0.45620000000000005,0.0,22.25,62.22,0.0,1.058579,0.0,62.22,2.7964044943820223,2.784925031314228
2026-09-29,22.25,0.0,0.45620000000000005,0.0,22.25,62.19,0.0,1.058579,0.0,62.19,2.7950561797752806,2.7855132940773766
2026-09-30,22.04,0.0,0.45620000000000005,0.0,22.04,61.58,0.0,1.058579,0.0,61.58,2.794010889292196,2.786112905547924
2026-10-01,21.84,0.0,0.45620000000000005,0.0,21.84,61.16,0.0,1.058579,0.0,61.16,2.8003663003663,2.7867922013764734
