date,FENY,div_FENY,div_cumsum_FENY,div_adj_FENY,FENY*,VDE,div_VDE,div_cumsum_VDE,div_adj_VDE,VDE*,ratio*,ratio*_ma
2026-01-02,25.3,0.0,0.0,0.0,25.3,128.66,0.0,0.0,0.0,128.66,5.085375494071146,
2026-01-05,25.9,0.0,0.0,0.0,25.9,131.63,0.0,0.0,0.0,131.63,5.082239382239383,
2026-01-06,25.26,0.0,0.0,0.0,25.26,128.43,0.0,0.0,0.0,128.43,5.084323040380047,
2026-01-07,24.99,0.0,0.0,0.0,24.99,127.1,0.0,0.0,0.0,127.1,5.086034413765506,
2026-01-08,25.73,0.0,0.0,0.0,25.73,130.87,0.0,0.0,0.0,130.87,5.086280606296152,
2026-01-09,25.8,0.0,0.0,0.0,25.8,131.2,0.0,0.0,0.0,131.2,5.085271317829457,
2026-01-12,25.65,0.0,0.0,0.0,25.65,130.48,0.0,0.0,0.0,130.48,5.086939571150097,
2026-01-13,26.04,0.0,0.0,0.0,26.04,132.42,0.0,0.0,0.0,132.42,5.0852534562211975,
2026-01-14,26.62,0.0,0.0,0.0,26.62,135.35,0.0,0.0,0.0,135.35,5.084522915101427,
2026-01-15,26.4,0.0,0.0,0.0,26.4,134.23,0.0,0.0,0.0,134.23,5.0844696969696965,
2026-01-16,26.47,0.0,0.0,0.0,26.47,134.62,0.0,0.0,0.0,134.62,5.085757461276918,
2026-01-20,26.4,0.0,0.0,0.0,26.4,134.2,0.0,0.0,0.0,134.2,5.083333333333333,
2026-01-21,27.07,0.0,0.0,0.0,27.07,137.68,0.0,0.0,0.0,137.68,5.0860731437015145,
2026-01-22,27.12,0.0,0.0,0.0,27.12,137.98,0.0,0.0,0.0,137.98,5.087758112094395,
2026-01-23,27.25,0.0,0.0,0.0,27.25,138.69,0.0,0.0,0.0,138.69,5.08954128440367,
2026-01-26,27.27,0.0,0.0,0.0,27.27,138.69,0.0,0.0,0.0,138.69,5.085808580858086,
2026-01-27,27.55,0.0,0.0,0.0,27.55,140.15,0.0,0.0,0.0,140.15,5.0871143375680585,
2026-01-28,27.72,0.0,0.0,0.0,27.72,141.06,0.0,0.0,0.0,141.06,5.088744588744589,
2026-01-29,28.03,0.0,0.0,0.0,28.03,142.64,0.0,0.0,0.0,142.64,5.088833392793435,
2026-01-30,28.28,0.0,0.0,0.0,28.28,143.79,0.0,0.0,0.0,143.79,5.084512022630834,5.0859093075714465
2026-02-02,27.74,0.0,0.0,0.0,27.74,141.13,0.0,0.0,0.0,141.13,5.08759913482336,5.086020489609058
2026-02-03,28.59,0.0,0.0,0.0,28.59,145.49,0.0,0.0,0.0,145.49,5.088842252535852,5.086350633123882
2026-02-04,29.18,0.0,0.0,0.0,29.18,148.4,0.0,0.0,0.0,148.4,5.085675119945168,5.086418237102137
2026-02-05,28.82,0.0,0.0,0.0,28.82,146.58,0.0,0.0,0.0,146.58,5.086051353226926,5.086419084075208
2026-02-06,29.46,0.0,0.0,0.0,29.46,149.89,0.0,0.0,0.0,149.89,5.087915818058383,5.08650084466332
2026-02-09,29.73,0.0,0.0,0.0,29.73,151.26,0.0,0.0,0.0,151.26,5.0877901109989905,5.086626784321797
2026-02-10,29.66,0.0,0.0,0.0,29.66,150.82,0.0,0.0,0.0,150.82,5.08496291301416,5.0865279514149995
2026-02-11,30.41,0.0,0.0,0.0,30.41,154.69,0.0,0.0,0.0,154.69,5.086813548174942,5.086605956012687
2026-02-12,29.81,0.0,0.0,0.0,29.81,151.59,0.0,0.0,0.0,151.59,5.085206306608521,5.086640125588042
2026-02-13,30.07,0.0,0.0,0.0,30.07,152.95,0.0,0.0,0.0,152.95,5.086464915197872,5.08673988649945
2026-02-17,29.73,0.0,0.0,0.0,29.73,151.14,0.0,0.0,0.0,151.14,5.083753784056508,5.08663970263843
2026-02-18,30.3,0.0,0.0,0.0,30.3,154.11,0.0,0.0,0.0,154.11,5.086138613861387,5.086779966664833
2026-02-19,30.56,0.0,0.0,0.0,30.56,155.41,0.0,0.0,0.0,155.41,5.085405759162303,5.086746597437872
2026-02-20,30.42,0.0,0.0,0.0,30.42,154.75,0.0,0.0,0.0,154.75,5.087113740959895,5.0867143788811475
2026-02-23,30.51,0.0,0.0,0.0,30.51,155.18,0.0,0.0,0.0,155.18,5.086201245493281,5.086547376935627
2026-02-24,30.53,0.0,0.0,0.0,30.53,155.23,0.0,0.0,0.0,155.23,5.084507042253521,5.0864823000053985
2026-02-25,30.38,0.0,0.0,0.0,30.38,154.61,0.0,0.0,0.0,154.61,5.089203423304807,5.086586754292236
2026-02-26,30.5,0.0,0.0,0.0,30.5,155.2,0.0,0.0,0.0,155.2,5.088524590163934,5.086575754363205
2026-02-27,31.0,0.0,0.0,0.0,31.0,157.59,0.0,0.0,0.0,157.59,5.083548387096775,5.086311504078371
2026-03-02,31.63,0.0,0.0,0.0,31.63,160.89,0.0,0.0,0.0,160.89,5.086626620297186,5.086417233961688
2026-03-03,31.33,0.0,0.0,0.0,31.33,159.38,0.0,0.0,0.0,159.38,5.087136929460581,5.08639412369355
2026-03-04,31.22,0.0,0.0,0.0,31.22,158.85,0.0,0.0,0.0,158.85,5.088084561178731,5.086356239125694
2026-03-05,31.38,0.0,0.0,0.0,31.38,159.56,0.0,0.0,0.0,159.56,5.0847673677501595,5.086310851515943
2026-03-06,31.37,0.0,0.0,0.0,31.37,159.62,0.0,0.0,0.0,159.62,5.088300924450111,5.0864233300771025
2026-03-09,31.28,0.0,0.0,0.0,31.28,159.08,0.0,0.0,0.0,159.08,5.085677749360614,5.086311426642213
2026-03-10,30.89,0.0,0.0,0.0,30.89,157.15,0.0,0.0,0.0,157.15,5.0874069278083525,5.086292267482682
2026-03-11,31.63,0.0,0.0,0.0,31.63,160.91,0.0,0.0,0.0,160.91,5.0872589313942465,5.086407068401686
2026-03-12,31.88,0.0,0.0,0.0,31.88,162.15,0.0,0.0,0.0,162.15,5.086260978670013,5.08637943992644
2026-03-13,31.99,0.0,0.0,0.0,31.99,162.78,0.0,0.0,0.0,162.78,5.088465145357925,5.08654238186391
2026-03-16,32.08,0.0,0.0,0.0,32.08,163.2,0.0,0.0,0.0,163.2,5.087281795511222,5.086583225879577
2026-03-17,32.47,0.0,0.0,0.0,32.47,165.13,0.0,0.0,0.0,165.13,5.085617493070527,5.086676411330279
2026-03-18,32.5,0.0,0.0,0.0,32.5,165.23,0.0,0.0,0.0,165.23,5.084,5.086569480637209
2026-03-19,33.01,0.0,0.0,0.0,33.01,167.89,0.0,0.0,0.0,167.89,5.086034534989397,5.086600919428564
2026-03-20,32.8,0.187,0.187,0.187,32.986999999999995,167.77,0.0,0.0,0.0,167.77,5.085942947221634,5.08654237974165
2026-03-23,33.15,0.0,0.187,0.187,33.336999999999996,169.43,0.0,0.0,0.0,169.43,5.082340942496327,5.086349364591803
2026-03-24,33.85,0.0,0.187,0.0,33.85,172.12,0.9689,0.9689,0.0,172.12,5.084785819793205,5.086363303468788
2026-03-25,33.71,0.0,0.187,0.0,33.71,171.44,0.0,0.9689,0.0,171.44,5.085731237021655,5.08618969415463
2026-03-26,34.23,0.0,0.187,0.0,34.23,174.14,0.0,0.9689,0.0,174.14,5.087350277534327,5.086130978523149
2026-03-27,34.79,0.0,0.187,0.0,34.79,176.95,0.0,0.9689,0.0,176.95,5.086231675768899,5.086265142956756
2026-03-30,34.41,0.0,0.187,0.0,34.41,175.0,0.0,0.9689,0.0,175.0,5.0857308921825055,5.0862203565510224
2026-03-31,34.02,0.0,0.187,0.0,34.02,173.04,0.0,0.9689,0.0,173.04,5.086419753086419,5.086184497732313
2026-04-01,32.8,0.0,0.187,0.0,32.8,166.8,0.0,0.9689,0.0,166.8,5.085365853658537,5.086048562356304
2026-04-02,33.04,0.0,0.187,0.0,33.04,168.06,0.0,0.9689,0.0,168.06,5.086561743341405,5.086138281135866
2026-04-06,33.27,0.0,0.187,0.0,33.27,169.13,0.0,0.9689,0.0,169.13,5.0835587616471285,5.085901172995717
2026-04-07,33.54,0.0,0.187,0.0,33.54,170.54,0.0,0.9689,0.0,170.54,5.084675014907573,5.0858510362730645
2026-04-08,32.4,0.0,0.187,0.0,32.4,164.78,0.0,0.9689,0.0,164.78,5.085802469135802,5.085770813339437
2026-04-09,31.99,0.0,0.187,0.0,31.99,162.73,0.0,0.9689,0.0,162.73,5.0869021569240385,5.085752974615927
2026-04-10,31.82,0.0,0.187,0.0,31.82,161.79,0.0,0.9689,0.0,161.79,5.084538026398492,5.085666827002351
2026-04-13,31.91,0.0,0.187,0.0,31.91,162.31,0.0,0.9689,0.0,162.31,5.08649326230022,5.085568232849465
2026-04-14,31.2,0.0,0.187,0.0,31.2,158.69,0.0,0.9689,0.0,158.69,5.086217948717949,5.085515040509802
2026-04-15,31.15,0.0,0.187,0.0,31.15,158.45,0.0,0.9689,0.0,158.45,5.086677367576244,5.085568034235088
2026-04-16,31.65,0.0,0.187,0.0,31.65,160.93,0.0,0.9689,0.0,160.93,5.084676145339653,5.08560184150207
2026-04-17,30.69,0.0,0.187,0.0,30.69,156.07,0.0,0.9689,0.0,156.07,5.0853698273053105,5.0855686061178655
2026-04-20,30.77,0.0,0.187,0.0,30.77,156.45,0.0,0.9689,0.0,156.45,5.084497887552811,5.085496353134426
2026-04-21,31.22,0.0,0.187,0.0,31.22,158.69,0.0,0.9689,0.0,158.69,5.082959641255606,5.085527288072389
2026-04-22,31.62,0.0,0.187,0.0,31.62,160.75,0.0,0.9689,0.0,160.75,5.083807716635041,5.085478382914481
2026-04-23,31.86,0.0,0.187,0.0,31.86,162.04,0.0,0.9689,0.0,162.04,5.086001255492781,5.085491883838037
2026-04-24,31.8,0.0,0.187,0.0,31.8,161.72,0.0,0.9689,0.0,161.72,5.0855345911949685,5.08540109952107
2026-04-27,31.83,0.0,0.187,0.0,31.83,161.89,0.0,0.9689,0.0,161.89,5.086082312284009,5.085393631346824
2026-04-28,32.32,0.0,0.187,0.0,32.32,164.43,0.0,0.9689,0.0,164.43,5.087561881188119,5.0854851807971055
2026-04-29,33.05,0.0,0.187,0.0,33.05,168.13,0.0,0.9689,0.0,168.13,5.08714069591528,5.085521227938548
2026-04-30,33.33,0.0,0.187,0.0,33.33,169.58,0.0,0.9689,0.0,169.58,5.087908790879089,5.085648374799576
2026-05-01,32.92,0.0,0.187,0.0,32.92,167.52,0.0,0.9689,0.0,167.52,5.088699878493317,5.085755281557171
2026-05-04,33.25,0.0,0.187,0.0,33.25,169.25,0.0,0.9689,0.0,169.25,5.090225563909774,5.086088621670305
2026-05-05,33.25,0.0,0.187,0.0,33.25,169.23,0.0,0.9689,0.0,169.23,5.089624060150376,5.086336073932444
2026-05-06,31.94,0.0,0.187,0.0,31.94,162.43,0.0,0.9689,0.0,162.43,5.085472761427677,5.086319588547038
2026-05-07,31.32,0.0,0.187,0.0,31.32,159.31,0.0,0.9689,0.0,159.31,5.086526181353768,5.086300789768524
2026-05-08,31.15,0.0,0.187,0.0,31.15,158.38,0.0,0.9689,0.0,158.38,5.084430176565008,5.08629539727685
2026-05-11,31.95,0.0,0.187,0.0,31.95,162.46,0.0,0.9689,0.0,162.46,5.0848200312989045,5.086211735726784
2026-05-12,32.18,0.0,0.187,0.0,32.18,163.67,0.0,0.9689,0.0,163.67,5.086078309509012,5.086204753766338
2026-05-13,32.16,0.0,0.187,0.0,32.16,163.61,0.0,0.9689,0.0,163.61,5.087375621890549,5.086239666482053
2026-05-14,32.42,0.0,0.187,0.0,32.42,164.8,0.0,0.9689,0.0,164.8,5.0832819247378165,5.086169955451961
2026-05-15,33.13,0.0,0.187,0.0,33.13,168.38,0.0,0.9689,0.0,168.38,5.082402656202837,5.0860215968968365
2026-05-18,33.72,0.0,0.187,0.0,33.72,171.5,0.0,0.9689,0.0,171.5,5.086002372479241,5.086096821143158
2026-05-19,34.07,0.0,0.187,0.0,34.07,173.25,0.0,0.9689,0.0,173.25,5.085118872908717,5.086204782725814
2026-05-20,33.29,0.0,0.187,0.0,33.29,169.17,0.0,0.9689,0.0,169.17,5.081706218083508,5.086099707798238
2026-05-21,32.92,0.0,0.187,0.0,32.92,167.28,0.0,0.9689,0.0,167.28,5.081409477521263,5.085870118899662
2026-05-22,33.06,0.0,0.187,0.0,33.06,168.02,0.0,0.9689,0.0,168.02,5.0822746521476105,5.085707121947293
2026-05-26,32.2,0.0,0.187,0.0,32.2,163.72,0.0,0.9689,0.0,163.72,5.084472049689441,5.085626608817565
2026-05-27,31.64,0.0,0.187,0.0,31.64,160.84,0.0,0.9689,0.0,160.84,5.083438685208597,5.0854204490185895
2026-05-28,31.61,0.0,0.187,0.0,31.61,160.72,0.0,0.9689,0.0,160.72,5.084466940841506,5.085286761264901
2026-05-29,31.28,0.0,0.187,0.0,31.28,159.1,0.0,0.9689,0.0,159.1,5.086317135549872,5.08520717849844
2026-06-01,31.84,0.0,0.187,0.0,31.84,161.83,0.0,0.9689,0.0,161.83,5.082600502512563,5.084902209699402
2026-06-02,32.22,0.0,0.187,0.0,32.22,163.72,0.0,0.9689,0.0,163.72,5.081315952824333,5.0844567291451295
2026-06-03,32.58,0.0,0.187,0.0,32.58,165.57,0.0,0.9689,0.0,165.57,5.08195211786372,5.084073132030797
2026-06-04,32.64,0.0,0.187,0.0,32.64,165.86,0.0,0.9689,0.0,165.86,5.081495098039216,5.083874248861374
2026-06-05,31.95,0.0,0.187,0.0,31.95,162.36,0.0,0.9689,0.0,162.36,5.081690140845071,5.0836324468359395
2026-06-08,32.34,0.0,0.187,0.0,32.34,164.43,0.0,0.9689,0.0,164.43,5.084415584415584,5.083631717228468
2026-06-09,31.79,0.0,0.187,0.0,31.79,161.56,0.0,0.9689,0.0,161.56,5.082101289713747,5.08349578014921
2026-06-10,32.28,0.0,0.187,0.0,32.28,164.08,0.0,0.9689,0.0,164.08,5.083023543990087,5.083343041873264
2026-06-11,31.68,0.0,0.187,0.0,31.68,161.1,0.0,0.9689,0.0,161.1,5.0852272727272725,5.0832356244151
2026-06-12,31.93,0.0,0.187,0.0,31.93,162.34,0.0,0.9689,0.0,162.34,5.084246789852803,5.083283867670849
2026-06-15,30.85,0.0,0.187,0.0,30.85,156.76,0.0,0.9689,0.0,156.76,5.081361426256077,5.083231806173512
2026-06-16,30.7,0.0,0.187,0.0,30.7,155.95,0.0,0.9689,0.0,155.95,5.079804560260586,5.082921915562578
2026-06-17,30.36,0.0,0.187,0.0,30.36,154.28,0.0,0.9689,0.0,154.28,5.081686429512517,5.082750293392769
2026-06-18,29.66,0.21,0.397,0.21,29.87,151.82,0.0,0.9689,0.0,151.82,5.082691663876799,5.082799565682433
2026-06-22,30.03,0.0,0.397,0.21,30.240000000000002,153.75,0.0,0.9689,0.0,153.75,5.084325396825396,5.08294536164764
2026-06-23,30.22,0.0,0.397,0.21,30.43,154.68,0.0,0.9689,0.0,154.68,5.083141636542885,5.0829887108674034
2026-06-24,29.68,0.0,0.397,0.0,29.68,150.88,1.0321,2.001,0.0,150.88,5.083557951482479,5.0829430059570555
2026-06-25,30.02,0.0,0.397,0.0,30.02,152.54,0.0,2.001,0.0,152.54,5.081279147235176,5.082835029058384
2026-06-26,29.91,0.0,0.397,0.0,29.91,152.07,0.0,2.001,0.0,152.07,5.0842527582748245,5.08282431993005
2026-06-29,29.76,0.0,0.397,0.0,29.76,151.28,0.0,2.001,0.0,151.28,5.083333333333333,5.082675129819224
2026-06-30,29.56,0.0,0.397,0.0,29.56,150.13,0.0,2.001,0.0,150.13,5.078822733423546,5.082486241364773
2026-07-01,29.38,0.0,0.397,0.0,29.38,149.33,0.0,2.001,0.0,149.33,5.082709326072158,5.082555910027164
2026-07-02,29.62,0.0,0.397,0.0,29.62,150.44,0.0,2.001,0.0,150.44,5.079000675219446,5.08240833789495
2026-07-06,29.54,0.0,0.397,0.0,29.54,150.15,0.0,2.001,0.0,150.15,5.0829383886255926,5.08248050242427
2026-07-07,30.37,0.0,0.397,0.0,30.37,154.33,0.0,2.001,0.0,154.33,5.0816595324333225,5.082478972003682
2026-07-08,30.88,0.0,0.397,0.0,30.88,156.94,0.0,2.001,0.0,156.94,5.0822538860103625,5.082370887083421
2026-07-09,30.45,0.0,0.397,0.0,30.45,154.81,0.0,2.001,0.0,154.81,5.084072249589491,5.082469435077208
2026-07-10,30.6,0.0,0.397,0.0,30.6,155.5,0.0,2.001,0.0,155.5,5.0816993464052285,5.0824032251979645
2026-07-13,31.51,0.0,0.397,0.0,31.51,160.15,0.0,2.001,0.0,160.15,5.0825134877816565,5.082267535950684
2026-07-14,31.65,0.0,0.397,0.0,31.65,160.91,0.0,2.001,0.0,160.91,5.084044233807267,5.082257408148408
2026-07-15,31.38,0.0,0.397,0.0,31.38,159.42,0.0,2.001,0.0,159.42,5.080305927342256,5.082204633202716
2026-07-16,31.63,0.0,0.397,0.0,31.63,160.76,0.0,2.001,0.0,160.76,5.082516598166298,5.082340235098002
2026-07-17,32.02,0.0,0.397,0.0,32.02,162.78,0.0,2.001,0.0,162.78,5.083697688944409,5.082440798069596
2026-07-20,32.16,0.0,0.397,0.0,32.16,163.48,0.0,2.001,0.0,163.48,5.083333333333334,5.082472881542424
2026-07-21,32.56,0.0,0.397,0.0,32.56,165.52,0.0,2.001,0.0,165.52,5.083538083538084,5.082433515878057
2026-07-22,32.95,0.0,0.397,0.0,32.95,167.49,0.0,2.001,0.0,167.49,5.0831562974203335,5.082434248921929
2026-07-23,33.07,0.0,0.397,0.0,33.07,168.17,0.0,2.001,0.0,168.17,5.08527366192924,5.0825200344442685
2026-07-24,33.1,0.0,0.397,0.0,33.1,168.23,0.0,2.001,0.0,168.23,5.082477341389728,5.082579944151996
2026-07-27,32.38,0.0,0.397,0.0,32.38,164.52,0.0,2.001,0.0,164.52,5.080914144533662,5.0824130134649375
2026-07-28,31.89,0.0,0.397,0.0,31.89,162.02,0.0,2.001,0.0,162.02,5.080589526497334,5.082275823123138
2026-07-29,32.48,0.0,0.397,0.0,32.48,165.14,0.0,2.001,0.0,165.14,5.08435960591133,5.082552666747526
2026-07-30,32.71,0.0,0.397,0.0,32.71,166.28,0.0,2.001,0.0,166.28,5.08346071537756,5.082590236212797
2026-07-31,33.05,0.0,0.397,0.0,33.05,167.97,0.0,2.001,0.0,167.97,5.08229954614221,5.082755179758935
2026-08-03,32.63,0.0,0.397,0.0,32.63,165.87,0.0,2.001,0.0,165.87,5.083358872203493,5.08277620393783
2026-08-04,32.5,0.0,0.397,0.0,32.5,165.25,0.0,2.001,0.0,165.25,5.084615384615384,5.082923996546933
2026-08-05,31.79,0.0,0.397,0.0,31.79,161.57,0.0,2.001,0.0,161.57,5.082415854042152,5.082932094948522
2026-08-06,32.3,0.0,0.397,0.0,32.3,164.12,0.0,2.001,0.0,164.12,5.081114551083592,5.0827842100232274
2026-08-07,31.95,0.0,0.397,0.0,31.95,162.37,0.0,2.001,0.0,162.37,5.082003129890454,5.082799399197489
2026-08-10,33.45,0.0,0.397,0.0,33.45,170.07,0.0,2.001,0.0,170.07,5.084304932735425,5.082888971445177
2026-08-11,33.82,0.0,0.397,0.0,33.82,171.96,0.0,2.001,0.0,171.96,5.084565345949143,5.082915027052271
2026-08-12,33.89,0.0,0.397,0.0,33.89,172.29,0.0,2.001,0.0,172.29,5.083800531130127,5.083089757241664
2026-08-13,33.89,0.0,0.397,0.0,33.89,172.3,0.0,2.001,0.0,172.3,5.084095603422839,5.083168707504492
2026-08-14,34.37,0.0,0.397,0.0,34.37,174.68,0.0,2.001,0.0,174.68,5.08233924934536,5.08310078552454
2026-08-17,34.74,0.0,0.397,0.0,34.74,176.62,0.0,2.001,0.0,176.62,5.08405296488198,5.083136767101972
2026-08-18,35.24,0.0,0.397,0.0,35.24,179.21,0.0,2.001,0.0,179.21,5.085414301929625,5.083230578021548
2026-08-19,35.22,0.0,0.397,0.0,35.22,179.06,0.0,2.001,0.0,179.06,5.084043157296991,5.0832749210153825
2026-08-20,35.35,0.0,0.397,0.0,35.35,179.72,0.0,2.001,0.0,179.72,5.084016973125884,5.083212086575214
2026-08-21,35.32,0.0,0.397,0.0,35.32,179.58,0.0,2.001,0.0,179.58,5.0843714609286526,5.08330679255216
2026-08-24,35.02,0.0,0.397,0.0,35.02,177.87,0.0,2.001,0.0,177.87,5.079097658480868,5.083215968249521
2026-08-25,34.47,0.0,0.397,0.0,34.47,175.13,0.0,2.001,0.0,175.13,5.080649840440963,5.083218983946702
2026-08-26,34.61,0.0,0.397,0.0,34.61,175.94,0.0,2.001,0.0,175.94,5.083501878069922,5.083176097554632
2026-08-27,34.59,0.0,0.397,0.0,34.59,175.74,0.0,2.001,0.0,175.74,5.080659150043365,5.083036019287922
2026-08-28,34.73,0.0,0.397,0.0,34.73,176.56,0.0,2.001,0.0,176.56,5.083789231212209,5.0831105035414215
2026-08-31,35.45,0.0,0.397,0.0,35.45,180.17,0.0,2.001,0.0,180.17,5.082369534555712,5.083061036659032
2026-09-01,35.95,0.0,0.397,0.0,35.95,182.67,0.0,2.001,0.0,182.67,5.081223922114047,5.082891463533966
2026-09-02,36.11,0.0,0.397,0.0,36.11,183.61,0.0,2.001,0.0,183.61,5.084741068955968,5.083007724279656
2026-09-03,35.85,0.0,0.397,0.0,35.85,182.16,0.0,2.001,0.0,182.16,5.081171548117155,5.083010574131334
2026-09-04,35.54,0.0,0.397,0.0,35.54,180.58,0.0,2.001,0.0,180.58,5.081035453010693,5.082962190287346
2026-09-08,35.87,0.0,0.397,0.0,35.87,182.24,0.0,2.001,0.0,182.24,5.080568720379148,5.082775379669533
2026-09-09,36.17,0.0,0.397,0.0,36.17,183.84,0.0,2.001,0.0,183.84,5.082665192148189,5.082680371979484
2026-09-10,36.0,0.0,0.397,0.0,36.0,182.95,0.0,2.001,0.0,182.95,5.081944444444444,5.0825875676452
2026-09-11,36.1,0.0,0.397,0.0,36.1,183.61,0.0,2.001,0.0,183.61,5.086149584487535,5.082690266698435
2026-09-14,35.7,0.0,0.397,0.0,35.7,181.57,0.0,2.001,0.0,181.57,5.085994397759103,5.082873024119122
2026-09-15,36.51,0.0,0.397,0.0,36.51,185.61,0.0,2.001,0.0,185.61,5.08381265406738,5.0828610085783925
2026-09-16,35.43,0.0,0.397,0.0,35.43,180.16,0.0,2.001,0.0,180.16,5.084956251764042,5.082838106070114
2026-09-17,35.63,0.0,0.397,0.0,35.63,181.01,0.0,2.001,0.0,181.01,5.080269435868649,5.082649419998696
2026-09-18,35.29,0.205,0.602,0.205,35.495,180.31,0.0,2.001,0.0,180.31,5.0798704042822935,5.0824420915565165
2026-09-21,34.46,0.0,0.602,0.205,34.665,176.11,0.0,2.001,0.0,176.11,5.080340400980817,5.082240538559125
2026-09-22,34.1,0.0,0.602,0.205,34.305,174.34,0.0,2.001,0.0,174.34,5.082058009036584,5.082388556086911
2026-09-23,34.4,0.0,0.602,0.0,34.4,174.75,1.0519,3.0529,0.0,174.75,5.079941860465117,5.082353157088119
2026-09-24,34.53,0.0,0.602,0.0,34.53,175.42,0.0,3.0529,0.0,175.42,5.0802200984651025,5.082189068107878
2026-09-25,34.21,0.0,0.602,0.0,34.21,173.71,0.0,3.0529,0.0,173.71,5.0777550423852675,5.082043862724973
2026-09-28,34.21,0.0,0.602,0.0,34.21,173.83,0.0,3.0529,0.0,173.83,5.081262788658288,5.081917540597276
2026-09-29,33.89,0.0,0.602,0.0,33.89,172.13,0.0,3.0529,0.0,172.13,5.0790793744467395,5.081753032591829
2026-09-30,33.9,0.0,0.602,0.0,33.9,172.16,0.0,3.0529,0.0,172.16,5.078466076696166,5.081615140320934
2026-10-01,34.56,0.0,0.602,0.0,34.56,175.58,0.0,3.0529,0.0,175.58,5.080439814814815,5.081400077613877
2026-10-02,34.64,0.0,0.602,0.0,34.64,175.93,0.0,3.0529,0.0,175.93,5.078810623556582,5.081282031385848
2026-10-05,34.66,0.0,0.602,0.0,34.66,176.24,0.0,3.0529,0.0,176.24,5.084824004616273,5.081471458966126
