date,VMBS,div_VMBS,div_cumsum_VMBS,div_adj_VMBS,VMBS*,MBB,div_MBB,div_cumsum_MBB,div_adj_MBB,MBB*,ratio*,ratio*_ma
2026-01-02,47.02,0.0,0.0,0.0,47.02,95.14,0.0,0.0,0.0,95.14,2.0233943002977455,
2026-01-05,47.12,0.0,0.0,0.0,47.12,95.35,0.0,0.0,0.0,95.35,2.0235568760611207,
2026-01-06,47.12,0.0,0.0,0.0,47.12,95.3,0.0,0.0,0.0,95.3,2.0224957555178267,
2026-01-07,47.13,0.0,0.0,0.0,47.13,95.33,0.0,0.0,0.0,95.33,2.022703161468279,
2026-01-08,47.06,0.0,0.0,0.0,47.06,95.23,0.0,0.0,0.0,95.23,2.023586910327242,
2026-01-09,47.32,0.0,0.0,0.0,47.32,95.8,0.0,0.0,0.0,95.8,2.0245139475908704,
2026-01-12,47.27,0.0,0.0,0.0,47.27,95.65,0.0,0.0,0.0,95.65,2.0234821239686904,
2026-01-13,47.26,0.0,0.0,0.0,47.26,95.69,0.0,0.0,0.0,95.69,2.0247566652560307,
2026-01-14,47.31,0.0,0.0,0.0,47.31,95.83,0.0,0.0,0.0,95.83,2.0255759881631787,
2026-01-15,47.24,0.0,0.0,0.0,47.24,95.66,0.0,0.0,0.0,95.66,2.02497883149873,
2026-01-16,47.18,0.0,0.0,0.0,47.18,95.57,0.0,0.0,0.0,95.57,2.025646460364561,
2026-01-20,47.02,0.0,0.0,0.0,47.02,95.16,0.0,0.0,0.0,95.16,2.02381965121225,
2026-01-21,47.17,0.0,0.0,0.0,47.17,95.45,0.0,0.0,0.0,95.45,2.0235319058723764,
2026-01-22,47.16,0.0,0.0,0.0,47.16,95.36,0.0,0.0,0.0,95.36,2.0220525869380834,
2026-01-23,47.18,0.0,0.0,0.0,47.18,95.55,0.0,0.0,0.0,95.55,2.0252225519287834,
2026-01-26,47.28,0.0,0.0,0.0,47.28,95.75,0.0,0.0,0.0,95.75,2.0251692047377325,
2026-01-27,47.27,0.0,0.0,0.0,47.27,95.74,0.0,0.0,0.0,95.74,2.0253860799661516,
2026-01-28,47.28,0.0,0.0,0.0,47.28,95.69,0.0,0.0,0.0,95.69,2.0239001692047376,
2026-01-29,47.29,0.0,0.0,0.0,47.29,95.79,0.0,0.0,0.0,95.79,2.0255868048213155,
2026-01-30,47.24,0.0,0.0,0.0,47.24,95.69,0.0,0.0,0.0,95.69,2.025613886536833,2.0242486930866272
2026-02-02,47.03,0.0,0.0,0.0,47.03,95.23,0.0,0.0,0.0,95.23,2.024877737614289,2.024322864952454
2026-02-03,47.03,0.0,0.0,0.0,47.03,95.25,0.0,0.0,0.0,95.25,2.0253029980863277,2.0244101710537143
2026-02-04,47.04,0.0,0.0,0.0,47.04,95.2,0.0,0.0,0.0,95.2,2.0238095238095237,2.0244758594682994
2026-02-05,47.2,0.0,0.0,0.0,47.2,95.49,0.0,0.0,0.0,95.49,2.023093220338983,2.0244953624118347
2026-02-06,47.22,0.0,0.0,0.0,47.22,95.53,0.0,0.0,0.0,95.53,2.0230834392206694,2.0244701888565055
2026-02-09,47.25,0.0,0.0,0.0,47.25,95.55,0.0,0.0,0.0,95.55,2.022222222222222,2.0243556025880736
2026-02-10,47.39,0.0,0.0,0.0,47.39,95.84,0.0,0.0,0.0,95.84,2.022367588098755,2.0242998757945765
2026-02-11,47.27,0.0,0.0,0.0,47.27,95.69,0.0,0.0,0.0,95.69,2.0243283266342287,2.0242784588634866
2026-02-12,47.56,0.0,0.0,0.0,47.56,96.14,0.0,0.0,0.0,96.14,2.0214465937762824,2.0240719891441414
2026-02-13,47.7,0.0,0.0,0.0,47.7,96.55,0.0,0.0,0.0,96.55,2.0241090146750524,2.024028498302958
2026-02-17,47.57,0.0,0.0,0.0,47.57,96.34,0.0,0.0,0.0,96.34,2.025225982762245,2.024007474422842
2026-02-18,47.54,0.0,0.0,0.0,47.54,96.26,0.0,0.0,0.0,96.26,2.0248212031973076,2.024057552022095
2026-02-19,47.56,0.0,0.0,0.0,47.56,96.3,0.0,0.0,0.0,96.3,2.0248107653490326,2.024121494995928
2026-02-20,47.6,0.0,0.0,0.0,47.6,96.35,0.0,0.0,0.0,96.35,2.024159663865546,2.024226848842301
2026-02-23,47.69,0.0,0.0,0.0,47.69,96.56,0.0,0.0,0.0,96.56,2.024743132732229,2.024202877882473
2026-02-24,47.7,0.0,0.0,0.0,47.7,96.55,0.0,0.0,0.0,96.55,2.0241090146750524,2.024149868379339
2026-02-25,47.64,0.0,0.0,0.0,47.64,96.52,0.0,0.0,0.0,96.52,2.0260285474391266,2.024181991752988
2026-02-26,47.77,0.0,0.0,0.0,47.77,96.75,0.0,0.0,0.0,96.75,2.025329704835671,2.0242534685345346
2026-02-27,47.86,0.0,0.0,0.0,47.86,96.91,0.0,0.0,0.0,96.91,2.0248641872127036,2.0242173376541044
2026-03-02,47.44,0.0,0.0,0.0,47.44,96.05,0.0,0.0,0.0,96.05,2.024662731871838,2.0241697799208542
2026-03-03,47.39,0.0,0.0,0.0,47.39,95.98,0.0,0.0,0.0,95.98,2.0253217978476474,2.024191982932522
2026-03-04,47.36,0.0,0.0,0.0,47.36,95.95,0.0,0.0,0.0,95.95,2.0259712837837838,2.024225397217395
2026-03-05,47.24,0.0,0.0,0.0,47.24,95.62,0.0,0.0,0.0,95.62,2.0241320914479255,2.024241525599315
2026-03-06,47.22,0.0,0.0,0.0,47.22,95.54,0.0,0.0,0.0,95.54,2.0232952138924185,2.024251625276987
2026-03-09,47.35,0.0,0.0,0.0,47.35,95.9,0.0,0.0,0.0,95.9,2.0253431890179514,2.0243646127668513
2026-03-10,47.27,0.0,0.0,0.0,47.27,95.66,0.0,0.0,0.0,95.66,2.023693674635075,2.0244381853874933
2026-03-11,47.04,0.0,0.0,0.0,47.04,95.16,0.0,0.0,0.0,95.16,2.0229591836734695,2.0244677651662295
2026-03-12,46.92,0.0,0.0,0.0,46.92,94.89,0.0,0.0,0.0,94.89,2.0223785166240407,2.0243702746657197
2026-03-13,46.94,0.0,0.0,0.0,46.94,94.9,0.0,0.0,0.0,94.9,2.0217298679164895,2.0243844383727305
2026-03-16,47.15,0.0,0.0,0.0,47.15,95.32,0.0,0.0,0.0,95.32,2.0216330858960765,2.0242606419337816
2026-03-17,47.19,0.0,0.0,0.0,47.19,95.51,0.0,0.0,0.0,95.51,2.023945751218479,2.024196630356593
2026-03-18,46.95,0.0,0.0,0.0,46.95,94.98,0.0,0.0,0.0,94.98,2.023003194888179,2.024105729941137
2026-03-19,46.98,0.0,0.0,0.0,46.98,95.09,0.0,0.0,0.0,95.09,2.0240527884206045,2.0240678310947153
2026-03-20,46.58,0.0,0.0,0.0,46.58,94.15,0.0,0.0,0.0,94.15,2.0212537569772437,2.0239225357503003
2026-03-23,46.77,0.0,0.0,0.0,46.77,94.54,0.0,0.0,0.0,94.54,2.021381227282446,2.0237544404778114
2026-03-24,46.61,0.0,0.0,0.0,46.61,94.23,0.0,0.0,0.0,94.23,2.0216691697060716,2.0236324482293617
2026-03-25,46.89,0.0,0.0,0.0,46.89,94.73,0.0,0.0,0.0,94.73,2.0202601834079763,2.0233440300278045
2026-03-26,46.5,0.0,0.0,0.0,46.5,94.04,0.0,0.0,0.0,94.04,2.0223655913978495,2.0231958243559136
2026-03-27,46.56,0.0,0.0,0.0,46.56,94.12,0.0,0.0,0.0,94.12,2.0214776632302405,2.0230264981567903
2026-03-30,46.85,0.0,0.0,0.0,46.85,94.72,0.0,0.0,0.0,94.72,2.0217716115261473,2.022881942139506
2026-03-31,46.95,0.0,0.0,0.0,46.95,94.95,0.0,0.0,0.0,94.95,2.022364217252396,2.0227340631097435
2026-04-01,46.83,0.0,0.0,0.0,46.83,94.67,0.0,0.0,0.0,94.67,2.0215673713431563,2.022513867487712
2026-04-02,46.93,0.0,0.0,0.0,46.93,94.86,0.0,0.0,0.0,94.86,2.021308331557639,2.0223726794931975
2026-04-06,46.8,0.0,0.0,0.0,46.8,94.66,0.0,0.0,0.0,94.66,2.0226495726495726,2.022340397431055
2026-04-07,46.87,0.0,0.0,0.0,46.87,94.86,0.0,0.0,0.0,94.86,2.0238958822274378,2.02226803209153
2026-04-08,47.05,0.0,0.0,0.0,47.05,95.06,0.0,0.0,0.0,95.06,2.020403825717322,2.022103539645642
2026-04-09,47.02,0.0,0.0,0.0,47.02,95.16,0.0,0.0,0.0,95.16,2.02381965121225,2.022146563022581
2026-04-10,46.99,0.0,0.0,0.0,46.99,94.97,0.0,0.0,0.0,94.97,2.021068312406895,2.0220810528117235
2026-04-13,47.07,0.0,0.0,0.0,47.07,95.2,0.0,0.0,0.0,95.2,2.022519651582749,2.0221205419950365
2026-04-14,47.22,0.0,0.0,0.0,47.22,95.46,0.0,0.0,0.0,95.46,2.0216010165184244,2.022118938526154
2026-04-15,47.12,0.0,0.0,0.0,47.12,95.27,0.0,0.0,0.0,95.27,2.021859083191851,2.0220146051248227
2026-04-16,47.09,0.0,0.0,0.0,47.09,95.25,0.0,0.0,0.0,95.25,2.0227224463792735,2.022000567699377
2026-04-17,47.26,0.0,0.0,0.0,47.26,95.55,0.0,0.0,0.0,95.55,2.0217943292424883,2.0218876447404712
2026-04-20,47.21,0.0,0.0,0.0,47.21,95.46,0.0,0.0,0.0,95.46,2.022029231095107,2.021926418446365
2026-04-21,46.99,0.0,0.0,0.0,46.99,95.07,0.0,0.0,0.0,95.07,2.0231964247712275,2.0220171783208034
2026-04-22,47.07,0.0,0.0,0.0,47.07,95.29,0.0,0.0,0.0,95.29,2.0244316974718504,2.0221553047090928
2026-04-23,46.99,0.0,0.0,0.0,46.99,95.08,0.0,0.0,0.0,95.08,2.023409236007661,2.022312757339077
2026-04-24,47.12,0.0,0.0,0.0,47.12,95.23,0.0,0.0,0.0,95.23,2.021010186757216,2.022244987107045
2026-04-27,47.02,0.0,0.0,0.0,47.02,95.06,0.0,0.0,0.0,95.06,2.0216928966397276,2.0222557487775195
2026-04-28,47.0,0.0,0.0,0.0,47.0,95.08,0.0,0.0,0.0,95.08,2.0229787234042553,2.022316104371425
2026-04-29,46.81,0.0,0.0,0.0,46.81,94.61,0.0,0.0,0.0,94.61,2.021149327066866,2.0222553598621484
2026-04-30,46.91,0.0,0.0,0.0,46.91,94.78,0.0,0.0,0.0,94.78,2.0204647196759753,2.0222002272787893
2026-05-01,46.79,0.0,0.0,0.0,46.79,94.5,0.0,0.0,0.0,94.5,2.0196623210087625,2.0221179267513456
2026-05-04,46.59,0.0,0.0,0.0,46.59,94.15,0.0,0.0,0.0,94.15,2.0208199184374327,2.0220264440407387
2026-05-05,46.68,0.0,0.0,0.0,46.68,94.31,0.0,0.0,0.0,94.31,2.0203513281919454,2.0218492163389636
2026-05-06,46.92,0.0,0.0,0.0,46.92,94.8,0.0,0.0,0.0,94.8,2.020460358056266,2.0218520429559113
2026-05-07,46.76,0.0,0.0,0.0,46.76,94.58,0.0,0.0,0.0,94.58,2.0226689478186484,2.021794507786231
2026-05-08,46.95,0.0,0.0,0.0,46.95,94.91,0.0,0.0,0.0,94.91,2.0215122470713522,2.021816704519454
2026-05-11,46.82,0.0,0.0,0.0,46.82,94.67,0.0,0.0,0.0,94.67,2.021999145664246,2.021790679223529
2026-05-12,46.64,0.0,0.0,0.0,46.64,94.22,0.0,0.0,0.0,94.22,2.0201543739279586,2.021718347094006
2026-05-13,46.69,0.0,0.0,0.0,46.69,94.35,0.0,0.0,0.0,94.35,2.020775326622403,2.0216641592655327
2026-05-14,46.68,0.0,0.0,0.0,46.68,94.27,0.0,0.0,0.0,94.27,2.0194944301628106,2.02150275845471
2026-05-15,46.34,0.0,0.0,0.0,46.34,93.57,0.0,0.0,0.0,93.57,2.0192058696590416,2.0213733354755377
2026-05-18,46.32,0.0,0.0,0.0,46.32,93.49,0.0,0.0,0.0,93.49,2.0183506044905006,2.0211894041453076
2026-05-19,46.1,0.0,0.0,0.0,46.1,93.08,0.0,0.0,0.0,93.08,2.0190889370932754,2.02098402976141
2026-05-20,46.47,0.0,0.0,0.0,46.47,93.76,0.0,0.0,0.0,93.76,2.0176457929847214,2.0206447345370533
2026-05-21,46.5,0.0,0.0,0.0,46.5,93.9,0.0,0.0,0.0,93.9,2.0193548387096776,2.0204420146721542
2026-05-22,46.57,0.0,0.0,0.0,46.57,94.08,0.0,0.0,0.0,94.08,2.020184668241357,2.0204007387463614
2026-05-26,46.73,0.0,0.0,0.0,46.73,94.33,0.0,0.0,0.0,94.33,2.018617590413011,2.0202469734350252
2026-05-27,46.72,0.0,0.0,0.0,46.72,94.38,0.0,0.0,0.0,94.38,2.0201198630136985,2.020104030415497
2026-05-28,46.84,0.0,0.0,0.0,46.84,94.71,0.0,0.0,0.0,94.71,2.02198975234842,2.0201460516795753
2026-05-29,46.91,0.0,0.0,0.0,46.91,94.79,0.0,0.0,0.0,94.79,2.020677893839267,2.02015671038774
2026-06-01,46.72,0.0,0.0,0.0,46.72,94.32,0.0,0.0,0.0,94.32,2.018835616438356,2.0201153751592194
2026-06-02,46.65,0.0,0.0,0.0,46.65,94.33,0.0,0.0,0.0,94.33,2.0220793140407287,2.020178344939384
2026-06-03,46.58,0.0,0.0,0.0,46.58,94.11,0.0,0.0,0.0,94.11,2.0203950193215974,2.020180529495867
2026-06-04,46.6,0.0,0.0,0.0,46.6,94.21,0.0,0.0,0.0,94.21,2.0216738197424893,2.020241202580178
2026-06-05,46.38,0.0,0.0,0.0,46.38,93.74,0.0,0.0,0.0,93.74,2.0211297973264335,2.0201642450555672
2026-06-08,46.4,0.0,0.0,0.0,46.4,93.7,0.0,0.0,0.0,93.7,2.019396551724138,2.0200584602882063
2026-06-09,46.51,0.0,0.0,0.0,46.51,93.89,0.0,0.0,0.0,93.89,2.0187056546979147,2.0198937857398898
2026-06-10,46.5,0.0,0.0,0.0,46.5,93.91,0.0,0.0,0.0,93.91,2.0195698924731182,2.0198645616671476
2026-06-11,46.77,0.0,0.0,0.0,46.77,94.52,0.0,0.0,0.0,94.52,2.020953602736797,2.0198734754728678
2026-06-12,46.68,0.0,0.0,0.0,46.68,94.38,0.0,0.0,0.0,94.38,2.0218508997429305,2.0199912989518736
2026-06-15,46.77,0.0,0.0,0.0,46.77,94.52,0.0,0.0,0.0,94.52,2.020953602736797,2.0200786856057613
2026-06-16,46.85,0.0,0.0,0.0,46.85,94.7,0.0,0.0,0.0,94.7,2.0213447171824974,2.0202283912403614
2026-06-17,46.61,0.0,0.0,0.0,46.61,94.19,0.0,0.0,0.0,94.19,2.020810984767217,2.020314493624058
2026-06-18,46.74,0.0,0.0,0.0,46.74,94.48,0.0,0.0,0.0,94.48,2.0213949507916134,2.020501951514403
2026-06-22,46.66,0.0,0.0,0.0,46.66,94.25,0.0,0.0,0.0,94.25,2.0199314187741106,2.0205307805176247
2026-06-23,46.7,0.0,0.0,0.0,46.7,94.34,0.0,0.0,0.0,94.34,2.0201284796573877,2.020527971088426
2026-06-24,46.92,0.0,0.0,0.0,46.92,94.75,0.0,0.0,0.0,94.75,2.019394714407502,2.0205668272881505
2026-06-25,46.96,0.0,0.0,0.0,46.96,94.92,0.0,0.0,0.0,94.92,2.0212947189097106,2.0206255700829514
2026-06-26,46.98,0.0,0.0,0.0,46.98,94.93,0.0,0.0,0.0,94.93,2.020647083865475,2.0205584366588036
2026-06-29,47.01,0.0,0.0,0.0,47.01,94.97,0.0,0.0,0.0,94.97,2.0202084662837696,2.020534965281029
2026-06-30,46.81,0.0,0.0,0.0,46.81,94.52,0.0,0.0,0.0,94.52,2.019226660969878,2.0205545175076054
2026-07-01,46.57,0.0,0.0,0.0,46.57,94.02,0.0,0.0,0.0,94.02,2.0188962851621213,2.020395366063675
2026-07-02,46.61,0.0,0.0,0.0,46.61,94.13,0.0,0.0,0.0,94.13,2.019523707358936,2.0203518004655416
2026-07-06,46.62,0.0,0.0,0.0,46.62,94.28,0.0,0.0,0.0,94.28,2.0223080223080223,2.020383510593818
2026-07-07,46.46,0.0,0.0,0.0,46.46,93.84,0.0,0.0,0.0,93.84,2.01980198019802,2.020317119737398
2026-07-08,46.37,0.0,0.0,0.0,46.37,93.69,0.0,0.0,0.0,93.69,2.0204873840845377,2.020371661355418
2026-07-09,46.47,0.0,0.0,0.0,46.47,93.82,0.0,0.0,0.0,93.82,2.018936948568969,2.0203832260489705
2026-07-10,46.44,0.0,0.0,0.0,46.44,93.72,0.0,0.0,0.0,93.72,2.0180878552971575,2.020309124190173
2026-07-13,46.24,0.0,0.0,0.0,46.24,93.26,0.0,0.0,0.0,93.26,2.016868512110727,2.020104869658869
2026-07-14,46.46,0.0,0.0,0.0,46.46,93.67,0.0,0.0,0.0,93.67,2.01614291863969,2.0198194706037067
2026-07-15,46.5,0.0,0.0,0.0,46.5,93.83,0.0,0.0,0.0,93.83,2.017849462365591,2.0196642635851463
2026-07-16,46.45,0.0,0.0,0.0,46.45,93.76,0.0,0.0,0.0,93.76,2.0185145317545747,2.0195227543137504
2026-07-17,46.5,0.0,0.0,0.0,46.5,93.78,0.0,0.0,0.0,93.78,2.016774193548387,2.019320914752809
2026-07-20,46.39,0.0,0.0,0.0,46.39,93.57,0.0,0.0,0.0,93.57,2.017029532226773,2.0191026438245667
2026-07-21,46.28,0.0,0.0,0.0,46.28,93.41,0.0,0.0,0.0,93.41,2.0183664649956783,2.019024396135645
2026-07-22,46.14,0.0,0.0,0.0,46.14,93.15,0.0,0.0,0.0,93.15,2.018855656697009,2.0189607549876265
2026-07-23,46.07,0.0,0.0,0.0,46.07,92.88,0.0,0.0,0.0,92.88,2.016062513566312,2.0187941449455673
2026-07-24,46.19,0.0,0.0,0.0,46.19,93.11,0.0,0.0,0.0,93.11,2.0158042866421306,2.018519623332188
2026-07-27,46.28,0.0,0.0,0.0,46.28,93.37,0.0,0.0,0.0,93.37,2.017502160760588,2.0183623771769437
2026-07-28,46.37,0.0,0.0,0.0,46.37,93.67,0.0,0.0,0.0,93.67,2.0200560707353894,2.018354757399525
2026-07-29,46.19,0.0,0.0,0.0,46.19,93.23,0.0,0.0,0.0,93.23,2.018402251569604,2.0183135369295107
2026-07-30,46.25,0.0,0.0,0.0,46.25,93.29,0.0,0.0,0.0,93.29,2.017081081081081,2.018222776725459
2026-07-31,46.06,0.0,0.0,0.0,46.06,92.92,0.0,0.0,0.0,92.92,2.0173686495874943,2.0181150238368866
2026-08-03,46.02,0.0,0.0,0.0,46.02,92.72,0.0,0.0,0.0,92.72,2.0147761842677094,2.017738431934871
2026-08-04,46.25,0.0,0.0,0.0,46.25,93.3,0.0,0.0,0.0,93.3,2.017297297297297,2.0176131977898346
2026-08-05,46.21,0.0,0.0,0.0,46.21,93.34,0.0,0.0,0.0,93.34,2.019909110582125,2.0175842841147142
2026-08-06,46.1,0.0,0.0,0.0,46.1,93.01,0.0,0.0,0.0,93.01,2.0175704989154015,2.017515961632036
2026-08-07,46.24,0.0,0.0,0.0,46.24,93.27,0.0,0.0,0.0,93.27,2.017084775086505,2.017465807621503
2026-08-10,46.03,0.0,0.0,0.0,46.03,92.92,0.0,0.0,0.0,92.92,2.018683467303932,2.017556555381163
2026-08-11,46.12,0.0,0.0,0.0,46.12,93.03,0.0,0.0,0.0,93.03,2.0171292281006075,2.0176058708542093
2026-08-12,46.18,0.0,0.0,0.0,46.18,93.19,0.0,0.0,0.0,93.19,2.0179731485491557,2.017612055163388
2026-08-13,46.32,0.0,0.0,0.0,46.32,93.49,0.0,0.0,0.0,93.49,2.0183506044905006,2.017603858800184
2026-08-14,46.17,0.0,0.0,0.0,46.17,93.2,0.0,0.0,0.0,93.2,2.0186268139484516,2.0176964898201875
2026-08-17,46.11,0.0,0.0,0.0,46.11,93.05,0.0,0.0,0.0,93.05,2.0180004337453914,2.0177450348961186
2026-08-18,46.17,0.0,0.0,0.0,46.17,93.08,0.0,0.0,0.0,93.08,2.0160277236300628,2.0176280978278376
2026-08-19,46.4,0.0,0.0,0.0,46.4,93.57,0.0,0.0,0.0,93.57,2.0165948275862067,2.0175150563722974
2026-08-20,46.24,0.0,0.0,0.0,46.24,93.3,0.0,0.0,0.0,93.3,2.0177335640138407,2.017598608894674
2026-08-21,46.15,0.0,0.0,0.0,46.15,93.12,0.0,0.0,0.0,93.12,2.0177681473456124,2.017696801929848
2026-08-24,46.25,0.0,0.0,0.0,46.25,93.31,0.0,0.0,0.0,93.31,2.0175135135135136,2.017697369567494
2026-08-25,46.45,0.0,0.0,0.0,46.45,93.77,0.0,0.0,0.0,93.77,2.018729817007535,2.0176310568811013
2026-08-26,46.32,0.0,0.0,0.0,46.32,93.58,0.0,0.0,0.0,93.58,2.020293609671848,2.0177256247862134
2026-08-27,46.37,0.0,0.0,0.0,46.37,93.52,0.0,0.0,0.0,93.52,2.016821220616778,2.0177126317629983
2026-08-28,46.18,0.0,0.0,0.0,46.18,93.17,0.0,0.0,0.0,93.17,2.0175400606323084,2.017721202315239
2026-08-31,46.13,0.0,0.0,0.0,46.13,93.1,0.0,0.0,0.0,93.1,2.0182094081942337,2.017892863511565
2026-09-01,45.82,0.0,0.0,0.0,45.82,92.41,0.0,0.0,0.0,92.41,2.016804888694893,2.017868243081445
2026-09-02,45.81,0.0,0.0,0.0,45.81,92.51,0.0,0.0,0.0,92.51,2.019428072473259,2.017844191176002
2026-09-03,45.93,0.0,0.0,0.0,45.93,92.66,0.0,0.0,0.0,92.66,2.017417809710429,2.017836556715753
2026-09-04,45.92,0.0,0.0,0.0,45.92,92.72,0.0,0.0,0.0,92.72,2.019163763066202,2.017940506114738
2026-09-08,45.82,0.0,0.0,0.0,45.82,92.53,0.0,0.0,0.0,92.53,2.0194238323876035,2.0179775243689217
2026-09-09,45.71,0.0,0.0,0.0,45.71,92.22,0.0,0.0,0.0,92.22,2.017501640778823,2.0179961450028325
2026-09-10,45.38,0.0,0.0,0.0,45.38,91.48,0.0,0.0,0.0,91.48,2.015866020273248,2.0178907885890367
2026-09-11,45.32,0.0,0.0,0.0,45.32,91.38,0.0,0.0,0.0,91.38,2.0163283318623124,2.0177896749576276
2026-09-14,45.27,0.0,0.0,0.0,45.27,91.22,0.0,0.0,0.0,91.22,2.0150209851999117,2.0176093835202007
2026-09-15,45.27,0.0,0.0,0.0,45.27,91.24,0.0,0.0,0.0,91.24,2.0154627788822617,2.017482500777044
2026-09-16,45.23,0.0,0.0,0.0,45.23,91.23,0.0,0.0,0.0,91.23,2.0170240990493036,2.017532319548006
2026-09-17,45.5,0.0,0.0,0.0,45.5,91.81,0.0,0.0,0.0,91.81,2.017802197802198,2.0175926880588055
2026-09-18,45.25,0.0,0.0,0.0,45.25,91.29,0.0,0.0,0.0,91.29,2.0174585635359117,2.017578938034909
2026-09-21,45.39,0.0,0.0,0.0,45.39,91.59,0.0,0.0,0.0,91.59,2.0178453403833445,2.0175827976867957
2026-09-22,45.37,0.0,0.0,0.0,45.37,91.45,0.0,0.0,0.0,91.45,2.015649107339652,2.017489577378103
2026-09-23,44.9,0.0,0.0,0.0,44.9,90.53,0.0,0.0,0.0,90.53,2.0162583518930957,2.0173660041223807
2026-09-24,44.63,0.0,0.0,0.0,44.63,89.86,0.0,0.0,0.0,89.86,2.013443871835088,2.017023517230543
2026-09-25,44.82,0.0,0.0,0.0,44.82,90.34,0.0,0.0,0.0,90.34,2.0156180276662203,2.016963357583015
2026-09-28,44.53,0.0,0.0,0.0,44.53,89.66,0.0,0.0,0.0,89.66,2.0134740624298226,2.0167600576728906
2026-09-29,44.45,0.0,0.0,0.0,44.45,89.52,0.0,0.0,0.0,89.52,2.013948256467941,2.016547000086576
2026-09-30,44.41,0.0,0.0,0.0,44.41,89.62,0.0,0.0,0.0,89.62,2.0180139608196357,2.016607453692813
2026-10-01,44.38,0.0,0.0,0.0,44.38,89.55,0.0,0.0,0.0,89.55,2.017800811176205,2.0165260906279605
2026-10-02,44.24,0.0,0.0,0.0,44.24,89.22,0.0,0.0,0.0,89.22,2.0167269439421336,2.0164915473395455
2026-10-05,44.19,0.0,0.0,0.0,44.19,89.09,0.0,0.0,0.0,89.09,2.0160669834804255,2.016336708360257
